user_id,acquisition_channel,signup_date,first_transaction_date,churned,retained,tx_frequency_30d,tx_frequency_60,tx_frequency_90,cac_usd,ltv_90_usd
1,Referrals,2025-04-03,2025-04-11,False,True,7,9,12,4,1118.43
2,Paid Ads,2025-04-14,,False,True,0,0,0,12,0.0
3,Social Media,2025-06-07,2025-06-19,False,True,4,6,12,8,233.55
4,Paid Ads,2025-01-15,,True,False,0,0,0,12,0.0
5,Paid Ads,2025-02-24,,True,False,0,0,0,12,0.0
6,Referrals,2025-01-18,,True,False,0,0,0,4,0.0
7,Social Media,2025-01-09,2025-01-11,True,False,3,4,4,8,151.59
8,Paid Ads,2025-03-22,2025-03-30,True,False,2,3,3,12,106.44
9,Paid Ads,2025-01-04,2025-01-06,True,False,2,3,3,12,140.9
10,Social Media,2025-02-09,,True,False,0,0,0,8,0.0
11,Referrals,2025-01-24,2025-02-05,False,True,5,6,11,4,1166.66
12,Organic Search,2025-02-02,2025-02-12,False,True,1,5,12,6,989.14
13,Social Media,2025-01-12,,False,True,0,0,0,8,0.0
14,Organic Search,2025-04-14,2025-04-17,False,True,5,12,18,6,958.56
15,Social Media,2025-01-05,,True,False,0,0,0,8,0.0
16,Referrals,2025-02-11,2025-02-14,False,True,7,8,12,4,930.15
17,Referrals,2025-05-12,,False,True,0,0,0,4,0.0
18,Paid Ads,2025-06-09,,True,False,0,0,0,12,0.0
19,Social Media,2025-06-19,,True,False,0,0,0,8,0.0
20,Paid Ads,2025-01-30,,False,True,0,0,0,12,0.0
21,Paid Ads,2025-05-09,2025-05-23,False,True,5,6,9,12,405.41
22,Referrals,2025-06-14,2025-06-24,False,True,7,10,16,4,1448.69
23,Paid Ads,2025-06-29,2025-06-30,False,True,4,10,17,12,471.43
24,Paid Ads,2025-03-22,2025-03-24,True,False,2,2,2,12,89.52
25,Paid Ads,2025-05-09,2025-05-11,True,False,2,3,3,12,193.29
26,Paid Ads,2025-05-03,2025-05-09,True,False,2,3,3,12,168.26
27,Referrals,2025-05-24,,False,True,0,0,0,4,0.0
28,Paid Ads,2025-05-27,2025-06-03,False,True,1,8,10,12,528.62
29,Social Media,2025-01-11,,False,True,0,0,0,8,0.0
30,Social Media,2025-03-01,2025-03-02,False,True,4,9,14,8,401.04
31,Social Media,2025-01-09,2025-01-12,True,False,3,4,4,8,159.61
32,Organic Search,2025-03-16,,True,False,0,0,0,6,0.0
33,Organic Search,2025-04-22,2025-04-25,True,False,2,3,3,6,203.99
34,Referrals,2025-06-18,2025-06-22,False,True,5,9,16,4,931.89
35,Organic Search,2025-05-08,2025-05-20,False,True,6,13,19,6,1563.73
36,Organic Search,2025-01-21,2025-02-02,True,False,1,1,1,6,66.65
37,Paid Ads,2025-02-17,2025-02-20,True,False,1,2,2,12,85.98
38,Paid Ads,2025-01-24,2025-02-07,True,False,3,4,4,12,205.7
39,Social Media,2025-06-09,,True,False,0,0,0,8,0.0
40,Social Media,2025-02-27,,False,True,0,0,0,8,0.0
41,Paid Ads,2025-06-24,,False,True,0,0,0,12,0.0
42,Organic Search,2025-06-10,2025-06-16,False,True,5,7,14,6,990.07
43,Referrals,2025-02-19,,True,False,0,0,0,4,0.0
44,Organic Search,2025-03-06,2025-03-20,True,False,3,3,3,6,371.81
45,Paid Ads,2025-04-08,2025-04-15,True,False,3,3,3,12,139.05
46,Paid Ads,2025-06-19,,True,False,0,0,0,12,0.0
47,Paid Ads,2025-01-08,,False,True,0,0,0,12,0.0
48,Paid Ads,2025-04-26,,True,False,0,0,0,12,0.0
49,Paid Ads,2025-05-24,,True,False,0,0,0,12,0.0
50,Paid Ads,2025-04-02,,False,True,0,0,0,12,0.0
51,Paid Ads,2025-03-03,,True,False,0,0,0,12,0.0
52,Paid Ads,2025-02-03,2025-02-09,True,False,1,1,1,12,41.99
53,Organic Search,2025-03-10,2025-03-17,False,True,2,5,10,6,652.49
54,Paid Ads,2025-02-16,2025-03-02,True,False,1,2,2,12,75.33
55,Paid Ads,2025-06-25,,False,True,0,0,0,12,0.0
56,Paid Ads,2025-03-10,,False,True,0,0,0,12,0.0
57,Paid Ads,2025-05-27,,True,False,0,0,0,12,0.0
58,Paid Ads,2025-01-02,2025-01-13,True,False,2,2,2,12,98.32
59,Organic Search,2025-06-10,,True,False,0,0,0,6,0.0
60,Organic Search,2025-02-12,2025-02-25,False,True,6,8,13,6,991.33
61,Paid Ads,2025-02-04,2025-02-14,False,True,2,4,6,12,203.14
62,Referrals,2025-02-27,2025-03-12,True,False,1,1,1,4,79.33
63,Social Media,2025-06-13,2025-06-22,True,False,3,3,3,8,99.97
64,Paid Ads,2025-04-06,2025-04-20,True,False,1,1,1,12,48.45
65,Organic Search,2025-04-09,2025-04-10,False,True,4,5,11,6,679.19
66,Paid Ads,2025-05-27,2025-06-03,True,False,3,4,4,12,169.26
67,Referrals,2025-04-21,2025-04-26,False,True,1,5,8,4,707.93
68,Social Media,2025-06-16,,False,True,0,0,0,8,0.0
69,Organic Search,2025-03-16,2025-03-28,True,False,2,3,3,6,212.33
70,Referrals,2025-06-17,2025-06-19,True,False,2,2,2,4,192.29
71,Referrals,2025-06-15,,False,True,0,0,0,4,0.0
72,Social Media,2025-02-14,,True,False,0,0,0,8,0.0
73,Paid Ads,2025-04-18,,True,False,0,0,0,12,0.0
74,Referrals,2025-02-27,2025-03-07,False,True,1,8,9,4,854.22
75,Organic Search,2025-04-02,,False,True,0,0,0,6,0.0
76,Paid Ads,2025-05-14,,True,False,0,0,0,12,0.0
77,Referrals,2025-02-16,,False,True,0,0,0,4,0.0
78,Referrals,2025-02-18,2025-02-19,False,True,6,9,16,4,1536.52
79,Paid Ads,2025-01-12,,False,True,0,0,0,12,0.0
80,Paid Ads,2025-05-02,2025-05-12,True,False,2,3,3,12,128.66
81,Paid Ads,2025-02-10,2025-02-21,True,False,1,1,1,12,53.55
82,Organic Search,2025-06-06,2025-06-09,True,False,2,2,2,6,123.85
83,Organic Search,2025-02-16,,False,True,0,0,0,6,0.0
84,Paid Ads,2025-02-02,,True,False,0,0,0,12,0.0
85,Social Media,2025-01-11,,True,False,0,0,0,8,0.0
86,Referrals,2025-05-09,2025-05-16,True,False,1,1,1,4,118.52
87,Social Media,2025-04-12,,True,False,0,0,0,8,0.0
88,Referrals,2025-03-26,2025-04-09,False,True,5,10,14,4,1546.22
89,Paid Ads,2025-04-23,,False,True,0,0,0,12,0.0
90,Social Media,2025-02-19,,True,False,0,0,0,8,0.0
91,Referrals,2025-02-26,2025-03-05,True,False,1,2,2,4,153.33
92,Paid Ads,2025-02-07,,True,False,0,0,0,12,0.0
93,Referrals,2025-06-28,,False,True,0,0,0,4,0.0
94,Referrals,2025-04-16,,True,False,0,0,0,4,0.0
95,Paid Ads,2025-05-25,,False,True,0,0,0,12,0.0
96,Referrals,2025-05-06,2025-05-17,False,True,1,8,15,4,1415.68
97,Referrals,2025-04-28,2025-05-02,False,True,1,4,7,4,727.21
98,Organic Search,2025-02-20,2025-02-25,False,True,2,7,13,6,912.74
99,Paid Ads,2025-01-01,,True,False,0,0,0,12,0.0
100,Paid Ads,2025-02-16,,False,True,0,0,0,12,0.0
101,Social Media,2025-03-04,,False,True,0,0,0,8,0.0
102,Referrals,2025-02-25,2025-03-07,True,False,2,3,3,4,287.03
103,Organic Search,2025-06-03,2025-06-11,False,True,3,10,17,6,1922.77
104,Paid Ads,2025-02-07,,False,True,0,0,0,12,0.0
105,Paid Ads,2025-01-28,2025-02-06,True,False,2,3,3,12,92.87
106,Paid Ads,2025-01-25,,True,False,0,0,0,12,0.0
107,Referrals,2025-04-21,2025-04-27,False,True,1,5,8,4,528.49
108,Social Media,2025-03-05,,True,False,0,0,0,8,0.0
109,Social Media,2025-05-01,2025-05-07,False,True,6,13,17,8,749.03
110,Paid Ads,2025-04-28,2025-05-06,True,False,2,2,2,12,92.61
111,Organic Search,2025-05-16,2025-05-29,True,False,2,3,3,6,177.94
112,Referrals,2025-04-23,2025-04-24,False,True,6,11,17,4,1032.02
113,Paid Ads,2025-04-10,2025-04-13,False,True,2,4,9,12,486.51
114,Paid Ads,2025-04-11,2025-04-20,True,False,2,2,2,12,79.62
115,Organic Search,2025-04-05,,True,False,0,0,0,6,0.0
116,Paid Ads,2025-02-04,,True,False,0,0,0,12,0.0
117,Paid Ads,2025-04-03,2025-04-12,True,False,2,2,2,12,97.1
118,Organic Search,2025-06-03,,False,True,0,0,0,6,0.0
119,Referrals,2025-05-26,,False,True,0,0,0,4,0.0
120,Paid Ads,2025-01-23,,True,False,0,0,0,12,0.0
121,Referrals,2025-02-22,,False,True,0,0,0,4,0.0
122,Paid Ads,2025-01-15,,True,False,0,0,0,12,0.0
123,Organic Search,2025-06-04,,False,True,0,0,0,6,0.0
124,Organic Search,2025-03-27,,False,True,0,0,0,6,0.0
125,Organic Search,2025-04-28,,False,True,0,0,0,6,0.0
126,Paid Ads,2025-02-16,,True,False,0,0,0,12,0.0
127,Paid Ads,2025-04-25,,True,False,0,0,0,12,0.0
128,Paid Ads,2025-03-15,2025-03-21,True,False,3,4,4,12,135.19
129,Social Media,2025-05-20,,False,True,0,0,0,8,0.0
130,Organic Search,2025-06-20,,False,True,0,0,0,6,0.0
131,Organic Search,2025-04-30,2025-05-10,True,False,3,4,4,6,244.86
132,Paid Ads,2025-02-26,2025-03-04,True,False,3,3,3,12,121.62
133,Referrals,2025-02-22,2025-02-26,True,False,2,2,2,4,182.02
134,Social Media,2025-02-07,,True,False,0,0,0,8,0.0
135,Organic Search,2025-01-17,2025-01-28,False,True,3,9,10,6,322.44
136,Social Media,2025-06-26,,False,True,0,0,0,8,0.0
137,Paid Ads,2025-04-24,,False,True,0,0,0,12,0.0
138,Social Media,2025-02-18,2025-03-03,True,False,3,3,3,8,110.25
139,Organic Search,2025-03-03,2025-03-16,True,False,1,2,2,6,148.49
140,Paid Ads,2025-04-25,,True,False,0,0,0,12,0.0
141,Referrals,2025-04-24,2025-04-27,False,True,1,6,13,4,1197.98
142,Paid Ads,2025-04-20,,True,False,0,0,0,12,0.0
143,Social Media,2025-02-01,,True,False,0,0,0,8,0.0
144,Paid Ads,2025-02-23,2025-02-28,False,True,1,5,12,12,418.06
145,Organic Search,2025-02-04,2025-02-18,True,False,2,2,2,6,132.28
146,Paid Ads,2025-01-07,,True,False,0,0,0,12,0.0
147,Social Media,2025-04-22,2025-04-26,True,False,2,3,3,8,119.18
148,Paid Ads,2025-05-10,2025-05-17,False,True,5,10,16,12,827.71
149,Organic Search,2025-05-17,2025-05-29,False,True,2,8,12,6,1003.27
150,Organic Search,2025-04-24,2025-05-08,True,False,2,2,2,6,139.13
151,Referrals,2025-01-22,,True,False,0,0,0,4,0.0
152,Paid Ads,2025-03-16,,True,False,0,0,0,12,0.0
153,Social Media,2025-02-10,2025-02-11,True,False,2,3,3,8,101.2
154,Paid Ads,2025-01-27,,True,False,0,0,0,12,0.0
155,Referrals,2025-01-12,2025-01-17,False,True,5,6,8,4,973.39
156,Referrals,2025-05-10,2025-05-21,False,True,5,9,12,4,1027.02
157,Paid Ads,2025-05-29,,True,False,0,0,0,12,0.0
158,Organic Search,2025-02-23,2025-03-03,True,False,1,2,2,6,152.1
159,Paid Ads,2025-02-05,,False,True,0,0,0,12,0.0
160,Social Media,2025-06-03,,True,False,0,0,0,8,0.0
161,Referrals,2025-05-09,2025-05-20,False,True,1,8,11,4,1149.45
162,Organic Search,2025-04-12,2025-04-15,False,True,3,6,7,6,542.19
163,Paid Ads,2025-03-15,,True,False,0,0,0,12,0.0
164,Organic Search,2025-04-28,,True,False,0,0,0,6,0.0
165,Social Media,2025-01-12,2025-01-22,False,True,2,9,11,8,313.42
166,Paid Ads,2025-03-20,,False,True,0,0,0,12,0.0
167,Social Media,2025-02-28,,True,False,0,0,0,8,0.0
168,Paid Ads,2025-04-13,2025-04-21,False,True,4,9,11,12,497.95
169,Social Media,2025-06-20,,True,False,0,0,0,8,0.0
170,Referrals,2025-04-03,2025-04-16,False,True,5,7,11,4,953.1
171,Paid Ads,2025-02-24,,True,False,0,0,0,12,0.0
172,Paid Ads,2025-02-15,2025-03-01,False,True,6,11,15,12,651.79
173,Organic Search,2025-05-01,,False,True,0,0,0,6,0.0
174,Paid Ads,2025-01-03,,False,True,0,0,0,12,0.0
175,Social Media,2025-05-26,2025-06-04,False,True,5,11,18,8,419.47
176,Organic Search,2025-05-20,,True,False,0,0,0,6,0.0
177,Paid Ads,2025-05-04,,True,False,0,0,0,12,0.0
178,Organic Search,2025-06-02,,False,True,0,0,0,6,0.0
179,Referrals,2025-04-03,2025-04-08,True,False,2,3,3,4,277.69
180,Paid Ads,2025-01-03,,True,False,0,0,0,12,0.0
181,Organic Search,2025-06-26,2025-06-30,True,False,1,1,1,6,89.89
182,Organic Search,2025-01-03,,False,True,0,0,0,6,0.0
183,Paid Ads,2025-03-30,,True,False,0,0,0,12,0.0
184,Social Media,2025-06-02,,False,True,0,0,0,8,0.0
185,Paid Ads,2025-01-25,,False,True,0,0,0,12,0.0
186,Paid Ads,2025-05-13,2025-05-15,False,True,4,9,13,12,437.89
187,Paid Ads,2025-03-22,2025-04-04,True,False,1,1,1,12,40.6
188,Organic Search,2025-04-01,,True,False,0,0,0,6,0.0
189,Referrals,2025-03-21,2025-03-22,False,True,1,6,9,4,909.34
190,Paid Ads,2025-05-13,,True,False,0,0,0,12,0.0
191,Paid Ads,2025-01-23,2025-02-03,False,True,7,14,16,12,780.23
192,Referrals,2025-02-08,2025-02-21,False,True,1,2,3,4,307.82
193,Paid Ads,2025-04-08,,True,False,0,0,0,12,0.0
194,Organic Search,2025-03-15,2025-03-17,False,True,4,11,17,6,1242.16
195,Organic Search,2025-01-22,,True,False,0,0,0,6,0.0
196,Organic Search,2025-05-30,,False,True,0,0,0,6,0.0
197,Paid Ads,2025-04-30,2025-05-02,True,False,3,3,3,12,189.55
198,Referrals,2025-01-07,2025-01-08,False,True,7,10,13,4,1052.25
199,Organic Search,2025-01-26,2025-01-28,True,False,1,1,1,6,52.78
200,Organic Search,2025-06-06,2025-06-08,True,False,2,2,2,6,135.02
201,Paid Ads,2025-03-22,,False,True,0,0,0,12,0.0
202,Social Media,2025-03-25,,False,True,0,0,0,8,0.0
203,Social Media,2025-01-01,,True,False,0,0,0,8,0.0
204,Social Media,2025-01-24,,True,False,0,0,0,8,0.0
205,Referrals,2025-03-13,2025-03-22,True,False,1,2,2,4,211.65
206,Organic Search,2025-05-11,,False,True,0,0,0,6,0.0
207,Social Media,2025-05-02,,True,False,0,0,0,8,0.0
208,Paid Ads,2025-03-25,,False,True,0,0,0,12,0.0
209,Referrals,2025-03-04,2025-03-09,False,True,3,8,9,4,777.66
210,Organic Search,2025-02-01,,True,False,0,0,0,6,0.0
211,Social Media,2025-06-18,2025-06-24,True,False,1,1,1,8,39.24
212,Paid Ads,2025-02-23,,True,False,0,0,0,12,0.0
213,Referrals,2025-06-09,,False,True,0,0,0,4,0.0
214,Paid Ads,2025-03-18,2025-03-24,False,True,6,13,15,12,687.36
215,Organic Search,2025-05-23,2025-05-30,True,False,3,3,3,6,286.1
216,Social Media,2025-06-27,,True,False,0,0,0,8,0.0
217,Organic Search,2025-05-07,2025-05-11,False,True,6,8,14,6,1386.75
218,Referrals,2025-04-16,2025-04-18,False,True,7,11,16,4,1310.49
219,Referrals,2025-05-02,2025-05-16,False,True,5,12,17,4,1607.13
220,Referrals,2025-05-26,2025-05-31,True,False,1,1,1,4,135.7
221,Organic Search,2025-02-04,2025-02-10,False,True,1,8,12,6,1030.05
222,Organic Search,2025-04-18,,False,True,0,0,0,6,0.0
223,Referrals,2025-06-28,2025-07-02,False,True,2,6,8,4,960.18
224,Organic Search,2025-04-25,2025-05-08,False,True,5,7,12,6,913.8
225,Organic Search,2025-04-09,,False,True,0,0,0,6,0.0
226,Referrals,2025-01-02,2025-01-07,False,True,1,7,13,4,1550.08
227,Social Media,2025-04-21,,True,False,0,0,0,8,0.0
228,Organic Search,2025-03-30,,False,True,0,0,0,6,0.0
229,Organic Search,2025-06-17,2025-06-21,True,False,3,3,3,6,213.23
230,Paid Ads,2025-04-04,2025-04-09,False,True,3,7,8,12,267.62
231,Paid Ads,2025-04-28,2025-05-07,True,False,3,3,3,12,175.36
232,Organic Search,2025-02-25,2025-03-03,False,True,5,9,11,6,797.37
233,Social Media,2025-02-06,,False,True,0,0,0,8,0.0
234,Social Media,2025-03-10,2025-03-13,False,True,2,6,11,8,331.48
235,Referrals,2025-02-12,2025-02-21,False,True,1,8,15,4,1467.19
236,Paid Ads,2025-02-07,2025-02-21,False,True,2,4,8,12,239.45
237,Organic Search,2025-03-26,2025-04-03,False,True,6,11,18,6,1397.9
238,Social Media,2025-06-20,,True,False,0,0,0,8,0.0
239,Organic Search,2025-05-16,,True,False,0,0,0,6,0.0
240,Social Media,2025-01-01,2025-01-15,True,False,1,1,1,8,36.03
241,Paid Ads,2025-03-04,,True,False,0,0,0,12,0.0
242,Referrals,2025-03-09,2025-03-15,False,True,6,9,15,4,1545.25
243,Social Media,2025-05-21,,True,False,0,0,0,8,0.0
244,Referrals,2025-03-30,2025-03-31,False,True,7,14,19,4,1850.33
245,Referrals,2025-04-03,2025-04-04,False,True,3,7,13,4,1276.91
246,Organic Search,2025-03-15,,False,True,0,0,0,6,0.0
247,Referrals,2025-03-13,2025-03-19,True,False,1,2,2,4,128.03
248,Referrals,2025-02-12,2025-02-18,True,False,3,3,3,4,294.75
249,Paid Ads,2025-05-31,,True,False,0,0,0,12,0.0
250,Paid Ads,2025-05-21,2025-05-23,False,True,4,9,13,12,764.1
251,Organic Search,2025-06-06,,False,True,0,0,0,6,0.0
252,Organic Search,2025-06-26,,True,False,0,0,0,6,0.0
253,Referrals,2025-01-07,2025-01-17,True,False,3,3,3,4,339.09
254,Paid Ads,2025-02-05,,False,True,0,0,0,12,0.0
255,Social Media,2025-06-21,2025-07-01,False,True,5,12,18,8,690.68
256,Paid Ads,2025-01-09,,False,True,0,0,0,12,0.0
257,Referrals,2025-06-19,,False,True,0,0,0,4,0.0
258,Paid Ads,2025-01-19,,True,False,0,0,0,12,0.0
259,Social Media,2025-05-27,,True,False,0,0,0,8,0.0
260,Organic Search,2025-06-10,2025-06-11,False,True,5,12,15,6,1115.06
261,Organic Search,2025-06-09,,False,True,0,0,0,6,0.0
262,Paid Ads,2025-03-05,2025-03-10,True,False,2,3,3,12,139.42
263,Referrals,2025-06-18,2025-06-25,False,True,6,9,13,4,1375.54
264,Paid Ads,2025-02-05,2025-02-06,True,False,1,2,2,12,119.31
265,Referrals,2025-03-11,2025-03-15,False,True,4,6,10,4,831.85
266,Referrals,2025-02-19,2025-03-03,False,True,3,9,15,4,1624.89
267,Paid Ads,2025-06-21,,True,False,0,0,0,12,0.0
268,Paid Ads,2025-02-13,2025-02-18,False,True,7,14,15,12,908.12
269,Paid Ads,2025-04-16,2025-04-25,True,False,1,2,2,12,109.64
270,Social Media,2025-01-23,,False,True,0,0,0,8,0.0
271,Social Media,2025-04-14,,False,True,0,0,0,8,0.0
272,Paid Ads,2025-02-01,2025-02-13,True,False,2,2,2,12,94.92
273,Paid Ads,2025-05-31,2025-06-02,True,False,2,2,2,12,91.08
274,Social Media,2025-05-31,,True,False,0,0,0,8,0.0
275,Paid Ads,2025-05-30,,True,False,0,0,0,12,0.0
276,Social Media,2025-02-11,,True,False,0,0,0,8,0.0
277,Organic Search,2025-06-07,,False,True,0,0,0,6,0.0
278,Paid Ads,2025-06-12,2025-06-14,False,True,6,10,12,12,483.58
279,Organic Search,2025-01-25,2025-02-07,True,False,3,4,4,6,251.09
280,Social Media,2025-05-14,2025-05-19,False,True,5,7,11,8,495.9
281,Paid Ads,2025-03-09,2025-03-21,True,False,1,1,1,12,19.01
282,Paid Ads,2025-05-14,2025-05-25,True,False,3,3,3,12,142.92
283,Referrals,2025-01-05,,False,True,0,0,0,4,0.0
284,Social Media,2025-03-24,2025-03-29,False,True,6,12,15,8,531.57
285,Paid Ads,2025-05-24,2025-05-28,True,False,1,1,1,12,31.19
286,Organic Search,2025-05-04,,True,False,0,0,0,6,0.0
287,Organic Search,2025-03-03,,False,True,0,0,0,6,0.0
288,Paid Ads,2025-03-27,,False,True,0,0,0,12,0.0
289,Paid Ads,2025-05-29,2025-06-03,True,False,2,3,3,12,95.07
290,Paid Ads,2025-03-23,2025-03-27,True,False,1,2,2,12,93.3
291,Organic Search,2025-05-29,,False,True,0,0,0,6,0.0
292,Paid Ads,2025-03-23,,True,False,0,0,0,12,0.0
293,Referrals,2025-06-15,2025-06-25,True,False,1,2,2,4,164.58
294,Organic Search,2025-03-01,2025-03-02,True,False,2,3,3,6,253.68
295,Social Media,2025-01-21,,True,False,0,0,0,8,0.0
296,Paid Ads,2025-05-25,2025-06-02,True,False,1,2,2,12,51.09
297,Social Media,2025-03-28,,False,True,0,0,0,8,0.0
298,Paid Ads,2025-06-01,2025-06-02,True,False,1,2,2,12,81.81
299,Referrals,2025-04-20,,True,False,0,0,0,4,0.0
300,Referrals,2025-04-06,2025-04-16,False,True,4,5,12,4,734.47
301,Organic Search,2025-04-14,,False,True,0,0,0,6,0.0
302,Organic Search,2025-03-19,2025-03-28,False,True,6,13,15,6,997.33
303,Paid Ads,2025-06-13,2025-06-21,False,True,5,10,17,12,1126.64
304,Paid Ads,2025-01-10,2025-01-18,True,False,1,1,1,12,48.79
305,Referrals,2025-03-19,2025-03-28,False,True,4,10,14,4,1271.15
306,Social Media,2025-04-30,,True,False,0,0,0,8,0.0
307,Paid Ads,2025-02-08,,True,False,0,0,0,12,0.0
308,Referrals,2025-05-16,2025-05-30,True,False,3,4,4,4,318.16
309,Referrals,2025-03-30,,False,True,0,0,0,4,0.0
310,Organic Search,2025-01-27,,False,True,0,0,0,6,0.0
311,Paid Ads,2025-02-13,,True,False,0,0,0,12,0.0
312,Paid Ads,2025-01-19,2025-02-02,True,False,3,3,3,12,205.25
313,Organic Search,2025-04-21,2025-05-01,False,True,1,5,10,6,650.26
314,Paid Ads,2025-03-05,,False,True,0,0,0,12,0.0
315,Referrals,2025-05-08,,False,True,0,0,0,4,0.0
316,Referrals,2025-06-13,2025-06-23,True,False,1,2,2,4,246.5
317,Paid Ads,2025-06-11,,True,False,0,0,0,12,0.0
318,Referrals,2025-04-11,2025-04-24,False,True,2,8,11,4,1144.33
319,Paid Ads,2025-02-23,,False,True,0,0,0,12,0.0
320,Organic Search,2025-01-20,2025-01-27,False,True,6,9,14,6,1227.47
321,Referrals,2025-02-24,2025-03-04,False,True,2,8,10,4,891.79
322,Paid Ads,2025-03-04,2025-03-10,True,False,2,3,3,12,136.77
323,Organic Search,2025-06-08,,False,True,0,0,0,6,0.0
324,Organic Search,2025-05-26,2025-05-27,True,False,3,3,3,6,197.27
325,Social Media,2025-04-28,,True,False,0,0,0,8,0.0
326,Paid Ads,2025-02-16,,True,False,0,0,0,12,0.0
327,Referrals,2025-05-24,2025-05-28,False,True,2,5,10,4,1086.42
328,Referrals,2025-03-22,,True,False,0,0,0,4,0.0
329,Paid Ads,2025-02-04,,True,False,0,0,0,12,0.0
330,Social Media,2025-03-15,,True,False,0,0,0,8,0.0
331,Organic Search,2025-05-06,,False,True,0,0,0,6,0.0
332,Organic Search,2025-06-23,2025-07-05,False,True,4,5,9,6,572.41
333,Paid Ads,2025-06-01,2025-06-15,False,True,7,10,17,12,730.35
334,Paid Ads,2025-04-16,,False,True,0,0,0,12,0.0
335,Paid Ads,2025-04-17,2025-04-27,True,False,1,2,2,12,109.28
336,Paid Ads,2025-05-23,2025-05-31,True,False,3,4,4,12,153.79
337,Social Media,2025-06-19,,True,False,0,0,0,8,0.0
338,Social Media,2025-03-10,,False,True,0,0,0,8,0.0
339,Referrals,2025-05-27,2025-06-01,False,True,1,6,7,4,555.53
340,Organic Search,2025-02-02,2025-02-15,False,True,4,6,9,6,609.31
341,Paid Ads,2025-03-27,,True,False,0,0,0,12,0.0
342,Referrals,2025-01-05,,True,False,0,0,0,4,0.0
343,Organic Search,2025-04-08,,False,True,0,0,0,6,0.0
344,Organic Search,2025-02-07,,False,True,0,0,0,6,0.0
345,Paid Ads,2025-03-04,,False,True,0,0,0,12,0.0
346,Organic Search,2025-04-26,2025-05-04,False,True,7,13,17,6,1443.67
347,Social Media,2025-06-04,,True,False,0,0,0,8,0.0
348,Referrals,2025-05-11,,False,True,0,0,0,4,0.0
349,Referrals,2025-01-06,2025-01-13,True,False,2,2,2,4,194.3
350,Paid Ads,2025-02-10,,True,False,0,0,0,12,0.0
351,Organic Search,2025-02-16,2025-03-02,False,True,2,6,10,6,527.97
352,Organic Search,2025-04-19,,False,True,0,0,0,6,0.0
353,Social Media,2025-06-10,,False,True,0,0,0,8,0.0
354,Social Media,2025-04-11,,True,False,0,0,0,8,0.0
355,Paid Ads,2025-02-01,2025-02-12,True,False,1,1,1,12,35.48
356,Organic Search,2025-06-11,2025-06-17,True,False,3,3,3,6,208.28
357,Paid Ads,2025-03-10,,True,False,0,0,0,12,0.0
358,Paid Ads,2025-05-13,,False,True,0,0,0,12,0.0
359,Paid Ads,2025-06-27,2025-07-09,False,True,3,5,12,12,396.58
360,Paid Ads,2025-05-11,,True,False,0,0,0,12,0.0
361,Paid Ads,2025-06-05,,False,True,0,0,0,12,0.0
362,Paid Ads,2025-06-24,2025-07-05,True,False,2,2,2,12,82.61
363,Social Media,2025-05-19,,False,True,0,0,0,8,0.0
364,Paid Ads,2025-02-16,2025-02-25,True,False,1,2,2,12,77.84
365,Paid Ads,2025-05-08,,True,False,0,0,0,12,0.0
366,Paid Ads,2025-02-26,2025-03-12,True,False,1,1,1,12,46.13
367,Social Media,2025-03-18,,True,False,0,0,0,8,0.0
368,Referrals,2025-05-22,,False,True,0,0,0,4,0.0
369,Referrals,2025-01-30,,False,True,0,0,0,4,0.0
370,Paid Ads,2025-04-12,2025-04-21,False,True,3,6,8,12,338.19
371,Organic Search,2025-01-28,2025-02-04,True,False,1,1,1,6,77.97
372,Organic Search,2025-05-22,2025-05-27,False,True,1,7,8,6,810.26
373,Paid Ads,2025-04-30,2025-05-14,True,False,3,3,3,12,163.35
374,Paid Ads,2025-03-09,,True,False,0,0,0,12,0.0
375,Paid Ads,2025-03-27,,False,True,0,0,0,12,0.0
376,Organic Search,2025-06-07,2025-06-18,True,False,2,2,2,6,135.27
377,Referrals,2025-03-10,2025-03-15,False,True,1,6,11,4,937.72
378,Social Media,2025-03-06,2025-03-13,True,False,2,3,3,8,114.63
379,Referrals,2025-01-15,2025-01-25,False,True,6,11,14,4,1710.96
380,Organic Search,2025-02-24,2025-03-08,False,True,4,9,12,6,794.38
381,Organic Search,2025-06-11,2025-06-20,False,True,7,13,19,6,1358.24
382,Social Media,2025-05-04,,True,False,0,0,0,8,0.0
383,Referrals,2025-04-09,2025-04-12,False,True,4,5,10,4,1170.21
384,Paid Ads,2025-05-16,2025-05-28,False,True,7,12,17,12,783.53
385,Referrals,2025-03-03,2025-03-09,True,False,1,2,2,4,198.1
386,Paid Ads,2025-02-20,,True,False,0,0,0,12,0.0
387,Paid Ads,2025-01-11,2025-01-22,False,True,6,11,12,12,699.9
388,Social Media,2025-04-19,,True,False,0,0,0,8,0.0
389,Social Media,2025-04-13,,True,False,0,0,0,8,0.0
390,Paid Ads,2025-03-25,,False,True,0,0,0,12,0.0
391,Referrals,2025-05-07,2025-05-12,False,True,4,8,9,4,942.54
392,Organic Search,2025-04-15,,True,False,0,0,0,6,0.0
393,Referrals,2025-05-22,2025-05-28,False,True,7,11,14,4,1167.09
394,Social Media,2025-06-15,,True,False,0,0,0,8,0.0
395,Social Media,2025-06-18,,True,False,0,0,0,8,0.0
396,Paid Ads,2025-03-03,,False,True,0,0,0,12,0.0
397,Organic Search,2025-02-07,,True,False,0,0,0,6,0.0
398,Paid Ads,2025-05-02,,False,True,0,0,0,12,0.0
399,Referrals,2025-06-05,2025-06-14,False,True,3,5,8,4,1001.02
400,Organic Search,2025-06-16,2025-06-28,False,True,4,9,10,6,809.14
401,Paid Ads,2025-05-28,2025-06-07,True,False,3,3,3,12,169.39
402,Referrals,2025-04-23,2025-04-28,False,True,4,8,14,4,1197.46
403,Referrals,2025-05-12,2025-05-14,False,True,3,6,9,4,552.79
404,Paid Ads,2025-05-05,,False,True,0,0,0,12,0.0
405,Social Media,2025-05-05,,True,False,0,0,0,8,0.0
406,Social Media,2025-04-23,2025-05-04,True,False,1,1,1,8,28.72
407,Social Media,2025-01-22,,False,True,0,0,0,8,0.0
408,Organic Search,2025-05-03,,False,True,0,0,0,6,0.0
409,Social Media,2025-04-19,2025-04-20,True,False,3,4,4,8,171.3
410,Referrals,2025-05-09,2025-05-17,True,False,1,1,1,4,85.33
411,Social Media,2025-06-28,,True,False,0,0,0,8,0.0
412,Organic Search,2025-01-19,2025-01-24,False,True,5,6,11,6,585.04
413,Referrals,2025-05-27,2025-06-07,True,False,3,4,4,4,462.52
414,Paid Ads,2025-05-19,,False,True,0,0,0,12,0.0
415,Organic Search,2025-06-18,,True,False,0,0,0,6,0.0
416,Social Media,2025-02-21,,True,False,0,0,0,8,0.0
417,Referrals,2025-04-12,2025-04-26,True,False,3,3,3,4,163.27
418,Referrals,2025-06-28,,False,True,0,0,0,4,0.0
419,Referrals,2025-06-24,2025-06-28,True,False,3,4,4,4,302.23
420,Paid Ads,2025-03-08,,True,False,0,0,0,12,0.0
421,Organic Search,2025-01-31,,True,False,0,0,0,6,0.0
422,Organic Search,2025-01-21,2025-01-23,False,True,3,9,10,6,851.14
423,Organic Search,2025-06-12,,True,False,0,0,0,6,0.0
424,Paid Ads,2025-03-06,2025-03-11,True,False,1,1,1,12,52.71
425,Organic Search,2025-05-13,,True,False,0,0,0,6,0.0
426,Paid Ads,2025-01-23,,False,True,0,0,0,12,0.0
427,Referrals,2025-06-07,2025-06-18,False,True,3,9,13,4,1661.1
428,Paid Ads,2025-03-24,,False,True,0,0,0,12,0.0
429,Paid Ads,2025-04-29,,False,True,0,0,0,12,0.0
430,Organic Search,2025-04-21,2025-04-23,False,True,7,13,19,6,1311.0
431,Paid Ads,2025-04-28,2025-05-03,True,False,1,1,1,12,41.34
432,Organic Search,2025-01-31,,False,True,0,0,0,6,0.0
433,Referrals,2025-01-10,,False,True,0,0,0,4,0.0
434,Referrals,2025-04-20,,True,False,0,0,0,4,0.0
435,Referrals,2025-01-04,2025-01-11,True,False,3,3,3,4,245.4
436,Organic Search,2025-03-16,2025-03-17,False,True,7,8,10,6,642.7
437,Organic Search,2025-01-18,2025-01-24,True,False,2,3,3,6,173.95
438,Paid Ads,2025-03-06,2025-03-15,True,False,2,2,2,12,110.26
439,Social Media,2025-03-24,,True,False,0,0,0,8,0.0
440,Referrals,2025-04-30,2025-05-07,False,True,3,8,13,4,1724.48
441,Social Media,2025-04-18,2025-04-22,True,False,2,2,2,8,79.09
442,Organic Search,2025-02-11,2025-02-17,True,False,1,1,1,6,66.01
443,Referrals,2025-05-26,2025-05-29,False,True,4,11,12,4,1190.14
444,Referrals,2025-05-10,2025-05-19,True,False,2,3,3,4,209.41
445,Organic Search,2025-04-10,,True,False,0,0,0,6,0.0
446,Organic Search,2025-01-18,,True,False,0,0,0,6,0.0
447,Paid Ads,2025-01-28,,False,True,0,0,0,12,0.0
448,Referrals,2025-02-26,,True,False,0,0,0,4,0.0
449,Referrals,2025-02-16,,False,True,0,0,0,4,0.0
450,Paid Ads,2025-04-10,,False,True,0,0,0,12,0.0
451,Organic Search,2025-04-12,2025-04-18,False,True,5,8,9,6,632.83
452,Organic Search,2025-03-25,2025-03-26,False,True,2,6,9,6,698.94
453,Referrals,2025-06-19,2025-07-03,False,True,5,11,18,4,1744.83
454,Paid Ads,2025-05-06,,True,False,0,0,0,12,0.0
455,Organic Search,2025-05-15,,True,False,0,0,0,6,0.0
456,Organic Search,2025-02-14,2025-02-18,True,False,1,1,1,6,72.52
457,Social Media,2025-06-05,,False,True,0,0,0,8,0.0
458,Social Media,2025-04-29,,True,False,0,0,0,8,0.0
459,Referrals,2025-05-23,2025-05-29,False,True,3,5,9,4,997.43
460,Social Media,2025-02-14,2025-02-27,True,False,3,3,3,8,119.74
461,Organic Search,2025-03-06,2025-03-10,False,True,6,10,11,6,820.83
462,Paid Ads,2025-04-24,2025-04-28,False,True,6,7,9,12,455.21
463,Paid Ads,2025-01-15,2025-01-25,True,False,1,2,2,12,105.15
464,Referrals,2025-02-15,2025-03-01,False,True,6,11,15,4,1248.97
465,Social Media,2025-04-18,,True,False,0,0,0,8,0.0
466,Paid Ads,2025-03-11,2025-03-15,True,False,3,4,4,12,193.36
467,Referrals,2025-03-17,2025-03-26,True,False,3,3,3,4,238.12
468,Organic Search,2025-02-12,2025-02-14,True,False,1,2,2,6,176.87
469,Referrals,2025-04-06,2025-04-20,False,True,7,8,11,4,1108.96
470,Social Media,2025-02-05,,True,False,0,0,0,8,0.0
471,Paid Ads,2025-06-20,2025-06-30,False,True,2,9,12,12,448.77
472,Referrals,2025-04-18,2025-04-28,True,False,2,3,3,4,238.37
473,Social Media,2025-02-03,,False,True,0,0,0,8,0.0
474,Referrals,2025-04-27,2025-04-30,True,False,3,4,4,4,480.42
475,Referrals,2025-01-18,,False,True,0,0,0,4,0.0
476,Social Media,2025-01-01,2025-01-14,True,False,3,4,4,8,200.95
477,Social Media,2025-02-10,2025-02-20,True,False,2,3,3,8,89.25
478,Referrals,2025-05-19,2025-05-24,False,True,2,5,8,4,867.68
479,Paid Ads,2025-02-16,,True,False,0,0,0,12,0.0
480,Social Media,2025-03-25,,False,True,0,0,0,8,0.0
481,Referrals,2025-02-10,2025-02-17,False,True,6,7,10,4,455.2
482,Social Media,2025-02-09,2025-02-13,True,False,2,3,3,8,118.54
483,Paid Ads,2025-06-26,,False,True,0,0,0,12,0.0
484,Paid Ads,2025-03-03,,True,False,0,0,0,12,0.0
485,Paid Ads,2025-03-11,2025-03-21,False,True,7,13,18,12,643.15
486,Paid Ads,2025-02-16,2025-02-28,False,True,7,11,18,12,688.66
487,Referrals,2025-05-21,2025-05-23,True,False,1,1,1,4,78.78
488,Paid Ads,2025-05-03,,True,False,0,0,0,12,0.0
489,Paid Ads,2025-01-22,2025-01-27,False,True,3,10,17,12,785.39
490,Paid Ads,2025-01-10,,True,False,0,0,0,12,0.0
491,Social Media,2025-04-21,,True,False,0,0,0,8,0.0
492,Referrals,2025-02-05,,False,True,0,0,0,4,0.0
493,Paid Ads,2025-01-15,,True,False,0,0,0,12,0.0
494,Organic Search,2025-05-06,2025-05-08,True,False,1,1,1,6,76.97
495,Paid Ads,2025-01-06,,False,True,0,0,0,12,0.0
496,Organic Search,2025-04-19,,False,True,0,0,0,6,0.0
497,Referrals,2025-01-15,2025-01-19,False,True,3,6,10,4,998.65
498,Organic Search,2025-06-11,2025-06-15,False,True,5,8,14,6,916.65
499,Referrals,2025-06-26,2025-07-01,False,True,3,9,14,4,1379.79
500,Organic Search,2025-06-21,2025-06-29,True,False,1,1,1,6,73.22
501,Paid Ads,2025-04-29,,True,False,0,0,0,12,0.0
502,Referrals,2025-05-06,2025-05-11,False,True,1,7,8,4,781.8
503,Referrals,2025-06-05,2025-06-11,False,True,1,7,9,4,1165.08
504,Paid Ads,2025-02-16,2025-02-17,True,False,2,2,2,12,78.17
505,Organic Search,2025-01-14,,True,False,0,0,0,6,0.0
506,Social Media,2025-05-16,2025-05-29,True,False,2,3,3,8,110.17
507,Referrals,2025-06-05,2025-06-10,False,True,4,5,6,4,443.66
508,Paid Ads,2025-01-10,,True,False,0,0,0,12,0.0
509,Organic Search,2025-01-24,,True,False,0,0,0,6,0.0
510,Paid Ads,2025-01-20,2025-01-26,True,False,3,4,4,12,186.37
511,Paid Ads,2025-03-07,2025-03-09,True,False,2,2,2,12,60.21
512,Organic Search,2025-03-11,2025-03-15,False,True,2,7,11,6,1099.03
513,Social Media,2025-06-03,,True,False,0,0,0,8,0.0
514,Paid Ads,2025-04-23,2025-04-30,False,True,4,7,8,12,462.98
515,Paid Ads,2025-03-14,,False,True,0,0,0,12,0.0
516,Organic Search,2025-05-07,,True,False,0,0,0,6,0.0
517,Social Media,2025-05-03,,False,True,0,0,0,8,0.0
518,Organic Search,2025-06-19,,False,True,0,0,0,6,0.0
519,Organic Search,2025-05-31,2025-06-04,False,True,7,8,9,6,598.96
520,Referrals,2025-03-03,2025-03-14,False,True,6,13,15,4,1623.87
521,Social Media,2025-05-07,,True,False,0,0,0,8,0.0
522,Organic Search,2025-03-06,2025-03-17,False,True,3,9,11,6,801.84
523,Referrals,2025-05-14,,False,True,0,0,0,4,0.0
524,Social Media,2025-05-03,,True,False,0,0,0,8,0.0
525,Referrals,2025-04-17,,False,True,0,0,0,4,0.0
526,Referrals,2025-01-04,2025-01-11,False,True,6,10,14,4,1558.65
527,Paid Ads,2025-02-24,,False,True,0,0,0,12,0.0
528,Paid Ads,2025-06-06,2025-06-16,True,False,2,2,2,12,87.14
529,Organic Search,2025-02-16,,False,True,0,0,0,6,0.0
530,Paid Ads,2025-02-25,,False,True,0,0,0,12,0.0
531,Organic Search,2025-05-02,,True,False,0,0,0,6,0.0
532,Social Media,2025-02-05,,True,False,0,0,0,8,0.0
533,Paid Ads,2025-03-21,,False,True,0,0,0,12,0.0
534,Referrals,2025-05-30,2025-06-04,False,True,1,5,12,4,652.02
535,Referrals,2025-06-07,2025-06-13,False,True,7,12,19,4,2005.54
536,Paid Ads,2025-05-31,,True,False,0,0,0,12,0.0
537,Social Media,2025-05-14,,True,False,0,0,0,8,0.0
538,Referrals,2025-06-09,,False,True,0,0,0,4,0.0
539,Referrals,2025-04-25,2025-05-04,False,True,3,9,16,4,1475.59
540,Paid Ads,2025-05-23,,True,False,0,0,0,12,0.0
541,Social Media,2025-05-17,,True,False,0,0,0,8,0.0
542,Organic Search,2025-06-06,2025-06-09,False,True,1,3,8,6,603.64
543,Referrals,2025-02-17,2025-03-02,False,True,2,3,10,4,1005.43
544,Organic Search,2025-02-27,2025-03-04,True,False,2,2,2,6,128.1
545,Social Media,2025-05-11,,True,False,0,0,0,8,0.0
546,Paid Ads,2025-06-05,,True,False,0,0,0,12,0.0
547,Referrals,2025-03-27,,False,True,0,0,0,4,0.0
548,Referrals,2025-03-24,,False,True,0,0,0,4,0.0
549,Referrals,2025-05-19,2025-06-02,False,True,2,5,7,4,777.84
550,Social Media,2025-04-26,,False,True,0,0,0,8,0.0
551,Referrals,2025-02-14,,False,True,0,0,0,4,0.0
552,Organic Search,2025-02-09,2025-02-23,False,True,4,8,11,6,755.58
553,Organic Search,2025-04-17,,False,True,0,0,0,6,0.0
554,Referrals,2025-06-08,,True,False,0,0,0,4,0.0
555,Referrals,2025-06-02,2025-06-11,False,True,5,10,16,4,1545.48
556,Paid Ads,2025-02-13,,False,True,0,0,0,12,0.0
557,Paid Ads,2025-05-14,,True,False,0,0,0,12,0.0
558,Organic Search,2025-02-05,,False,True,0,0,0,6,0.0
559,Organic Search,2025-03-17,2025-03-30,True,False,3,3,3,6,178.16
560,Referrals,2025-05-18,2025-05-19,False,True,2,6,9,4,737.46
561,Social Media,2025-05-26,,True,False,0,0,0,8,0.0
562,Organic Search,2025-03-02,2025-03-15,True,False,1,2,2,6,207.75
563,Paid Ads,2025-06-04,,False,True,0,0,0,12,0.0
564,Organic Search,2025-01-23,,True,False,0,0,0,6,0.0
565,Organic Search,2025-03-25,2025-04-06,False,True,5,12,18,6,1348.11
566,Paid Ads,2025-06-27,,True,False,0,0,0,12,0.0
567,Paid Ads,2025-06-06,,True,False,0,0,0,12,0.0
568,Social Media,2025-05-05,2025-05-16,True,False,3,3,3,8,105.27
569,Organic Search,2025-03-02,,True,False,0,0,0,6,0.0
570,Paid Ads,2025-05-29,,True,False,0,0,0,12,0.0
571,Paid Ads,2025-02-17,2025-02-23,False,True,6,8,9,12,436.33
572,Referrals,2025-03-26,2025-03-29,False,True,5,10,17,4,1967.39
573,Organic Search,2025-03-15,2025-03-24,False,True,3,10,13,6,872.42
574,Referrals,2025-02-28,2025-03-05,True,False,2,2,2,4,211.3
575,Referrals,2025-06-15,2025-06-26,True,False,1,2,2,4,225.65
576,Paid Ads,2025-03-16,2025-03-21,False,True,3,10,11,12,459.86
577,Organic Search,2025-05-30,2025-06-06,True,False,3,4,4,6,257.73
578,Organic Search,2025-04-03,,False,True,0,0,0,6,0.0
579,Organic Search,2025-06-10,2025-06-21,False,True,6,10,16,6,1174.49
580,Social Media,2025-01-13,2025-01-18,True,False,2,3,3,8,130.36
581,Paid Ads,2025-03-16,,True,False,0,0,0,12,0.0
582,Organic Search,2025-04-26,2025-05-10,True,False,3,4,4,6,271.66
583,Social Media,2025-06-25,,True,False,0,0,0,8,0.0
584,Organic Search,2025-04-29,2025-05-04,False,True,4,8,15,6,916.33
585,Referrals,2025-01-12,,True,False,0,0,0,4,0.0
586,Paid Ads,2025-02-03,,False,True,0,0,0,12,0.0
587,Social Media,2025-06-09,2025-06-14,True,False,1,2,2,8,84.26
588,Paid Ads,2025-02-25,2025-03-04,True,False,1,1,1,12,34.04
589,Paid Ads,2025-04-11,2025-04-15,False,True,6,13,20,12,812.01
590,Social Media,2025-01-11,,True,False,0,0,0,8,0.0
591,Paid Ads,2025-01-10,,False,True,0,0,0,12,0.0
592,Referrals,2025-05-25,2025-06-04,True,False,2,2,2,4,219.69
593,Referrals,2025-01-09,2025-01-18,False,True,3,7,8,4,697.05
594,Referrals,2025-06-16,2025-06-25,True,False,2,2,2,4,220.62
595,Referrals,2025-03-18,2025-03-30,False,True,3,7,14,4,1384.6
596,Paid Ads,2025-02-08,,True,False,0,0,0,12,0.0
597,Paid Ads,2025-05-21,,True,False,0,0,0,12,0.0
598,Referrals,2025-01-14,2025-01-18,True,False,1,1,1,4,96.41
599,Organic Search,2025-06-15,,False,True,0,0,0,6,0.0
600,Referrals,2025-05-30,2025-06-05,True,False,2,2,2,4,234.58
601,Organic Search,2025-02-01,,False,True,0,0,0,6,0.0
602,Social Media,2025-03-10,2025-03-19,False,True,7,13,18,8,568.42
603,Social Media,2025-05-07,2025-05-20,True,False,2,3,3,8,110.64
604,Paid Ads,2025-06-13,,True,False,0,0,0,12,0.0
605,Paid Ads,2025-02-27,2025-03-10,False,True,6,9,11,12,537.53
606,Paid Ads,2025-06-05,,False,True,0,0,0,12,0.0
607,Referrals,2025-05-25,2025-06-07,True,False,1,2,2,4,175.37
608,Paid Ads,2025-05-29,2025-05-30,True,False,3,3,3,12,145.34
609,Referrals,2025-04-18,2025-04-25,False,True,6,7,8,4,942.34
610,Paid Ads,2025-03-16,,False,True,0,0,0,12,0.0
611,Paid Ads,2025-05-16,2025-05-30,True,False,3,4,4,12,248.85
612,Paid Ads,2025-03-26,,True,False,0,0,0,12,0.0
613,Referrals,2025-04-12,2025-04-15,False,True,1,2,5,4,316.02
614,Paid Ads,2025-03-04,2025-03-11,False,True,1,7,10,12,390.9
615,Paid Ads,2025-01-28,,True,False,0,0,0,12,0.0
616,Paid Ads,2025-02-12,2025-02-25,False,True,1,2,6,12,298.8
617,Organic Search,2025-03-24,2025-03-27,False,True,3,7,8,6,596.82
618,Social Media,2025-04-24,,False,True,0,0,0,8,0.0
619,Paid Ads,2025-05-24,,False,True,0,0,0,12,0.0
620,Social Media,2025-03-08,2025-03-22,False,True,1,3,7,8,159.87
621,Organic Search,2025-01-10,2025-01-18,True,False,2,2,2,6,157.79
622,Referrals,2025-06-11,,False,True,0,0,0,4,0.0
623,Organic Search,2025-05-12,2025-05-19,False,True,6,7,9,6,563.35
624,Referrals,2025-06-26,,False,True,0,0,0,4,0.0
625,Referrals,2025-04-26,2025-05-06,False,True,4,11,17,4,1987.11
626,Referrals,2025-03-11,,False,True,0,0,0,4,0.0
627,Organic Search,2025-04-01,,True,False,0,0,0,6,0.0
628,Social Media,2025-05-18,,False,True,0,0,0,8,0.0
629,Social Media,2025-03-02,,False,True,0,0,0,8,0.0
630,Paid Ads,2025-04-12,2025-04-21,True,False,2,2,2,12,78.47
631,Organic Search,2025-02-20,,False,True,0,0,0,6,0.0
632,Social Media,2025-05-02,,False,True,0,0,0,8,0.0
633,Organic Search,2025-06-11,2025-06-15,False,True,1,8,14,6,1089.08
634,Paid Ads,2025-06-19,,True,False,0,0,0,12,0.0
635,Referrals,2025-01-08,2025-01-09,False,True,2,7,8,4,693.03
636,Social Media,2025-06-12,2025-06-20,True,False,2,2,2,8,91.82
637,Referrals,2025-06-08,2025-06-11,False,True,5,11,13,4,1318.01
638,Paid Ads,2025-01-05,2025-01-11,False,True,2,4,8,12,500.92
639,Referrals,2025-01-14,,False,True,0,0,0,4,0.0
640,Organic Search,2025-06-12,2025-06-15,False,True,3,5,9,6,427.13
641,Social Media,2025-03-02,,True,False,0,0,0,8,0.0
642,Organic Search,2025-02-27,2025-03-04,False,True,7,13,17,6,1316.11
643,Referrals,2025-05-24,2025-06-06,False,True,5,7,14,4,1254.25
644,Social Media,2025-06-08,,False,True,0,0,0,8,0.0
645,Social Media,2025-04-18,,True,False,0,0,0,8,0.0
646,Organic Search,2025-05-26,2025-05-31,False,True,4,6,9,6,844.52
647,Social Media,2025-05-31,,True,False,0,0,0,8,0.0
648,Referrals,2025-05-31,2025-06-10,True,False,2,3,3,4,351.38
649,Paid Ads,2025-01-06,2025-01-17,True,False,2,2,2,12,108.04
650,Paid Ads,2025-03-22,,False,True,0,0,0,12,0.0
651,Organic Search,2025-02-04,,False,True,0,0,0,6,0.0
652,Social Media,2025-01-03,,False,True,0,0,0,8,0.0
653,Referrals,2025-01-18,2025-01-27,False,True,2,5,10,4,814.15
654,Referrals,2025-01-30,2025-02-01,False,True,7,8,10,4,754.57
655,Social Media,2025-02-27,,True,False,0,0,0,8,0.0
656,Paid Ads,2025-03-26,,True,False,0,0,0,12,0.0
657,Paid Ads,2025-05-06,,True,False,0,0,0,12,0.0
658,Paid Ads,2025-01-18,,True,False,0,0,0,12,0.0
659,Social Media,2025-04-18,2025-04-28,True,False,1,2,2,8,76.63
660,Paid Ads,2025-01-27,,True,False,0,0,0,12,0.0
661,Paid Ads,2025-04-29,,False,True,0,0,0,12,0.0
662,Social Media,2025-04-30,2025-05-08,True,False,2,2,2,8,71.91
663,Organic Search,2025-04-11,2025-04-25,True,False,1,2,2,6,58.6
664,Paid Ads,2025-06-24,,False,True,0,0,0,12,0.0
665,Referrals,2025-03-05,2025-03-12,False,True,4,5,11,4,826.68
666,Paid Ads,2025-05-26,2025-05-30,True,False,3,3,3,12,88.11
667,Social Media,2025-06-20,,False,True,0,0,0,8,0.0
668,Referrals,2025-03-11,,True,False,0,0,0,4,0.0
669,Paid Ads,2025-02-01,,True,False,0,0,0,12,0.0
670,Referrals,2025-03-09,2025-03-11,False,True,1,3,10,4,817.79
671,Social Media,2025-05-27,2025-05-30,True,False,1,1,1,8,35.87
672,Organic Search,2025-04-26,2025-04-28,False,True,1,7,14,6,622.11
673,Social Media,2025-04-17,2025-04-28,True,False,3,4,4,8,101.25
674,Referrals,2025-04-02,2025-04-14,True,False,3,4,4,4,392.15
675,Organic Search,2025-01-04,2025-01-14,False,True,2,5,8,6,509.25
676,Organic Search,2025-04-23,,True,False,0,0,0,6,0.0
677,Paid Ads,2025-01-30,2025-02-11,True,False,1,2,2,12,71.1
678,Organic Search,2025-04-15,,False,True,0,0,0,6,0.0
679,Organic Search,2025-01-22,2025-01-24,False,True,1,3,5,6,238.4
680,Paid Ads,2025-03-31,2025-04-09,False,True,4,11,15,12,903.63
681,Organic Search,2025-06-28,2025-07-06,False,True,2,9,10,6,725.86
682,Referrals,2025-01-24,2025-02-07,False,True,2,8,10,4,1128.2
683,Social Media,2025-03-17,2025-03-23,True,False,2,3,3,8,77.7
684,Social Media,2025-05-28,,True,False,0,0,0,8,0.0
685,Paid Ads,2025-05-03,2025-05-08,True,False,3,4,4,12,159.68
686,Organic Search,2025-03-22,,False,True,0,0,0,6,0.0
687,Paid Ads,2025-02-01,,True,False,0,0,0,12,0.0
688,Paid Ads,2025-01-27,,True,False,0,0,0,12,0.0
689,Organic Search,2025-03-20,,False,True,0,0,0,6,0.0
690,Paid Ads,2025-02-01,,True,False,0,0,0,12,0.0
691,Referrals,2025-01-29,2025-02-07,False,True,2,7,12,4,823.33
692,Paid Ads,2025-06-21,2025-07-02,True,False,2,3,3,12,118.93
693,Referrals,2025-02-23,,True,False,0,0,0,4,0.0
694,Paid Ads,2025-04-21,2025-04-23,True,False,2,3,3,12,144.13
695,Paid Ads,2025-06-28,2025-07-10,False,True,3,7,11,12,338.81
696,Social Media,2025-01-19,,True,False,0,0,0,8,0.0
697,Paid Ads,2025-03-27,2025-04-01,True,False,3,3,3,12,142.56
698,Referrals,2025-04-25,2025-05-06,False,True,1,5,8,4,531.51
699,Social Media,2025-06-28,,True,False,0,0,0,8,0.0
700,Social Media,2025-02-07,,False,True,0,0,0,8,0.0
701,Referrals,2025-04-26,2025-05-06,False,True,3,6,10,4,797.59
702,Organic Search,2025-03-02,,True,False,0,0,0,6,0.0
703,Organic Search,2025-05-20,2025-05-25,False,True,5,6,11,6,887.99
704,Paid Ads,2025-04-28,,True,False,0,0,0,12,0.0
705,Organic Search,2025-05-02,2025-05-08,False,True,5,12,14,6,1063.95
706,Referrals,2025-02-23,2025-02-24,False,True,6,9,15,4,1446.99
707,Referrals,2025-06-07,,True,False,0,0,0,4,0.0
708,Paid Ads,2025-02-16,,True,False,0,0,0,12,0.0
709,Referrals,2025-03-05,,True,False,0,0,0,4,0.0
710,Paid Ads,2025-05-18,2025-05-31,False,True,3,7,8,12,369.44
711,Paid Ads,2025-06-11,2025-06-15,False,True,2,6,7,12,307.36
712,Paid Ads,2025-01-08,2025-01-11,False,True,4,7,10,12,413.32
713,Referrals,2025-03-19,2025-03-31,False,True,3,10,13,4,1722.22
714,Paid Ads,2025-02-17,2025-02-24,True,False,2,3,3,12,97.58
715,Paid Ads,2025-03-07,,True,False,0,0,0,12,0.0
716,Social Media,2025-01-01,,True,False,0,0,0,8,0.0
717,Paid Ads,2025-05-14,,False,True,0,0,0,12,0.0
718,Referrals,2025-04-11,2025-04-21,False,True,5,9,15,4,703.31
719,Organic Search,2025-06-16,,False,True,0,0,0,6,0.0
720,Paid Ads,2025-01-15,,False,True,0,0,0,12,0.0
721,Paid Ads,2025-01-18,,True,False,0,0,0,12,0.0
722,Referrals,2025-04-05,,True,False,0,0,0,4,0.0
723,Referrals,2025-04-23,2025-05-01,False,True,4,11,17,4,828.76
724,Paid Ads,2025-05-24,,False,True,0,0,0,12,0.0
725,Referrals,2025-06-28,2025-07-07,False,True,6,11,18,4,1474.38
726,Social Media,2025-02-08,,True,False,0,0,0,8,0.0
727,Paid Ads,2025-05-11,2025-05-23,False,True,3,9,13,12,618.48
728,Referrals,2025-05-16,2025-05-26,False,True,4,7,12,4,570.34
729,Paid Ads,2025-05-16,,True,False,0,0,0,12,0.0
730,Social Media,2025-03-12,2025-03-18,True,False,2,3,3,8,137.34
731,Referrals,2025-06-21,2025-07-02,False,True,1,2,4,4,373.05
732,Paid Ads,2025-04-22,,False,True,0,0,0,12,0.0
733,Paid Ads,2025-05-14,,True,False,0,0,0,12,0.0
734,Referrals,2025-05-26,2025-06-04,False,True,3,10,11,4,833.43
735,Referrals,2025-03-09,2025-03-11,False,True,2,8,15,4,1027.76
736,Paid Ads,2025-04-28,,False,True,0,0,0,12,0.0
737,Referrals,2025-02-14,2025-02-26,False,True,2,9,10,4,1138.14
738,Paid Ads,2025-01-26,,True,False,0,0,0,12,0.0
739,Paid Ads,2025-02-20,,True,False,0,0,0,12,0.0
740,Organic Search,2025-02-02,,True,False,0,0,0,6,0.0
741,Social Media,2025-06-26,,True,False,0,0,0,8,0.0
742,Organic Search,2025-05-06,2025-05-12,False,True,4,7,11,6,1089.96
743,Social Media,2025-03-13,2025-03-20,True,False,2,3,3,8,108.43
744,Referrals,2025-04-25,2025-05-06,False,True,6,11,14,4,1063.64
745,Paid Ads,2025-05-29,,True,False,0,0,0,12,0.0
746,Organic Search,2025-06-17,2025-06-24,True,False,3,4,4,6,298.97
747,Paid Ads,2025-04-19,,False,True,0,0,0,12,0.0
748,Referrals,2025-05-28,2025-06-02,False,True,4,5,7,4,670.21
749,Paid Ads,2025-02-10,,False,True,0,0,0,12,0.0
750,Paid Ads,2025-04-09,2025-04-12,True,False,1,2,2,12,92.22
751,Referrals,2025-02-04,,False,True,0,0,0,4,0.0
752,Referrals,2025-05-27,,False,True,0,0,0,4,0.0
753,Paid Ads,2025-03-14,,False,True,0,0,0,12,0.0
754,Paid Ads,2025-02-03,,True,False,0,0,0,12,0.0
755,Referrals,2025-03-11,2025-03-22,False,True,2,4,10,4,1065.85
756,Paid Ads,2025-05-05,,False,True,0,0,0,12,0.0
757,Organic Search,2025-01-09,2025-01-19,True,False,3,3,3,6,284.4
758,Organic Search,2025-03-20,,True,False,0,0,0,6,0.0
759,Social Media,2025-06-19,,False,True,0,0,0,8,0.0
760,Paid Ads,2025-01-09,2025-01-20,False,True,5,7,12,12,440.48
761,Paid Ads,2025-05-21,,False,True,0,0,0,12,0.0
762,Paid Ads,2025-02-25,,True,False,0,0,0,12,0.0
763,Social Media,2025-03-26,,True,False,0,0,0,8,0.0
764,Organic Search,2025-06-27,2025-07-04,False,True,2,3,8,6,642.28
765,Referrals,2025-04-16,2025-04-19,False,True,2,5,11,4,1261.29
766,Referrals,2025-05-06,2025-05-14,True,False,3,3,3,4,204.05
767,Paid Ads,2025-02-04,,False,True,0,0,0,12,0.0
768,Paid Ads,2025-05-24,,False,True,0,0,0,12,0.0
769,Paid Ads,2025-03-21,,True,False,0,0,0,12,0.0
770,Social Media,2025-02-03,2025-02-09,True,False,3,4,4,8,138.89
771,Organic Search,2025-06-02,2025-06-16,True,False,2,2,2,6,129.92
772,Social Media,2025-06-15,2025-06-18,True,False,1,2,2,8,64.93
773,Organic Search,2025-02-28,,True,False,0,0,0,6,0.0
774,Paid Ads,2025-05-09,,False,True,0,0,0,12,0.0
775,Organic Search,2025-02-04,,False,True,0,0,0,6,0.0
776,Referrals,2025-06-21,2025-07-02,True,False,1,1,1,4,92.15
777,Paid Ads,2025-06-14,,True,False,0,0,0,12,0.0
778,Social Media,2025-04-26,,True,False,0,0,0,8,0.0
779,Referrals,2025-04-22,2025-04-23,False,True,4,11,13,4,1465.48
780,Paid Ads,2025-03-11,2025-03-13,True,False,3,3,3,12,128.99
781,Organic Search,2025-04-15,2025-04-23,False,True,6,10,11,6,799.08
782,Paid Ads,2025-03-23,,True,False,0,0,0,12,0.0
783,Referrals,2025-06-02,2025-06-10,False,True,2,3,8,4,911.33
784,Referrals,2025-03-26,2025-04-01,False,True,2,4,5,4,636.8
785,Paid Ads,2025-03-21,2025-03-23,True,False,3,4,4,12,149.77
786,Social Media,2025-03-10,,True,False,0,0,0,8,0.0
787,Paid Ads,2025-06-19,2025-06-28,True,False,2,3,3,12,157.35
788,Organic Search,2025-04-20,,True,False,0,0,0,6,0.0
789,Paid Ads,2025-01-01,2025-01-05,False,True,3,6,9,12,522.9
790,Paid Ads,2025-03-11,2025-03-13,False,True,2,3,8,12,418.14
791,Paid Ads,2025-04-23,,True,False,0,0,0,12,0.0
792,Social Media,2025-01-30,,True,False,0,0,0,8,0.0
793,Social Media,2025-05-26,,True,False,0,0,0,8,0.0
794,Social Media,2025-02-21,,False,True,0,0,0,8,0.0
795,Referrals,2025-01-09,2025-01-21,True,False,3,4,4,4,456.14
796,Paid Ads,2025-03-06,,False,True,0,0,0,12,0.0
797,Referrals,2025-03-24,2025-04-02,False,True,3,9,15,4,1535.01
798,Social Media,2025-06-18,,True,False,0,0,0,8,0.0
799,Paid Ads,2025-05-26,2025-05-27,False,True,7,8,15,12,623.05
800,Organic Search,2025-05-27,2025-05-29,True,False,1,1,1,6,74.04
801,Social Media,2025-06-14,2025-06-15,False,True,5,9,12,8,599.17
802,Social Media,2025-06-20,2025-07-01,True,False,1,1,1,8,38.52
803,Referrals,2025-06-11,2025-06-15,True,False,3,4,4,4,312.15
804,Paid Ads,2025-05-20,,True,False,0,0,0,12,0.0
805,Organic Search,2025-02-27,2025-03-01,False,True,1,8,15,6,1021.83
806,Paid Ads,2025-04-19,,False,True,0,0,0,12,0.0
807,Organic Search,2025-05-10,,False,True,0,0,0,6,0.0
808,Organic Search,2025-06-03,,True,False,0,0,0,6,0.0
809,Organic Search,2025-04-07,,True,False,0,0,0,6,0.0
810,Social Media,2025-05-15,,True,False,0,0,0,8,0.0
811,Organic Search,2025-01-06,2025-01-13,True,False,2,3,3,6,144.06
812,Referrals,2025-04-25,2025-05-05,False,True,4,5,12,4,1212.01
813,Organic Search,2025-01-28,2025-02-11,False,True,2,4,11,6,969.59
814,Paid Ads,2025-03-15,,True,False,0,0,0,12,0.0
815,Paid Ads,2025-02-10,2025-02-18,False,True,1,2,7,12,294.93
816,Paid Ads,2025-05-17,2025-05-18,False,True,6,8,11,12,602.14
817,Paid Ads,2025-05-26,,True,False,0,0,0,12,0.0
818,Paid Ads,2025-04-11,,False,True,0,0,0,12,0.0
819,Social Media,2025-06-06,,True,False,0,0,0,8,0.0
820,Social Media,2025-01-09,2025-01-20,True,False,1,1,1,8,49.47
821,Organic Search,2025-06-29,2025-07-09,False,True,4,5,7,6,447.39
822,Social Media,2025-01-19,,True,False,0,0,0,8,0.0
823,Social Media,2025-03-04,,True,False,0,0,0,8,0.0
824,Paid Ads,2025-04-10,,True,False,0,0,0,12,0.0
825,Referrals,2025-02-18,2025-02-24,False,True,2,7,14,4,1682.56
826,Paid Ads,2025-03-19,,False,True,0,0,0,12,0.0
827,Paid Ads,2025-01-26,2025-01-30,False,True,4,8,13,12,771.86
828,Social Media,2025-02-18,,True,False,0,0,0,8,0.0
829,Organic Search,2025-05-06,2025-05-16,False,True,4,6,8,6,667.55
830,Referrals,2025-03-25,,True,False,0,0,0,4,0.0
831,Referrals,2025-02-09,2025-02-13,False,True,3,5,9,4,757.3
832,Social Media,2025-01-22,2025-01-26,True,False,2,2,2,8,78.99
833,Referrals,2025-03-12,2025-03-15,False,True,3,8,11,4,996.09
834,Organic Search,2025-05-23,2025-06-02,True,False,1,1,1,6,60.53
835,Paid Ads,2025-05-11,2025-05-12,True,False,1,1,1,12,55.05
836,Organic Search,2025-02-04,2025-02-11,True,False,2,3,3,6,217.83
837,Paid Ads,2025-02-03,2025-02-13,False,True,3,9,16,12,1077.84
838,Organic Search,2025-05-21,,True,False,0,0,0,6,0.0
839,Social Media,2025-03-23,,True,False,0,0,0,8,0.0
840,Paid Ads,2025-02-20,,False,True,0,0,0,12,0.0
841,Paid Ads,2025-01-02,,False,True,0,0,0,12,0.0
842,Social Media,2025-01-08,,True,False,0,0,0,8,0.0
843,Referrals,2025-03-27,2025-03-29,False,True,4,11,18,4,2055.04
844,Social Media,2025-02-13,2025-02-23,True,False,2,3,3,8,92.28
845,Referrals,2025-02-07,2025-02-17,False,True,5,11,16,4,1415.86
846,Referrals,2025-01-18,2025-01-27,False,True,4,6,9,4,553.09
847,Paid Ads,2025-06-29,2025-07-09,True,False,3,3,3,12,132.87
848,Social Media,2025-01-18,2025-01-23,False,True,3,6,8,8,268.79
849,Paid Ads,2025-05-26,2025-06-03,True,False,2,3,3,12,121.41
850,Social Media,2025-06-13,,True,False,0,0,0,8,0.0
851,Referrals,2025-02-11,2025-02-16,False,True,2,9,12,4,920.3
852,Social Media,2025-02-22,2025-02-24,True,False,1,2,2,8,58.45
853,Referrals,2025-01-13,2025-01-16,True,False,3,4,4,4,308.53
854,Paid Ads,2025-06-05,,True,False,0,0,0,12,0.0
855,Organic Search,2025-05-07,,True,False,0,0,0,6,0.0
856,Referrals,2025-03-14,2025-03-19,False,True,3,5,9,4,890.29
857,Organic Search,2025-04-20,2025-04-30,False,True,7,11,14,6,800.8
858,Organic Search,2025-03-06,2025-03-18,True,False,1,1,1,6,61.94
859,Paid Ads,2025-06-17,2025-06-28,False,True,5,12,16,12,777.38
860,Paid Ads,2025-02-13,,True,False,0,0,0,12,0.0
861,Social Media,2025-01-09,,True,False,0,0,0,8,0.0
862,Paid Ads,2025-04-20,2025-04-27,True,False,2,3,3,12,124.54
863,Paid Ads,2025-06-15,2025-06-16,False,True,1,6,9,12,453.23
864,Organic Search,2025-01-05,2025-01-11,False,True,4,10,14,6,864.38
865,Social Media,2025-03-21,,True,False,0,0,0,8,0.0
866,Referrals,2025-03-02,,True,False,0,0,0,4,0.0
867,Referrals,2025-05-01,2025-05-10,False,True,5,6,13,4,1637.52
868,Paid Ads,2025-03-17,2025-03-19,True,False,3,4,4,12,166.58
869,Referrals,2025-04-22,,True,False,0,0,0,4,0.0
870,Paid Ads,2025-02-07,,False,True,0,0,0,12,0.0
871,Paid Ads,2025-03-09,,False,True,0,0,0,12,0.0
872,Paid Ads,2025-06-08,,False,True,0,0,0,12,0.0
873,Referrals,2025-06-26,2025-07-05,True,False,3,3,3,4,198.42
874,Referrals,2025-06-13,2025-06-14,False,True,1,3,10,4,450.16
875,Referrals,2025-03-17,2025-03-25,True,False,3,4,4,4,396.95
876,Paid Ads,2025-06-05,2025-06-10,False,True,2,7,12,12,676.35
877,Organic Search,2025-02-14,2025-02-28,False,True,4,8,11,6,532.41
878,Paid Ads,2025-03-09,2025-03-11,False,True,2,4,5,12,217.77
879,Paid Ads,2025-05-02,,True,False,0,0,0,12,0.0
880,Paid Ads,2025-03-26,,False,True,0,0,0,12,0.0
881,Paid Ads,2025-02-27,2025-03-03,True,False,2,2,2,12,87.12
882,Referrals,2025-05-02,2025-05-08,True,False,3,4,4,4,451.17
883,Referrals,2025-04-02,,True,False,0,0,0,4,0.0
884,Paid Ads,2025-06-05,2025-06-10,True,False,2,2,2,12,100.28
885,Paid Ads,2025-05-08,,True,False,0,0,0,12,0.0
886,Referrals,2025-06-02,2025-06-08,False,True,4,8,12,4,1410.26
887,Paid Ads,2025-04-22,,False,True,0,0,0,12,0.0
888,Paid Ads,2025-03-07,,True,False,0,0,0,12,0.0
889,Referrals,2025-02-11,,False,True,0,0,0,4,0.0
890,Organic Search,2025-06-16,,True,False,0,0,0,6,0.0
891,Paid Ads,2025-02-08,,False,True,0,0,0,12,0.0
892,Paid Ads,2025-02-20,2025-02-25,True,False,1,1,1,12,44.64
893,Organic Search,2025-01-17,,True,False,0,0,0,6,0.0
894,Referrals,2025-01-27,2025-02-08,False,True,5,6,11,4,1007.87
895,Referrals,2025-02-16,2025-03-02,False,True,6,8,14,4,1389.86
896,Organic Search,2025-06-26,2025-07-08,False,True,7,13,15,6,954.0
897,Referrals,2025-05-26,2025-06-06,False,True,3,4,10,4,998.91
898,Referrals,2025-05-22,2025-05-26,True,False,1,2,2,4,153.11
899,Paid Ads,2025-05-30,2025-06-03,False,True,7,11,18,12,555.1
900,Paid Ads,2025-05-20,,True,False,0,0,0,12,0.0
901,Paid Ads,2025-05-04,,True,False,0,0,0,12,0.0
902,Social Media,2025-03-12,,True,False,0,0,0,8,0.0
903,Organic Search,2025-04-29,2025-05-01,True,False,2,2,2,6,154.24
904,Paid Ads,2025-06-27,,False,True,0,0,0,12,0.0
905,Social Media,2025-03-27,,False,True,0,0,0,8,0.0
906,Organic Search,2025-04-30,,False,True,0,0,0,6,0.0
907,Organic Search,2025-02-21,2025-02-26,True,False,1,1,1,6,54.01
908,Social Media,2025-06-01,,True,False,0,0,0,8,0.0
909,Paid Ads,2025-06-17,,True,False,0,0,0,12,0.0
910,Paid Ads,2025-02-15,,True,False,0,0,0,12,0.0
911,Organic Search,2025-04-09,,True,False,0,0,0,6,0.0
912,Paid Ads,2025-01-22,2025-01-29,True,False,2,3,3,12,154.13
913,Organic Search,2025-03-25,,False,True,0,0,0,6,0.0
914,Referrals,2025-04-07,2025-04-13,False,True,5,8,11,4,852.18
915,Paid Ads,2025-01-11,,False,True,0,0,0,12,0.0
916,Referrals,2025-01-31,2025-02-07,False,True,6,7,14,4,1433.08
917,Referrals,2025-06-27,2025-07-09,False,True,1,6,9,4,768.92
918,Organic Search,2025-06-15,,True,False,0,0,0,6,0.0
919,Paid Ads,2025-04-23,,True,False,0,0,0,12,0.0
920,Referrals,2025-01-18,2025-01-23,True,False,3,3,3,4,404.58
921,Paid Ads,2025-03-20,2025-04-01,True,False,1,2,2,12,91.42
922,Referrals,2025-02-28,,False,True,0,0,0,4,0.0
923,Paid Ads,2025-05-28,,False,True,0,0,0,12,0.0
924,Paid Ads,2025-02-07,2025-02-19,True,False,3,4,4,12,165.44
925,Organic Search,2025-04-05,2025-04-18,True,False,2,2,2,6,101.54
926,Organic Search,2025-01-29,,False,True,0,0,0,6,0.0
927,Organic Search,2025-06-04,2025-06-11,True,False,2,3,3,6,265.88
928,Paid Ads,2025-06-08,2025-06-09,True,False,2,3,3,12,170.67
929,Paid Ads,2025-02-20,2025-03-06,True,False,2,2,2,12,87.92
930,Organic Search,2025-06-08,,False,True,0,0,0,6,0.0
931,Referrals,2025-02-18,2025-02-19,True,False,1,2,2,4,211.79
932,Organic Search,2025-01-26,2025-02-09,True,False,1,2,2,6,160.39
933,Referrals,2025-06-29,2025-07-12,False,True,7,10,15,4,1536.21
934,Referrals,2025-03-03,2025-03-17,True,False,1,1,1,4,106.56
935,Organic Search,2025-01-21,2025-01-27,True,False,2,3,3,6,128.66
936,Referrals,2025-01-15,2025-01-25,False,True,4,8,13,4,1046.95
937,Paid Ads,2025-03-27,,True,False,0,0,0,12,0.0
938,Paid Ads,2025-06-08,,False,True,0,0,0,12,0.0
939,Paid Ads,2025-04-01,2025-04-11,True,False,1,1,1,12,49.54
940,Organic Search,2025-02-11,2025-02-15,False,True,2,8,10,6,810.76
941,Organic Search,2025-04-27,2025-05-04,True,False,1,2,2,6,167.49
942,Paid Ads,2025-02-22,,True,False,0,0,0,12,0.0
943,Social Media,2025-05-30,,True,False,0,0,0,8,0.0
944,Paid Ads,2025-05-09,2025-05-22,True,False,3,3,3,12,98.05
945,Organic Search,2025-03-16,2025-03-28,False,True,5,6,13,6,787.46
946,Organic Search,2025-05-24,2025-05-26,True,False,3,4,4,6,244.13
947,Paid Ads,2025-02-12,,False,True,0,0,0,12,0.0
948,Paid Ads,2025-02-18,,False,True,0,0,0,12,0.0
949,Organic Search,2025-05-07,2025-05-11,False,True,5,9,13,6,424.02
950,Paid Ads,2025-01-30,2025-02-08,True,False,2,2,2,12,122.45
951,Organic Search,2025-05-08,2025-05-16,True,False,1,1,1,6,58.04
952,Paid Ads,2025-06-27,2025-06-29,True,False,1,2,2,12,91.67
953,Organic Search,2025-04-13,2025-04-26,False,True,5,6,10,6,870.48
954,Social Media,2025-04-11,2025-04-25,True,False,1,1,1,8,39.93
955,Paid Ads,2025-06-28,,False,True,0,0,0,12,0.0
956,Referrals,2025-05-20,2025-06-03,False,True,3,8,9,4,869.87
957,Paid Ads,2025-02-01,,False,True,0,0,0,12,0.0
958,Paid Ads,2025-04-10,,False,True,0,0,0,12,0.0
959,Paid Ads,2025-04-24,,False,True,0,0,0,12,0.0
960,Paid Ads,2025-06-21,,True,False,0,0,0,12,0.0
961,Social Media,2025-04-24,,False,True,0,0,0,8,0.0
962,Social Media,2025-04-29,,True,False,0,0,0,8,0.0
963,Social Media,2025-02-13,,True,False,0,0,0,8,0.0
964,Referrals,2025-04-24,2025-04-27,False,True,5,11,12,4,1108.61
965,Paid Ads,2025-03-03,,True,False,0,0,0,12,0.0
966,Paid Ads,2025-05-17,2025-05-23,False,True,7,11,18,12,854.61
967,Social Media,2025-03-18,,True,False,0,0,0,8,0.0
968,Paid Ads,2025-06-11,,False,True,0,0,0,12,0.0
969,Referrals,2025-02-24,2025-02-27,False,True,6,11,17,4,1751.23
970,Social Media,2025-01-11,,True,False,0,0,0,8,0.0
971,Paid Ads,2025-04-14,2025-04-26,True,False,3,4,4,12,204.71
972,Paid Ads,2025-01-08,,True,False,0,0,0,12,0.0
973,Paid Ads,2025-01-25,,False,True,0,0,0,12,0.0
974,Referrals,2025-03-24,2025-04-03,True,False,1,1,1,4,104.86
975,Referrals,2025-04-07,2025-04-14,False,True,4,9,11,4,1274.08
976,Referrals,2025-01-22,2025-02-03,False,True,7,8,11,4,1133.89
977,Organic Search,2025-04-27,,False,True,0,0,0,6,0.0
978,Referrals,2025-06-15,2025-06-21,True,False,2,3,3,4,295.16
979,Organic Search,2025-06-04,,True,False,0,0,0,6,0.0
980,Referrals,2025-01-26,2025-01-29,False,True,3,10,17,4,1447.51
981,Paid Ads,2025-03-30,,True,False,0,0,0,12,0.0
982,Paid Ads,2025-05-10,,True,False,0,0,0,12,0.0
983,Social Media,2025-02-04,,False,True,0,0,0,8,0.0
984,Paid Ads,2025-04-13,2025-04-25,True,False,3,3,3,12,90.95
985,Organic Search,2025-05-09,,True,False,0,0,0,6,0.0
986,Social Media,2025-04-09,,True,False,0,0,0,8,0.0
987,Social Media,2025-01-29,2025-02-04,False,True,7,9,10,8,373.71
988,Paid Ads,2025-03-07,,True,False,0,0,0,12,0.0
989,Paid Ads,2025-03-19,,False,True,0,0,0,12,0.0
990,Social Media,2025-02-07,,True,False,0,0,0,8,0.0
991,Referrals,2025-04-16,2025-04-23,True,False,1,1,1,4,83.44
992,Social Media,2025-06-07,2025-06-12,True,False,3,3,3,8,127.51
993,Paid Ads,2025-06-08,,True,False,0,0,0,12,0.0
994,Social Media,2025-04-13,,True,False,0,0,0,8,0.0
995,Social Media,2025-03-26,,True,False,0,0,0,8,0.0
996,Referrals,2025-06-09,2025-06-18,False,True,1,2,5,4,428.59
997,Social Media,2025-05-27,,False,True,0,0,0,8,0.0
998,Paid Ads,2025-01-22,2025-01-31,True,False,3,4,4,12,200.03
999,Social Media,2025-06-08,2025-06-16,True,False,2,3,3,8,94.2
1000,Referrals,2025-04-19,2025-04-28,False,True,6,13,17,4,1646.59
1001,Paid Ads,2025-05-08,,True,False,0,0,0,12,0.0
1002,Paid Ads,2025-03-10,2025-03-19,True,False,2,2,2,12,100.68
1003,Referrals,2025-01-04,2025-01-16,False,True,3,5,7,4,818.53
1004,Referrals,2025-02-02,,True,False,0,0,0,4,0.0
1005,Referrals,2025-05-22,2025-06-05,True,False,3,4,4,4,296.76
1006,Social Media,2025-01-18,,True,False,0,0,0,8,0.0
1007,Organic Search,2025-01-19,2025-01-22,True,False,2,3,3,6,226.07
1008,Organic Search,2025-01-11,2025-01-21,False,True,6,13,14,6,989.01
1009,Paid Ads,2025-01-16,,False,True,0,0,0,12,0.0
1010,Organic Search,2025-06-20,2025-06-21,False,True,6,9,13,6,820.4
1011,Organic Search,2025-05-17,,False,True,0,0,0,6,0.0
1012,Paid Ads,2025-01-01,,True,False,0,0,0,12,0.0
1013,Referrals,2025-01-26,,False,True,0,0,0,4,0.0
1014,Referrals,2025-02-28,,False,True,0,0,0,4,0.0
1015,Paid Ads,2025-06-13,2025-06-21,True,False,2,2,2,12,102.24
1016,Referrals,2025-05-26,,False,True,0,0,0,4,0.0
1017,Referrals,2025-03-13,2025-03-23,False,True,6,11,15,4,1592.54
1018,Referrals,2025-03-28,2025-04-08,False,True,7,12,14,4,1494.85
1019,Paid Ads,2025-04-18,2025-04-22,True,False,2,3,3,12,166.49
1020,Referrals,2025-05-03,2025-05-14,True,False,3,4,4,4,420.35
1021,Referrals,2025-04-28,2025-05-07,True,False,3,4,4,4,331.63
1022,Paid Ads,2025-06-05,,False,True,0,0,0,12,0.0
1023,Organic Search,2025-01-15,2025-01-21,False,True,4,8,10,6,776.86
1024,Paid Ads,2025-01-09,2025-01-12,False,True,2,4,5,12,239.61
1025,Referrals,2025-03-22,,False,True,0,0,0,4,0.0
1026,Paid Ads,2025-03-07,2025-03-14,True,False,3,4,4,12,220.95
1027,Social Media,2025-06-21,2025-07-05,True,False,2,2,2,8,82.77
1028,Organic Search,2025-02-03,,False,True,0,0,0,6,0.0
1029,Organic Search,2025-01-24,2025-02-05,False,True,3,7,11,6,505.97
1030,Organic Search,2025-02-11,2025-02-13,False,True,4,6,12,6,866.35
1031,Paid Ads,2025-05-12,2025-05-17,False,True,2,8,15,12,635.33
1032,Organic Search,2025-01-07,,False,True,0,0,0,6,0.0
1033,Referrals,2025-02-22,2025-02-26,False,True,4,5,12,4,1099.58
1034,Referrals,2025-04-21,2025-04-25,False,True,4,7,10,4,949.54
1035,Referrals,2025-05-31,,False,True,0,0,0,4,0.0
1036,Organic Search,2025-02-10,2025-02-20,False,True,6,10,11,6,817.01
1037,Referrals,2025-04-29,2025-05-10,False,True,7,11,14,4,1310.74
1038,Referrals,2025-04-11,,True,False,0,0,0,4,0.0
1039,Referrals,2025-02-23,,False,True,0,0,0,4,0.0
1040,Referrals,2025-04-11,2025-04-12,True,False,3,4,4,4,474.6
1041,Social Media,2025-06-04,2025-06-08,False,True,5,6,12,8,378.25
1042,Paid Ads,2025-03-28,2025-04-04,True,False,2,3,3,12,136.97
1043,Organic Search,2025-03-08,2025-03-15,True,False,2,3,3,6,212.0
1044,Paid Ads,2025-05-16,,True,False,0,0,0,12,0.0
1045,Referrals,2025-04-06,2025-04-07,True,False,2,3,3,4,232.8
1046,Paid Ads,2025-04-23,,True,False,0,0,0,12,0.0
1047,Organic Search,2025-01-10,,True,False,0,0,0,6,0.0
1048,Referrals,2025-05-16,2025-05-17,False,True,3,7,9,4,818.63
1049,Paid Ads,2025-06-26,,True,False,0,0,0,12,0.0
1050,Paid Ads,2025-02-25,2025-03-05,True,False,1,2,2,12,61.24
1051,Organic Search,2025-02-04,,True,False,0,0,0,6,0.0
1052,Paid Ads,2025-01-22,,True,False,0,0,0,12,0.0
1053,Paid Ads,2025-04-13,,False,True,0,0,0,12,0.0
1054,Social Media,2025-04-08,,True,False,0,0,0,8,0.0
1055,Paid Ads,2025-06-01,,True,False,0,0,0,12,0.0
1056,Social Media,2025-05-23,2025-05-24,True,False,1,1,1,8,43.52
1057,Paid Ads,2025-04-22,,True,False,0,0,0,12,0.0
1058,Social Media,2025-05-02,,True,False,0,0,0,8,0.0
1059,Referrals,2025-03-30,2025-04-06,True,False,3,4,4,4,313.59
1060,Referrals,2025-05-06,2025-05-10,True,False,2,2,2,4,226.58
1061,Social Media,2025-04-22,,True,False,0,0,0,8,0.0
1062,Referrals,2025-03-05,,False,True,0,0,0,4,0.0
1063,Social Media,2025-05-25,,True,False,0,0,0,8,0.0
1064,Paid Ads,2025-04-10,2025-04-22,False,True,7,8,15,12,627.32
1065,Paid Ads,2025-06-19,,True,False,0,0,0,12,0.0
1066,Paid Ads,2025-06-20,2025-06-22,False,True,6,7,13,12,661.37
1067,Organic Search,2025-05-24,,False,True,0,0,0,6,0.0
1068,Social Media,2025-05-01,,True,False,0,0,0,8,0.0
1069,Referrals,2025-05-13,2025-05-23,False,True,6,12,18,4,1739.56
1070,Referrals,2025-03-16,2025-03-17,False,True,6,10,12,4,1043.3
1071,Paid Ads,2025-05-02,,False,True,0,0,0,12,0.0
1072,Paid Ads,2025-06-11,,True,False,0,0,0,12,0.0
1073,Social Media,2025-02-28,2025-03-04,True,False,1,2,2,8,56.06
1074,Social Media,2025-06-09,,True,False,0,0,0,8,0.0
1075,Social Media,2025-06-24,,True,False,0,0,0,8,0.0
1076,Paid Ads,2025-01-19,,True,False,0,0,0,12,0.0
1077,Referrals,2025-02-16,2025-02-24,False,True,4,7,14,4,1193.89
1078,Paid Ads,2025-03-12,,False,True,0,0,0,12,0.0
1079,Social Media,2025-02-06,,True,False,0,0,0,8,0.0
1080,Social Media,2025-03-12,2025-03-22,True,False,1,2,2,8,58.3
1081,Organic Search,2025-05-21,,True,False,0,0,0,6,0.0
1082,Referrals,2025-05-08,2025-05-10,False,True,1,4,6,4,621.71
1083,Paid Ads,2025-03-16,,True,False,0,0,0,12,0.0
1084,Organic Search,2025-05-04,,False,True,0,0,0,6,0.0
1085,Social Media,2025-02-10,,True,False,0,0,0,8,0.0
1086,Social Media,2025-04-13,,True,False,0,0,0,8,0.0
1087,Social Media,2025-02-26,,False,True,0,0,0,8,0.0
1088,Referrals,2025-04-25,2025-05-05,False,True,1,2,7,4,663.55
1089,Referrals,2025-02-21,2025-03-02,False,True,3,4,11,4,1093.98
1090,Organic Search,2025-01-02,2025-01-07,False,True,6,10,15,6,1250.43
1091,Referrals,2025-03-30,2025-04-06,False,True,6,10,11,4,1090.7
1092,Social Media,2025-03-25,,True,False,0,0,0,8,0.0
1093,Referrals,2025-01-19,,True,False,0,0,0,4,0.0
1094,Referrals,2025-04-01,2025-04-06,False,True,3,4,10,4,831.86
1095,Paid Ads,2025-04-25,,True,False,0,0,0,12,0.0
1096,Paid Ads,2025-06-20,,True,False,0,0,0,12,0.0
1097,Referrals,2025-03-25,2025-04-03,False,True,2,4,7,4,580.77
1098,Paid Ads,2025-02-06,2025-02-12,True,False,1,2,2,12,100.55
1099,Referrals,2025-03-20,2025-03-23,False,True,6,11,17,4,2563.22
1100,Social Media,2025-02-05,2025-02-11,True,False,2,3,3,8,89.53
1101,Organic Search,2025-05-19,,False,True,0,0,0,6,0.0
1102,Organic Search,2025-01-10,2025-01-16,False,True,3,10,16,6,950.79
1103,Social Media,2025-03-04,,False,True,0,0,0,8,0.0
1104,Social Media,2025-03-12,2025-03-14,True,False,2,3,3,8,127.79
1105,Referrals,2025-02-12,2025-02-18,False,True,5,8,9,4,576.78
1106,Paid Ads,2025-05-28,,False,True,0,0,0,12,0.0
1107,Paid Ads,2025-05-20,,False,True,0,0,0,12,0.0
1108,Social Media,2025-01-24,,True,False,0,0,0,8,0.0
1109,Organic Search,2025-06-01,,False,True,0,0,0,6,0.0
1110,Organic Search,2025-06-12,2025-06-17,False,True,6,13,15,6,973.29
1111,Referrals,2025-06-20,2025-06-30,True,False,2,3,3,4,343.53
1112,Referrals,2025-06-09,2025-06-10,False,True,2,4,6,4,638.35
1113,Paid Ads,2025-04-30,,True,False,0,0,0,12,0.0
1114,Social Media,2025-03-14,2025-03-17,True,False,1,2,2,8,47.61
1115,Referrals,2025-05-30,2025-06-09,True,False,1,2,2,4,185.1
1116,Paid Ads,2025-01-16,,False,True,0,0,0,12,0.0
1117,Social Media,2025-06-14,2025-06-24,True,False,1,1,1,8,26.52
1118,Social Media,2025-06-01,2025-06-06,True,False,1,1,1,8,36.32
1119,Paid Ads,2025-03-29,,False,True,0,0,0,12,0.0
1120,Social Media,2025-05-05,,True,False,0,0,0,8,0.0
1121,Referrals,2025-04-21,,False,True,0,0,0,4,0.0
1122,Paid Ads,2025-03-12,2025-03-24,True,False,1,2,2,12,58.56
1123,Referrals,2025-01-09,2025-01-10,False,True,4,10,15,4,1684.87
1124,Social Media,2025-01-14,,True,False,0,0,0,8,0.0
1125,Paid Ads,2025-02-05,2025-02-17,True,False,2,3,3,12,89.05
1126,Organic Search,2025-01-29,2025-02-08,False,True,2,3,10,6,621.41
1127,Referrals,2025-01-15,2025-01-28,False,True,7,8,10,4,1027.51
1128,Referrals,2025-03-02,2025-03-06,False,True,1,6,13,4,1322.69
1129,Paid Ads,2025-01-23,2025-02-03,False,True,2,7,13,12,557.38
1130,Referrals,2025-05-03,,True,False,0,0,0,4,0.0
1131,Social Media,2025-01-08,,True,False,0,0,0,8,0.0
1132,Paid Ads,2025-02-23,,True,False,0,0,0,12,0.0
1133,Social Media,2025-02-03,,True,False,0,0,0,8,0.0
1134,Paid Ads,2025-04-16,2025-04-17,True,False,2,2,2,12,79.97
1135,Referrals,2025-06-21,,True,False,0,0,0,4,0.0
1136,Organic Search,2025-04-27,2025-05-01,True,False,1,2,2,6,111.16
1137,Paid Ads,2025-06-03,,False,True,0,0,0,12,0.0
1138,Referrals,2025-03-11,2025-03-21,False,True,7,8,11,4,1229.02
1139,Organic Search,2025-03-11,2025-03-22,True,False,1,2,2,6,100.22
1140,Paid Ads,2025-03-30,,False,True,0,0,0,12,0.0
1141,Referrals,2025-01-23,2025-02-01,False,True,1,5,10,4,788.21
1142,Organic Search,2025-02-28,2025-03-02,False,True,6,8,12,6,841.05
1143,Paid Ads,2025-03-15,2025-03-18,True,False,3,3,3,12,133.34
1144,Organic Search,2025-06-18,,True,False,0,0,0,6,0.0
1145,Referrals,2025-06-11,2025-06-21,False,True,2,4,10,4,1330.55
1146,Social Media,2025-05-16,,False,True,0,0,0,8,0.0
1147,Paid Ads,2025-05-25,,True,False,0,0,0,12,0.0
1148,Organic Search,2025-01-04,,True,False,0,0,0,6,0.0
1149,Referrals,2025-06-21,,False,True,0,0,0,4,0.0
1150,Referrals,2025-03-14,2025-03-24,False,True,5,12,16,4,1713.79
1151,Paid Ads,2025-03-29,,True,False,0,0,0,12,0.0
1152,Referrals,2025-02-27,2025-03-13,False,True,4,11,12,4,969.43
1153,Organic Search,2025-06-07,2025-06-21,True,False,2,2,2,6,66.66
1154,Paid Ads,2025-01-12,,True,False,0,0,0,12,0.0
1155,Referrals,2025-06-26,2025-07-07,False,True,6,7,13,4,1268.14
1156,Paid Ads,2025-01-23,,True,False,0,0,0,12,0.0
1157,Organic Search,2025-01-15,2025-01-29,False,True,6,7,13,6,757.62
1158,Referrals,2025-02-21,2025-03-02,False,True,6,10,11,4,935.82
1159,Social Media,2025-02-15,,True,False,0,0,0,8,0.0
1160,Social Media,2025-03-02,2025-03-08,True,False,2,3,3,8,140.83
1161,Social Media,2025-04-15,,True,False,0,0,0,8,0.0
1162,Organic Search,2025-04-23,2025-04-26,False,True,5,12,15,6,1189.82
1163,Social Media,2025-04-29,2025-05-03,False,True,1,3,4,8,125.97
1164,Referrals,2025-05-24,2025-06-05,False,True,4,5,11,4,917.17
1165,Organic Search,2025-05-26,,True,False,0,0,0,6,0.0
1166,Paid Ads,2025-04-20,,False,True,0,0,0,12,0.0
1167,Paid Ads,2025-04-15,2025-04-19,True,False,1,2,2,12,82.53
1168,Referrals,2025-01-11,2025-01-25,True,False,3,3,3,4,321.68
1169,Organic Search,2025-04-06,2025-04-07,False,True,3,8,13,6,853.79
1170,Paid Ads,2025-04-04,2025-04-05,True,False,2,2,2,12,55.99
1171,Referrals,2025-03-30,,False,True,0,0,0,4,0.0
1172,Paid Ads,2025-05-23,2025-05-25,False,True,2,5,12,12,614.69
1173,Referrals,2025-01-23,2025-01-28,False,True,1,5,12,4,1331.6
1174,Organic Search,2025-06-09,2025-06-22,False,True,4,7,12,6,1182.07
1175,Organic Search,2025-01-15,2025-01-26,False,True,4,8,9,6,587.18
1176,Referrals,2025-06-24,2025-06-25,True,False,1,2,2,4,156.39
1177,Social Media,2025-03-15,2025-03-22,False,True,2,4,9,8,452.8
1178,Social Media,2025-02-12,2025-02-16,True,False,3,3,3,8,99.91
1179,Paid Ads,2025-05-05,,True,False,0,0,0,12,0.0
1180,Social Media,2025-06-10,2025-06-11,True,False,2,2,2,8,60.07
1181,Organic Search,2025-03-31,2025-04-14,False,True,6,8,11,6,820.48
1182,Organic Search,2025-01-13,,True,False,0,0,0,6,0.0
1183,Referrals,2025-04-05,2025-04-14,False,True,6,12,17,4,1542.66
1184,Organic Search,2025-06-05,,True,False,0,0,0,6,0.0
1185,Paid Ads,2025-03-19,,False,True,0,0,0,12,0.0
1186,Organic Search,2025-06-15,2025-06-27,False,True,3,4,7,6,588.53
1187,Organic Search,2025-03-19,2025-03-27,True,False,3,4,4,6,341.27
1188,Referrals,2025-01-24,2025-02-05,False,True,2,6,10,4,846.15
1189,Referrals,2025-01-17,,False,True,0,0,0,4,0.0
1190,Referrals,2025-03-08,2025-03-17,False,True,6,8,11,4,630.33
1191,Paid Ads,2025-05-26,,False,True,0,0,0,12,0.0
1192,Paid Ads,2025-02-20,,False,True,0,0,0,12,0.0
1193,Organic Search,2025-06-24,2025-07-04,False,True,1,2,5,6,309.64
1194,Referrals,2025-01-31,2025-02-07,False,True,1,8,13,4,1052.72
1195,Referrals,2025-02-07,,False,True,0,0,0,4,0.0
1196,Social Media,2025-01-13,2025-01-26,True,False,1,1,1,8,35.97
1197,Referrals,2025-04-23,,False,True,0,0,0,4,0.0
1198,Paid Ads,2025-03-14,,True,False,0,0,0,12,0.0
1199,Paid Ads,2025-04-28,,True,False,0,0,0,12,0.0
1200,Social Media,2025-04-10,,True,False,0,0,0,8,0.0
1201,Paid Ads,2025-04-01,,True,False,0,0,0,12,0.0
1202,Referrals,2025-02-19,,False,True,0,0,0,4,0.0
1203,Referrals,2025-03-22,2025-04-01,True,False,1,1,1,4,80.43
1204,Organic Search,2025-02-25,,False,True,0,0,0,6,0.0
1205,Paid Ads,2025-05-08,2025-05-13,False,True,2,9,11,12,596.26
1206,Paid Ads,2025-03-01,,True,False,0,0,0,12,0.0
1207,Organic Search,2025-01-25,2025-02-05,True,False,1,1,1,6,73.92
1208,Social Media,2025-06-26,,True,False,0,0,0,8,0.0
1209,Organic Search,2025-05-14,2025-05-23,True,False,2,3,3,6,222.28
1210,Paid Ads,2025-06-27,,False,True,0,0,0,12,0.0
1211,Referrals,2025-06-13,2025-06-14,False,True,4,6,9,4,825.76
1212,Referrals,2025-02-06,,False,True,0,0,0,4,0.0
1213,Paid Ads,2025-05-28,2025-06-10,True,False,2,3,3,12,151.91
1214,Paid Ads,2025-05-25,,True,False,0,0,0,12,0.0
1215,Paid Ads,2025-02-20,2025-03-02,True,False,3,3,3,12,139.5
1216,Referrals,2025-03-02,2025-03-12,True,False,3,4,4,4,313.18
1217,Organic Search,2025-06-08,2025-06-12,False,True,6,13,20,6,1111.54
1218,Paid Ads,2025-05-30,,True,False,0,0,0,12,0.0
1219,Referrals,2025-02-15,2025-02-19,False,True,5,7,8,4,817.58
1220,Referrals,2025-04-10,2025-04-12,False,True,6,11,16,4,1731.39
1221,Social Media,2025-05-24,,True,False,0,0,0,8,0.0
1222,Paid Ads,2025-03-22,2025-03-25,True,False,1,1,1,12,29.62
1223,Organic Search,2025-02-23,2025-02-25,True,False,2,3,3,6,148.23
1224,Social Media,2025-01-11,2025-01-18,True,False,1,2,2,8,88.25
1225,Social Media,2025-02-16,,True,False,0,0,0,8,0.0
1226,Paid Ads,2025-04-17,2025-04-19,True,False,3,4,4,12,187.96
1227,Referrals,2025-02-28,2025-03-10,False,True,1,2,9,4,599.61
1228,Paid Ads,2025-01-21,2025-01-25,True,False,3,3,3,12,77.65
1229,Paid Ads,2025-06-09,,False,True,0,0,0,12,0.0
1230,Referrals,2025-02-20,2025-02-21,True,False,2,2,2,4,249.75
1231,Social Media,2025-01-23,2025-01-26,False,True,2,9,12,8,396.07
1232,Paid Ads,2025-05-02,,True,False,0,0,0,12,0.0
1233,Organic Search,2025-06-10,2025-06-13,True,False,1,1,1,6,74.9
1234,Paid Ads,2025-01-26,,False,True,0,0,0,12,0.0
1235,Organic Search,2025-01-29,,True,False,0,0,0,6,0.0
1236,Paid Ads,2025-06-26,,True,False,0,0,0,12,0.0
1237,Paid Ads,2025-02-13,2025-02-26,True,False,3,3,3,12,92.58
1238,Social Media,2025-06-08,,True,False,0,0,0,8,0.0
1239,Referrals,2025-02-21,2025-03-03,False,True,5,8,11,4,858.21
1240,Referrals,2025-03-28,2025-04-10,False,True,1,6,9,4,788.66
1241,Social Media,2025-03-12,2025-03-18,True,False,3,4,4,8,125.52
1242,Organic Search,2025-04-07,,False,True,0,0,0,6,0.0
1243,Organic Search,2025-06-29,2025-07-04,False,True,5,11,13,6,1039.65
1244,Paid Ads,2025-06-10,,True,False,0,0,0,12,0.0
1245,Social Media,2025-05-07,,True,False,0,0,0,8,0.0
1246,Organic Search,2025-03-14,2025-03-17,True,False,2,2,2,6,84.28
1247,Social Media,2025-03-19,,True,False,0,0,0,8,0.0
1248,Referrals,2025-04-22,2025-04-25,True,False,2,2,2,4,171.85
1249,Referrals,2025-03-26,,False,True,0,0,0,4,0.0
1250,Paid Ads,2025-01-02,,True,False,0,0,0,12,0.0
1251,Organic Search,2025-03-11,2025-03-20,False,True,6,10,13,6,940.9
1252,Referrals,2025-01-08,2025-01-13,False,True,1,4,9,4,697.34
1253,Paid Ads,2025-05-08,,True,False,0,0,0,12,0.0
1254,Organic Search,2025-05-05,,True,False,0,0,0,6,0.0
1255,Paid Ads,2025-06-15,,False,True,0,0,0,12,0.0
1256,Organic Search,2025-03-21,2025-04-04,False,True,4,9,12,6,923.84
1257,Social Media,2025-06-29,,True,False,0,0,0,8,0.0
1258,Organic Search,2025-06-21,,False,True,0,0,0,6,0.0
1259,Organic Search,2025-05-03,2025-05-15,False,True,7,12,15,6,1073.32
1260,Referrals,2025-01-25,2025-02-01,False,True,2,4,9,4,878.67
1261,Paid Ads,2025-04-21,2025-04-30,True,False,3,4,4,12,186.9
1262,Organic Search,2025-03-04,,True,False,0,0,0,6,0.0
1263,Referrals,2025-05-24,2025-06-05,True,False,3,3,3,4,317.67
1264,Paid Ads,2025-01-03,,True,False,0,0,0,12,0.0
1265,Organic Search,2025-05-17,2025-05-19,False,True,3,7,12,6,565.22
1266,Social Media,2025-05-22,,True,False,0,0,0,8,0.0
1267,Paid Ads,2025-05-31,,True,False,0,0,0,12,0.0
1268,Organic Search,2025-04-28,2025-05-07,True,False,2,2,2,6,123.28
1269,Social Media,2025-06-20,,True,False,0,0,0,8,0.0
1270,Organic Search,2025-05-05,2025-05-19,False,True,7,12,17,6,1420.68
1271,Referrals,2025-03-14,2025-03-17,False,True,2,4,9,4,1057.45
1272,Referrals,2025-04-20,,True,False,0,0,0,4,0.0
1273,Referrals,2025-01-10,2025-01-23,False,True,1,8,11,4,1107.0
1274,Referrals,2025-04-03,2025-04-05,True,False,1,2,2,4,143.63
1275,Paid Ads,2025-06-06,2025-06-15,False,True,3,7,10,12,466.65
1276,Referrals,2025-03-31,,False,True,0,0,0,4,0.0
1277,Organic Search,2025-01-05,,True,False,0,0,0,6,0.0
1278,Paid Ads,2025-06-24,2025-07-08,True,False,3,3,3,12,131.15
1279,Paid Ads,2025-03-01,2025-03-11,False,True,5,12,15,12,567.91
1280,Organic Search,2025-06-28,2025-07-01,False,True,6,11,13,6,988.78
1281,Paid Ads,2025-02-17,,True,False,0,0,0,12,0.0
1282,Paid Ads,2025-03-16,2025-03-26,False,True,7,13,18,12,782.82
1283,Social Media,2025-02-28,,True,False,0,0,0,8,0.0
1284,Paid Ads,2025-04-30,,True,False,0,0,0,12,0.0
1285,Referrals,2025-04-26,2025-04-28,True,False,1,2,2,4,161.05
1286,Referrals,2025-06-10,2025-06-24,False,True,5,7,13,4,1330.21
1287,Referrals,2025-03-21,2025-03-29,False,True,3,7,12,4,1407.17
1288,Paid Ads,2025-02-24,,True,False,0,0,0,12,0.0
1289,Paid Ads,2025-01-29,,False,True,0,0,0,12,0.0
1290,Organic Search,2025-06-22,2025-06-24,True,False,1,2,2,6,177.59
1291,Paid Ads,2025-02-09,2025-02-16,False,True,6,11,16,12,580.95
1292,Paid Ads,2025-02-02,,True,False,0,0,0,12,0.0
1293,Organic Search,2025-01-28,,False,True,0,0,0,6,0.0
1294,Paid Ads,2025-01-24,,True,False,0,0,0,12,0.0
1295,Paid Ads,2025-03-10,2025-03-22,False,True,2,6,9,12,284.92
1296,Referrals,2025-05-04,2025-05-11,True,False,3,3,3,4,263.57
1297,Referrals,2025-05-25,2025-06-01,True,False,1,1,1,4,108.51
1298,Paid Ads,2025-06-09,2025-06-13,False,True,5,12,19,12,526.28
1299,Referrals,2025-03-27,2025-03-28,False,True,1,7,10,4,811.85
1300,Referrals,2025-04-21,,False,True,0,0,0,4,0.0
1301,Social Media,2025-05-26,2025-05-30,False,True,2,3,10,8,328.79
1302,Referrals,2025-04-22,2025-04-30,False,True,3,10,12,4,1358.32
1303,Paid Ads,2025-05-05,,True,False,0,0,0,12,0.0
1304,Referrals,2025-03-09,2025-03-16,False,True,3,10,11,4,949.91
1305,Paid Ads,2025-05-25,,True,False,0,0,0,12,0.0
1306,Organic Search,2025-05-14,2025-05-25,False,True,4,7,14,6,1290.09
1307,Referrals,2025-06-12,2025-06-23,True,False,1,2,2,4,237.29
1308,Paid Ads,2025-06-12,,True,False,0,0,0,12,0.0
1309,Social Media,2025-05-05,,True,False,0,0,0,8,0.0
1310,Paid Ads,2025-03-24,2025-04-06,True,False,1,1,1,12,30.66
1311,Paid Ads,2025-03-21,,True,False,0,0,0,12,0.0
1312,Referrals,2025-01-15,2025-01-16,False,True,1,6,8,4,756.76
1313,Paid Ads,2025-04-03,,True,False,0,0,0,12,0.0
1314,Paid Ads,2025-02-20,2025-02-23,True,False,3,3,3,12,150.19
1315,Organic Search,2025-05-22,,False,True,0,0,0,6,0.0
1316,Referrals,2025-01-24,2025-02-03,False,True,1,2,3,4,277.05
1317,Referrals,2025-06-22,2025-07-06,True,False,3,3,3,4,226.61
1318,Paid Ads,2025-04-21,2025-04-24,True,False,2,2,2,12,81.34
1319,Social Media,2025-06-20,2025-06-27,True,False,3,4,4,8,171.58
1320,Paid Ads,2025-04-25,2025-04-28,True,False,3,3,3,12,139.16
1321,Paid Ads,2025-05-01,,False,True,0,0,0,12,0.0
1322,Organic Search,2025-04-01,2025-04-05,False,True,5,12,17,6,1041.05
1323,Referrals,2025-01-08,,False,True,0,0,0,4,0.0
1324,Paid Ads,2025-06-18,,True,False,0,0,0,12,0.0
1325,Paid Ads,2025-03-28,,False,True,0,0,0,12,0.0
1326,Paid Ads,2025-06-03,2025-06-10,True,False,1,2,2,12,110.3
1327,Organic Search,2025-06-04,2025-06-18,False,True,5,9,12,6,425.29
1328,Paid Ads,2025-05-14,,True,False,0,0,0,12,0.0
1329,Social Media,2025-01-23,,True,False,0,0,0,8,0.0
1330,Referrals,2025-04-11,2025-04-24,False,True,6,9,13,4,1118.21
1331,Organic Search,2025-01-21,2025-01-23,False,True,6,8,11,6,703.47
1332,Paid Ads,2025-02-16,2025-02-17,True,False,3,4,4,12,245.07
1333,Paid Ads,2025-01-25,,True,False,0,0,0,12,0.0
1334,Referrals,2025-05-16,2025-05-25,False,True,7,14,18,4,1937.46
1335,Paid Ads,2025-05-06,2025-05-11,True,False,1,2,2,12,52.61
1336,Referrals,2025-03-28,2025-03-30,False,True,2,7,14,4,1267.42
1337,Social Media,2025-04-08,,True,False,0,0,0,8,0.0
1338,Organic Search,2025-02-05,,True,False,0,0,0,6,0.0
1339,Organic Search,2025-03-15,2025-03-21,True,False,2,2,2,6,140.82
1340,Social Media,2025-02-21,,True,False,0,0,0,8,0.0
1341,Paid Ads,2025-02-21,,True,False,0,0,0,12,0.0
1342,Social Media,2025-05-18,2025-05-28,False,True,2,7,9,8,333.35
1343,Referrals,2025-01-16,,False,True,0,0,0,4,0.0
1344,Organic Search,2025-03-14,2025-03-20,False,True,2,9,14,6,938.59
1345,Organic Search,2025-02-08,,False,True,0,0,0,6,0.0
1346,Organic Search,2025-01-05,2025-01-09,True,False,1,1,1,6,60.12
1347,Referrals,2025-01-09,2025-01-20,False,True,2,7,9,4,777.46
1348,Referrals,2025-05-13,2025-05-24,True,False,3,3,3,4,279.58
1349,Paid Ads,2025-02-20,,False,True,0,0,0,12,0.0
1350,Social Media,2025-03-11,,True,False,0,0,0,8,0.0
1351,Social Media,2025-04-05,,True,False,0,0,0,8,0.0
1352,Social Media,2025-03-06,,True,False,0,0,0,8,0.0
1353,Referrals,2025-02-24,2025-03-05,False,True,1,4,7,4,563.12
1354,Paid Ads,2025-05-02,2025-05-14,False,True,2,7,9,12,367.64
1355,Paid Ads,2025-04-28,2025-05-06,True,False,3,4,4,12,166.29
1356,Social Media,2025-01-13,,True,False,0,0,0,8,0.0
1357,Referrals,2025-01-01,2025-01-03,True,False,3,4,4,4,320.06
1358,Paid Ads,2025-05-02,,True,False,0,0,0,12,0.0
1359,Social Media,2025-02-03,2025-02-06,True,False,2,2,2,8,81.67
1360,Organic Search,2025-05-14,2025-05-22,False,True,1,6,11,6,779.87
1361,Paid Ads,2025-04-06,,True,False,0,0,0,12,0.0
1362,Paid Ads,2025-03-22,2025-03-30,False,True,5,11,17,12,952.09
1363,Organic Search,2025-05-11,2025-05-16,False,True,3,7,14,6,1188.81
1364,Paid Ads,2025-06-17,2025-06-25,True,False,2,2,2,12,85.36
1365,Referrals,2025-05-20,2025-06-01,False,True,2,9,13,4,1557.43
1366,Organic Search,2025-05-02,2025-05-09,False,True,5,6,10,6,478.87
1367,Organic Search,2025-04-05,2025-04-18,False,True,5,6,13,6,842.91
1368,Referrals,2025-05-19,2025-06-01,False,True,5,9,16,4,1765.34
1369,Referrals,2025-01-20,2025-02-01,False,True,5,10,14,4,1428.88
1370,Organic Search,2025-05-10,2025-05-23,True,False,1,2,2,6,170.2
1371,Organic Search,2025-02-16,2025-02-17,False,True,6,9,12,6,965.05
1372,Organic Search,2025-05-03,2025-05-16,True,False,3,4,4,6,316.67
1373,Social Media,2025-05-11,,True,False,0,0,0,8,0.0
1374,Paid Ads,2025-05-06,2025-05-15,True,False,2,2,2,12,110.82
1375,Social Media,2025-03-21,,True,False,0,0,0,8,0.0
1376,Paid Ads,2025-06-19,,True,False,0,0,0,12,0.0
1377,Social Media,2025-01-17,,True,False,0,0,0,8,0.0
1378,Paid Ads,2025-04-27,,False,True,0,0,0,12,0.0
1379,Organic Search,2025-03-13,2025-03-25,False,True,3,7,8,6,739.53
1380,Social Media,2025-05-27,2025-06-01,True,False,3,3,3,8,112.57
1381,Social Media,2025-01-24,2025-01-28,False,True,5,10,14,8,499.16
1382,Organic Search,2025-05-22,2025-05-25,False,True,4,11,17,6,1557.71
1383,Organic Search,2025-04-09,2025-04-11,False,True,3,6,13,6,1004.95
1384,Paid Ads,2025-04-25,2025-04-26,False,True,4,10,14,12,292.86
1385,Organic Search,2025-03-18,2025-03-21,True,False,1,2,2,6,87.83
1386,Paid Ads,2025-02-17,,True,False,0,0,0,12,0.0
1387,Social Media,2025-02-14,,True,False,0,0,0,8,0.0
1388,Referrals,2025-01-18,2025-01-24,False,True,4,7,11,4,1097.96
1389,Referrals,2025-03-01,,True,False,0,0,0,4,0.0
1390,Organic Search,2025-05-22,,True,False,0,0,0,6,0.0
1391,Referrals,2025-06-17,2025-06-22,False,True,1,6,13,4,1229.85
1392,Referrals,2025-05-11,2025-05-22,False,True,7,13,16,4,989.9
1393,Paid Ads,2025-04-15,,False,True,0,0,0,12,0.0
1394,Social Media,2025-06-25,2025-06-27,True,False,1,1,1,8,42.31
1395,Organic Search,2025-05-21,,False,True,0,0,0,6,0.0
1396,Social Media,2025-01-08,,True,False,0,0,0,8,0.0
1397,Organic Search,2025-01-14,,False,True,0,0,0,6,0.0
1398,Paid Ads,2025-05-14,2025-05-26,False,True,4,8,13,12,268.22
1399,Social Media,2025-04-03,,True,False,0,0,0,8,0.0
1400,Referrals,2025-02-14,2025-02-23,False,True,4,9,12,4,1238.56
1401,Organic Search,2025-03-12,,False,True,0,0,0,6,0.0
1402,Social Media,2025-05-06,2025-05-10,True,False,1,1,1,8,38.51
1403,Paid Ads,2025-01-03,,False,True,0,0,0,12,0.0
1404,Paid Ads,2025-04-27,2025-05-05,False,True,5,8,10,12,386.74
1405,Referrals,2025-03-12,2025-03-17,False,True,5,6,11,4,1028.15
1406,Social Media,2025-06-28,,True,False,0,0,0,8,0.0
1407,Organic Search,2025-01-26,2025-02-03,False,True,4,9,16,6,1197.6
1408,Paid Ads,2025-06-12,,True,False,0,0,0,12,0.0
1409,Referrals,2025-06-24,2025-07-08,True,False,2,3,3,4,344.23
1410,Paid Ads,2025-03-29,,True,False,0,0,0,12,0.0
1411,Referrals,2025-02-21,,True,False,0,0,0,4,0.0
1412,Paid Ads,2025-01-15,,True,False,0,0,0,12,0.0
1413,Paid Ads,2025-03-04,2025-03-11,True,False,1,2,2,12,95.23
1414,Social Media,2025-04-17,2025-04-22,True,False,1,1,1,8,43.62
1415,Referrals,2025-03-21,2025-04-04,False,True,2,8,11,4,1293.23
1416,Paid Ads,2025-06-05,2025-06-08,False,True,4,11,12,12,402.17
1417,Social Media,2025-02-24,,True,False,0,0,0,8,0.0
1418,Social Media,2025-01-03,,True,False,0,0,0,8,0.0
1419,Organic Search,2025-02-14,2025-02-19,False,True,1,7,8,6,453.4
1420,Organic Search,2025-01-23,,True,False,0,0,0,6,0.0
1421,Referrals,2025-05-30,2025-06-08,False,True,2,6,7,4,774.61
1422,Social Media,2025-02-27,,True,False,0,0,0,8,0.0
1423,Social Media,2025-06-03,2025-06-17,False,True,1,5,8,8,318.24
1424,Organic Search,2025-03-01,2025-03-14,False,True,2,9,12,6,846.67
1425,Referrals,2025-01-22,,False,True,0,0,0,4,0.0
1426,Referrals,2025-05-19,2025-05-30,False,True,5,9,14,4,1351.24
1427,Referrals,2025-04-08,2025-04-15,False,True,2,6,11,4,966.49
1428,Paid Ads,2025-03-19,2025-03-28,True,False,3,4,4,12,133.03
1429,Paid Ads,2025-04-19,,True,False,0,0,0,12,0.0
1430,Paid Ads,2025-01-26,2025-01-30,True,False,3,3,3,12,135.81
1431,Paid Ads,2025-01-31,2025-02-12,False,True,3,8,15,12,727.11
1432,Paid Ads,2025-01-28,,True,False,0,0,0,12,0.0
1433,Paid Ads,2025-02-08,2025-02-20,False,True,1,5,7,12,315.75
1434,Organic Search,2025-03-08,2025-03-16,False,True,3,4,8,6,525.55
1435,Paid Ads,2025-03-27,2025-04-05,True,False,1,1,1,12,45.2
1436,Paid Ads,2025-06-17,,True,False,0,0,0,12,0.0
1437,Organic Search,2025-02-17,2025-02-27,True,False,3,3,3,6,258.55
1438,Organic Search,2025-01-30,,True,False,0,0,0,6,0.0
1439,Referrals,2025-06-01,2025-06-13,False,True,3,5,9,4,886.98
1440,Referrals,2025-05-01,2025-05-14,False,True,4,7,14,4,1318.22
1441,Paid Ads,2025-01-15,2025-01-18,False,True,1,5,9,12,423.69
1442,Paid Ads,2025-03-19,,True,False,0,0,0,12,0.0
1443,Paid Ads,2025-04-12,2025-04-21,True,False,3,3,3,12,139.0
1444,Paid Ads,2025-04-26,2025-05-02,False,True,5,10,15,12,649.73
1445,Referrals,2025-05-25,,True,False,0,0,0,4,0.0
1446,Referrals,2025-01-06,2025-01-16,False,True,6,12,16,4,1516.52
1447,Referrals,2025-02-21,2025-02-26,False,True,3,10,17,4,2180.55
1448,Paid Ads,2025-04-06,2025-04-07,True,False,2,3,3,12,134.15
1449,Referrals,2025-01-20,2025-01-22,False,True,2,3,5,4,625.96
1450,Paid Ads,2025-04-18,2025-04-24,True,False,2,3,3,12,131.2
1451,Organic Search,2025-02-09,2025-02-22,True,False,3,3,3,6,214.39
1452,Paid Ads,2025-01-20,,True,False,0,0,0,12,0.0
1453,Referrals,2025-06-16,2025-06-22,False,True,7,13,19,4,2169.59
1454,Paid Ads,2025-02-22,2025-03-06,True,False,2,3,3,12,99.05
1455,Organic Search,2025-04-19,2025-04-26,False,True,6,11,12,6,614.21
1456,Referrals,2025-05-05,,False,True,0,0,0,4,0.0
1457,Organic Search,2025-01-19,2025-02-02,False,True,5,7,12,6,764.77
1458,Paid Ads,2025-03-29,,False,True,0,0,0,12,0.0
1459,Paid Ads,2025-01-19,,False,True,0,0,0,12,0.0
1460,Social Media,2025-02-15,,False,True,0,0,0,8,0.0
1461,Organic Search,2025-03-04,2025-03-16,True,False,3,4,4,6,264.49
1462,Referrals,2025-05-21,,True,False,0,0,0,4,0.0
1463,Social Media,2025-04-07,2025-04-19,True,False,2,3,3,8,89.57
1464,Paid Ads,2025-06-11,2025-06-19,True,False,3,4,4,12,220.42
1465,Paid Ads,2025-04-15,2025-04-16,False,True,7,11,12,12,491.23
1466,Paid Ads,2025-06-27,,True,False,0,0,0,12,0.0
1467,Organic Search,2025-05-16,2025-05-22,True,False,2,2,2,6,152.26
1468,Paid Ads,2025-04-14,,False,True,0,0,0,12,0.0
1469,Social Media,2025-01-12,,True,False,0,0,0,8,0.0
1470,Organic Search,2025-01-16,2025-01-27,True,False,3,4,4,6,281.83
1471,Paid Ads,2025-01-23,2025-02-03,True,False,3,4,4,12,174.03
1472,Paid Ads,2025-06-29,2025-07-12,True,False,1,2,2,12,86.01
1473,Organic Search,2025-02-26,,True,False,0,0,0,6,0.0
1474,Organic Search,2025-04-05,,False,True,0,0,0,6,0.0
1475,Paid Ads,2025-03-03,,False,True,0,0,0,12,0.0
1476,Paid Ads,2025-06-19,,False,True,0,0,0,12,0.0
1477,Paid Ads,2025-01-15,,True,False,0,0,0,12,0.0
1478,Organic Search,2025-05-17,,False,True,0,0,0,6,0.0
1479,Paid Ads,2025-06-26,,True,False,0,0,0,12,0.0
1480,Paid Ads,2025-04-10,,True,False,0,0,0,12,0.0
1481,Referrals,2025-06-22,2025-07-01,True,False,2,2,2,4,130.7
1482,Organic Search,2025-06-28,,True,False,0,0,0,6,0.0
1483,Referrals,2025-05-09,2025-05-22,False,True,4,11,15,4,1711.1
1484,Paid Ads,2025-03-20,2025-03-21,True,False,2,3,3,12,80.6
1485,Paid Ads,2025-01-20,2025-01-25,True,False,2,3,3,12,116.1
1486,Paid Ads,2025-01-13,2025-01-19,False,True,1,7,13,12,558.82
1487,Paid Ads,2025-05-18,2025-05-21,False,True,4,8,11,12,260.62
1488,Referrals,2025-06-15,2025-06-28,False,True,4,6,8,4,813.77
1489,Referrals,2025-01-09,2025-01-19,False,True,6,7,13,4,1027.4
1490,Paid Ads,2025-01-08,,True,False,0,0,0,12,0.0
1491,Referrals,2025-01-09,2025-01-19,False,True,4,8,10,4,1203.91
1492,Referrals,2025-02-23,2025-03-02,False,True,5,7,13,4,1252.31
1493,Organic Search,2025-02-15,2025-02-22,True,False,3,4,4,6,237.34
1494,Social Media,2025-05-21,,True,False,0,0,0,8,0.0
1495,Social Media,2025-06-06,,True,False,0,0,0,8,0.0
1496,Organic Search,2025-05-31,2025-06-01,False,True,7,13,18,6,1074.09
1497,Paid Ads,2025-02-16,2025-02-21,True,False,2,2,2,12,83.1
1498,Paid Ads,2025-05-18,,True,False,0,0,0,12,0.0
1499,Social Media,2025-02-26,2025-03-05,True,False,2,3,3,8,86.03
1500,Paid Ads,2025-05-31,2025-06-02,True,False,1,1,1,12,45.73
1501,Referrals,2025-05-01,2025-05-08,False,True,4,11,18,4,1032.41
1502,Referrals,2025-03-03,2025-03-14,True,False,3,4,4,4,346.3
1503,Referrals,2025-04-23,,True,False,0,0,0,4,0.0
1504,Referrals,2025-03-31,2025-04-04,False,True,4,9,13,4,1375.06
1505,Referrals,2025-02-21,2025-03-05,False,True,2,9,11,4,926.76
1506,Social Media,2025-04-16,,True,False,0,0,0,8,0.0
1507,Organic Search,2025-05-11,2025-05-25,False,True,5,7,9,6,554.21
1508,Organic Search,2025-01-20,2025-02-02,False,True,5,7,14,6,1086.6
1509,Organic Search,2025-02-18,2025-02-20,True,False,2,3,3,6,183.62
1510,Social Media,2025-04-03,2025-04-14,False,True,1,6,11,8,525.54
1511,Paid Ads,2025-05-13,2025-05-27,False,True,5,9,12,12,783.08
1512,Social Media,2025-05-21,2025-05-22,False,True,1,7,9,8,420.5
1513,Organic Search,2025-02-03,2025-02-11,True,False,1,1,1,6,80.07
1514,Social Media,2025-02-05,,True,False,0,0,0,8,0.0
1515,Social Media,2025-04-20,,True,False,0,0,0,8,0.0
1516,Social Media,2025-06-10,2025-06-13,True,False,3,4,4,8,193.32
1517,Paid Ads,2025-02-04,,True,False,0,0,0,12,0.0
1518,Paid Ads,2025-05-27,,True,False,0,0,0,12,0.0
1519,Referrals,2025-02-10,2025-02-13,False,True,4,11,14,4,1123.86
1520,Paid Ads,2025-05-19,2025-05-30,True,False,2,2,2,12,114.63
1521,Social Media,2025-02-16,,True,False,0,0,0,8,0.0
1522,Referrals,2025-01-21,2025-02-01,False,True,4,11,18,4,2005.1
1523,Social Media,2025-06-06,,True,False,0,0,0,8,0.0
1524,Organic Search,2025-04-26,2025-05-07,True,False,3,4,4,6,251.16
1525,Social Media,2025-05-08,,True,False,0,0,0,8,0.0
1526,Paid Ads,2025-03-13,,True,False,0,0,0,12,0.0
1527,Referrals,2025-04-11,,True,False,0,0,0,4,0.0
1528,Social Media,2025-03-21,,True,False,0,0,0,8,0.0
1529,Organic Search,2025-05-01,,True,False,0,0,0,6,0.0
1530,Referrals,2025-04-24,2025-05-08,False,True,1,6,13,4,1631.82
1531,Organic Search,2025-03-10,,True,False,0,0,0,6,0.0
1532,Social Media,2025-03-13,2025-03-27,False,True,2,4,8,8,198.34
1533,Social Media,2025-01-07,,False,True,0,0,0,8,0.0
1534,Referrals,2025-06-29,2025-07-10,True,False,1,2,2,4,153.73
1535,Organic Search,2025-01-27,2025-02-07,True,False,2,2,2,6,104.21
1536,Social Media,2025-03-11,,False,True,0,0,0,8,0.0
1537,Social Media,2025-04-21,,True,False,0,0,0,8,0.0
1538,Referrals,2025-04-06,2025-04-12,False,True,6,9,13,4,1258.11
1539,Organic Search,2025-03-30,2025-04-02,False,True,3,6,10,6,650.46
1540,Referrals,2025-02-20,2025-03-02,False,True,7,8,10,4,1095.66
1541,Paid Ads,2025-03-14,,False,True,0,0,0,12,0.0
1542,Referrals,2025-01-25,2025-02-02,False,True,4,7,9,4,997.47
1543,Referrals,2025-05-22,2025-06-01,False,True,7,9,16,4,2384.98
1544,Organic Search,2025-04-10,2025-04-13,False,True,7,14,15,6,985.05
1545,Organic Search,2025-03-12,,True,False,0,0,0,6,0.0
1546,Referrals,2025-04-11,2025-04-20,True,False,2,2,2,4,125.19
1547,Paid Ads,2025-06-04,,False,True,0,0,0,12,0.0
1548,Paid Ads,2025-01-03,,False,True,0,0,0,12,0.0
1549,Paid Ads,2025-04-04,2025-04-09,False,True,7,13,17,12,835.57
1550,Organic Search,2025-05-15,2025-05-28,True,False,2,3,3,6,171.18
1551,Paid Ads,2025-05-14,,True,False,0,0,0,12,0.0
1552,Referrals,2025-06-07,2025-06-19,False,True,4,6,10,4,1198.15
1553,Social Media,2025-06-20,,True,False,0,0,0,8,0.0
1554,Organic Search,2025-02-17,2025-02-23,True,False,2,3,3,6,165.9
1555,Paid Ads,2025-03-19,2025-04-02,True,False,3,4,4,12,137.48
1556,Referrals,2025-06-17,2025-06-28,False,True,5,9,11,4,804.3
1557,Referrals,2025-01-21,2025-01-22,False,True,2,4,9,4,516.06
1558,Referrals,2025-01-09,2025-01-22,True,False,1,1,1,4,58.49
1559,Referrals,2025-01-22,2025-02-05,False,True,4,10,13,4,1146.01
1560,Paid Ads,2025-06-24,,False,True,0,0,0,12,0.0
1561,Paid Ads,2025-02-17,,True,False,0,0,0,12,0.0
1562,Referrals,2025-03-10,2025-03-22,False,True,5,6,13,4,1043.77
1563,Paid Ads,2025-04-17,,False,True,0,0,0,12,0.0
1564,Referrals,2025-01-12,2025-01-26,False,True,7,13,15,4,1459.73
1565,Paid Ads,2025-04-11,2025-04-22,True,False,3,4,4,12,213.26
1566,Paid Ads,2025-01-10,,False,True,0,0,0,12,0.0
1567,Paid Ads,2025-04-26,2025-05-08,True,False,3,4,4,12,177.37
1568,Social Media,2025-06-05,2025-06-14,True,False,3,4,4,8,127.96
1569,Social Media,2025-06-06,,True,False,0,0,0,8,0.0
1570,Organic Search,2025-02-17,2025-02-20,False,True,7,14,18,6,1034.98
1571,Referrals,2025-05-13,2025-05-19,False,True,4,7,14,4,1062.75
1572,Paid Ads,2025-05-06,,True,False,0,0,0,12,0.0
1573,Paid Ads,2025-04-04,,True,False,0,0,0,12,0.0
1574,Organic Search,2025-04-01,2025-04-02,False,True,4,5,8,6,615.62
1575,Paid Ads,2025-05-09,2025-05-11,False,True,4,10,16,12,606.55
1576,Paid Ads,2025-03-03,2025-03-09,False,True,3,8,13,12,642.36
1577,Social Media,2025-03-01,2025-03-07,True,False,1,2,2,8,53.33
1578,Organic Search,2025-04-12,2025-04-26,True,False,1,2,2,6,131.8
1579,Paid Ads,2025-04-17,2025-04-26,True,False,1,2,2,12,92.24
1580,Organic Search,2025-02-19,2025-02-23,False,True,2,3,8,6,518.55
1581,Paid Ads,2025-01-28,,True,False,0,0,0,12,0.0
1582,Paid Ads,2025-01-26,,False,True,0,0,0,12,0.0
1583,Referrals,2025-06-24,2025-07-03,True,False,3,4,4,4,452.32
1584,Social Media,2025-05-03,,True,False,0,0,0,8,0.0
1585,Social Media,2025-03-07,2025-03-18,True,False,2,2,2,8,95.22
1586,Organic Search,2025-03-29,2025-04-08,False,True,7,13,15,6,1140.27
1587,Organic Search,2025-04-30,,True,False,0,0,0,6,0.0
1588,Referrals,2025-03-17,2025-03-27,False,True,2,9,11,4,634.28
1589,Social Media,2025-02-08,,True,False,0,0,0,8,0.0
1590,Paid Ads,2025-06-19,2025-06-30,True,False,2,2,2,12,97.11
1591,Referrals,2025-03-24,2025-04-03,False,True,4,6,13,4,1878.36
1592,Referrals,2025-04-05,2025-04-06,False,True,6,10,14,4,1435.21
1593,Referrals,2025-06-24,2025-07-04,False,True,3,9,12,4,1387.06
1594,Referrals,2025-01-03,,False,True,0,0,0,4,0.0
1595,Paid Ads,2025-01-01,,True,False,0,0,0,12,0.0
1596,Social Media,2025-05-22,2025-06-05,True,False,2,3,3,8,92.93
1597,Referrals,2025-01-18,2025-01-19,False,True,2,7,9,4,598.52
1598,Paid Ads,2025-04-10,,True,False,0,0,0,12,0.0
1599,Paid Ads,2025-03-15,,True,False,0,0,0,12,0.0
1600,Paid Ads,2025-03-01,,False,True,0,0,0,12,0.0
1601,Social Media,2025-05-14,,True,False,0,0,0,8,0.0
1602,Referrals,2025-03-13,2025-03-25,True,False,1,1,1,4,98.71
1603,Paid Ads,2025-02-11,2025-02-25,False,True,5,6,13,12,635.47
1604,Paid Ads,2025-05-02,,False,True,0,0,0,12,0.0
1605,Paid Ads,2025-03-03,,False,True,0,0,0,12,0.0
1606,Paid Ads,2025-05-20,,True,False,0,0,0,12,0.0
1607,Referrals,2025-01-08,2025-01-14,True,False,3,3,3,4,360.04
1608,Paid Ads,2025-04-27,,True,False,0,0,0,12,0.0
1609,Referrals,2025-02-09,2025-02-21,False,True,3,7,8,4,665.52
1610,Paid Ads,2025-04-15,2025-04-26,False,True,1,2,3,12,132.44
1611,Paid Ads,2025-02-14,,False,True,0,0,0,12,0.0
1612,Social Media,2025-01-05,,True,False,0,0,0,8,0.0
1613,Organic Search,2025-06-01,2025-06-15,False,True,1,3,6,6,481.3
1614,Social Media,2025-02-12,2025-02-20,True,False,3,4,4,8,194.31
1615,Social Media,2025-03-12,,True,False,0,0,0,8,0.0
1616,Organic Search,2025-03-15,,False,True,0,0,0,6,0.0
1617,Social Media,2025-06-06,,True,False,0,0,0,8,0.0
1618,Organic Search,2025-02-25,2025-03-09,False,True,2,8,13,6,947.83
1619,Paid Ads,2025-01-13,,False,True,0,0,0,12,0.0
1620,Social Media,2025-06-23,2025-06-28,True,False,1,1,1,8,42.58
1621,Social Media,2025-05-08,,False,True,0,0,0,8,0.0
1622,Social Media,2025-03-20,,False,True,0,0,0,8,0.0
1623,Referrals,2025-04-19,2025-04-24,True,False,1,2,2,4,139.06
1624,Social Media,2025-02-09,,False,True,0,0,0,8,0.0
1625,Organic Search,2025-06-15,2025-06-17,False,True,7,8,12,6,1078.62
1626,Referrals,2025-04-14,2025-04-20,True,False,3,4,4,4,317.5
1627,Referrals,2025-01-31,,False,True,0,0,0,4,0.0
1628,Paid Ads,2025-01-18,,True,False,0,0,0,12,0.0
1629,Organic Search,2025-03-18,,True,False,0,0,0,6,0.0
1630,Paid Ads,2025-05-02,,True,False,0,0,0,12,0.0
1631,Social Media,2025-02-23,,True,False,0,0,0,8,0.0
1632,Paid Ads,2025-06-07,,True,False,0,0,0,12,0.0
1633,Paid Ads,2025-01-17,2025-01-19,False,True,5,10,11,12,652.7
1634,Referrals,2025-01-16,2025-01-17,True,False,3,4,4,4,491.36
1635,Social Media,2025-06-10,,True,False,0,0,0,8,0.0
1636,Organic Search,2025-02-14,2025-02-27,True,False,1,2,2,6,154.24
1637,Paid Ads,2025-04-26,2025-04-30,False,True,5,9,15,12,666.63
1638,Referrals,2025-04-04,2025-04-14,False,True,4,8,11,4,1225.28
1639,Organic Search,2025-05-31,,False,True,0,0,0,6,0.0
1640,Referrals,2025-03-07,2025-03-19,False,True,5,7,14,4,1836.08
1641,Paid Ads,2025-06-23,2025-07-04,True,False,3,4,4,12,181.03
1642,Social Media,2025-04-08,,True,False,0,0,0,8,0.0
1643,Social Media,2025-01-19,,True,False,0,0,0,8,0.0
1644,Social Media,2025-06-25,2025-07-09,True,False,2,2,2,8,71.92
1645,Referrals,2025-04-04,,False,True,0,0,0,4,0.0
1646,Referrals,2025-04-14,2025-04-18,False,True,6,9,12,4,964.49
1647,Social Media,2025-03-14,,True,False,0,0,0,8,0.0
1648,Referrals,2025-06-11,2025-06-22,False,True,6,11,16,4,2008.45
1649,Social Media,2025-05-18,2025-05-26,True,False,3,4,4,8,169.88
1650,Paid Ads,2025-06-04,,True,False,0,0,0,12,0.0
1651,Organic Search,2025-03-24,,False,True,0,0,0,6,0.0
1652,Social Media,2025-04-18,2025-05-02,True,False,3,3,3,8,117.24
1653,Paid Ads,2025-05-05,2025-05-17,True,False,1,2,2,12,96.26
1654,Referrals,2025-01-20,2025-01-22,False,True,6,12,14,4,1508.38
1655,Social Media,2025-05-13,2025-05-25,False,True,2,5,12,8,311.38
1656,Social Media,2025-01-20,,True,False,0,0,0,8,0.0
1657,Social Media,2025-06-14,2025-06-20,True,False,2,2,2,8,62.92
1658,Referrals,2025-05-11,2025-05-13,False,True,1,5,12,4,990.96
1659,Organic Search,2025-04-05,2025-04-19,False,True,1,3,7,6,413.55
1660,Paid Ads,2025-06-29,2025-07-11,True,False,2,3,3,12,154.85
1661,Referrals,2025-03-15,2025-03-16,False,True,1,3,7,4,630.56
1662,Referrals,2025-05-28,2025-06-01,False,True,3,6,8,4,1134.9
1663,Paid Ads,2025-03-22,,False,True,0,0,0,12,0.0
1664,Paid Ads,2025-01-18,,True,False,0,0,0,12,0.0
1665,Social Media,2025-01-27,,True,False,0,0,0,8,0.0
1666,Paid Ads,2025-06-18,,False,True,0,0,0,12,0.0
1667,Referrals,2025-06-07,,False,True,0,0,0,4,0.0
1668,Paid Ads,2025-05-16,,True,False,0,0,0,12,0.0
1669,Organic Search,2025-03-19,,True,False,0,0,0,6,0.0
1670,Referrals,2025-02-08,2025-02-14,False,True,4,9,13,4,1270.85
1671,Referrals,2025-02-04,,True,False,0,0,0,4,0.0
1672,Referrals,2025-02-17,2025-02-25,False,True,4,11,12,4,1362.95
1673,Referrals,2025-01-08,2025-01-10,False,True,1,2,7,4,571.74
1674,Paid Ads,2025-06-27,,True,False,0,0,0,12,0.0
1675,Referrals,2025-04-25,2025-05-05,False,True,7,13,20,4,2355.34
1676,Social Media,2025-04-05,,False,True,0,0,0,8,0.0
1677,Paid Ads,2025-03-06,2025-03-14,False,True,5,8,12,12,642.94
1678,Paid Ads,2025-04-25,,True,False,0,0,0,12,0.0
1679,Paid Ads,2025-02-20,2025-02-25,True,False,3,4,4,12,188.1
1680,Paid Ads,2025-03-13,,True,False,0,0,0,12,0.0
1681,Social Media,2025-06-06,,True,False,0,0,0,8,0.0
1682,Organic Search,2025-05-11,2025-05-24,False,True,6,11,16,6,1140.23
1683,Referrals,2025-04-23,,False,True,0,0,0,4,0.0
1684,Paid Ads,2025-01-27,,True,False,0,0,0,12,0.0
1685,Social Media,2025-06-21,,True,False,0,0,0,8,0.0
1686,Referrals,2025-06-06,2025-06-17,False,True,6,7,14,4,1536.84
1687,Paid Ads,2025-06-14,2025-06-23,False,True,2,7,8,12,376.39
1688,Paid Ads,2025-06-07,,True,False,0,0,0,12,0.0
1689,Paid Ads,2025-04-10,2025-04-11,True,False,3,4,4,12,220.39
1690,Organic Search,2025-03-24,,False,True,0,0,0,6,0.0
1691,Social Media,2025-01-26,,False,True,0,0,0,8,0.0
1692,Referrals,2025-02-27,2025-02-28,True,False,1,1,1,4,103.35
1693,Social Media,2025-03-13,,False,True,0,0,0,8,0.0
1694,Referrals,2025-05-14,,False,True,0,0,0,4,0.0
1695,Referrals,2025-02-22,,True,False,0,0,0,4,0.0
1696,Social Media,2025-05-19,,False,True,0,0,0,8,0.0
1697,Social Media,2025-03-07,,False,True,0,0,0,8,0.0
1698,Paid Ads,2025-02-17,2025-02-25,True,False,2,3,3,12,184.14
1699,Paid Ads,2025-02-02,2025-02-08,True,False,2,3,3,12,172.64
1700,Social Media,2025-03-31,,False,True,0,0,0,8,0.0
1701,Referrals,2025-05-29,2025-06-10,False,True,6,8,11,4,1142.66
1702,Paid Ads,2025-05-14,,False,True,0,0,0,12,0.0
1703,Referrals,2025-02-27,2025-03-13,False,True,4,5,7,4,621.2
1704,Paid Ads,2025-01-31,,True,False,0,0,0,12,0.0
1705,Organic Search,2025-05-03,,False,True,0,0,0,6,0.0
1706,Organic Search,2025-02-09,2025-02-13,True,False,2,3,3,6,146.81
1707,Paid Ads,2025-02-04,,False,True,0,0,0,12,0.0
1708,Referrals,2025-02-07,,False,True,0,0,0,4,0.0
1709,Social Media,2025-01-06,,True,False,0,0,0,8,0.0
1710,Paid Ads,2025-06-06,2025-06-09,True,False,1,1,1,12,46.26
1711,Organic Search,2025-04-22,2025-05-03,True,False,3,4,4,6,286.03
1712,Organic Search,2025-03-13,,True,False,0,0,0,6,0.0
1713,Paid Ads,2025-01-24,,True,False,0,0,0,12,0.0
1714,Organic Search,2025-03-16,2025-03-23,False,True,3,5,12,6,1112.0
1715,Social Media,2025-01-20,,False,True,0,0,0,8,0.0
1716,Referrals,2025-01-28,2025-02-01,False,True,3,10,16,4,1333.46
1717,Referrals,2025-04-04,2025-04-18,True,False,3,3,3,4,263.84
1718,Paid Ads,2025-05-03,2025-05-12,True,False,1,2,2,12,108.75
1719,Organic Search,2025-04-30,2025-05-07,False,True,4,11,16,6,1356.57
1720,Social Media,2025-04-08,2025-04-22,True,False,3,3,3,8,131.97
1721,Organic Search,2025-06-18,2025-06-24,True,False,3,3,3,6,202.7
1722,Paid Ads,2025-06-06,,False,True,0,0,0,12,0.0
1723,Referrals,2025-06-14,2025-06-23,False,True,6,9,16,4,2130.89
1724,Social Media,2025-03-24,2025-03-30,True,False,1,2,2,8,60.14
1725,Paid Ads,2025-01-27,,True,False,0,0,0,12,0.0
1726,Referrals,2025-03-10,2025-03-21,False,True,2,6,8,4,888.24
1727,Referrals,2025-01-18,2025-01-22,True,False,1,1,1,4,73.65
1728,Referrals,2025-06-22,2025-06-29,False,True,1,5,8,4,817.46
1729,Paid Ads,2025-05-31,2025-06-09,True,False,1,2,2,12,123.16
1730,Paid Ads,2025-02-24,,False,True,0,0,0,12,0.0
1731,Organic Search,2025-03-20,,False,True,0,0,0,6,0.0
1732,Organic Search,2025-01-26,,True,False,0,0,0,6,0.0
1733,Social Media,2025-03-26,,True,False,0,0,0,8,0.0
1734,Social Media,2025-02-07,,True,False,0,0,0,8,0.0
1735,Social Media,2025-06-29,2025-07-05,True,False,1,1,1,8,39.0
1736,Referrals,2025-06-15,,False,True,0,0,0,4,0.0
1737,Paid Ads,2025-05-09,2025-05-14,True,False,2,2,2,12,85.94
1738,Referrals,2025-03-03,2025-03-14,True,False,3,3,3,4,217.25
1739,Organic Search,2025-02-02,2025-02-04,False,True,3,10,12,6,845.68
1740,Social Media,2025-05-17,,True,False,0,0,0,8,0.0
1741,Paid Ads,2025-02-01,,True,False,0,0,0,12,0.0
1742,Social Media,2025-02-15,,True,False,0,0,0,8,0.0
1743,Social Media,2025-03-25,2025-04-06,True,False,1,2,2,8,97.3
1744,Paid Ads,2025-04-27,,True,False,0,0,0,12,0.0
1745,Paid Ads,2025-01-06,,True,False,0,0,0,12,0.0
1746,Paid Ads,2025-01-30,,False,True,0,0,0,12,0.0
1747,Referrals,2025-06-22,2025-07-01,False,True,5,7,14,4,1290.84
1748,Social Media,2025-02-23,,True,False,0,0,0,8,0.0
1749,Referrals,2025-03-04,2025-03-13,False,True,3,7,11,4,768.81
1750,Social Media,2025-01-18,2025-01-22,False,True,2,6,13,8,447.37
1751,Referrals,2025-01-17,,False,True,0,0,0,4,0.0
1752,Referrals,2025-04-11,2025-04-13,False,True,4,5,6,4,403.76
1753,Social Media,2025-01-31,,False,True,0,0,0,8,0.0
1754,Referrals,2025-05-24,2025-05-30,False,True,1,5,8,4,785.64
1755,Referrals,2025-02-28,2025-03-02,False,True,2,9,10,4,576.67
1756,Social Media,2025-02-21,,False,True,0,0,0,8,0.0
1757,Organic Search,2025-03-31,,True,False,0,0,0,6,0.0
1758,Referrals,2025-03-12,2025-03-20,False,True,6,13,20,4,1941.27
1759,Social Media,2025-01-27,,False,True,0,0,0,8,0.0
1760,Referrals,2025-03-25,2025-04-02,False,True,1,2,5,4,398.2
1761,Referrals,2025-03-27,,False,True,0,0,0,4,0.0
1762,Social Media,2025-03-01,,False,True,0,0,0,8,0.0
1763,Social Media,2025-01-14,,True,False,0,0,0,8,0.0
1764,Paid Ads,2025-02-05,,False,True,0,0,0,12,0.0
1765,Social Media,2025-02-17,,True,False,0,0,0,8,0.0
1766,Paid Ads,2025-06-24,2025-07-03,True,False,2,2,2,12,73.71
1767,Social Media,2025-03-19,,True,False,0,0,0,8,0.0
1768,Social Media,2025-04-16,,True,False,0,0,0,8,0.0
1769,Organic Search,2025-02-03,2025-02-14,False,True,7,8,12,6,769.02
1770,Organic Search,2025-05-31,2025-06-09,True,False,1,2,2,6,141.32
1771,Organic Search,2025-02-21,2025-02-26,False,True,3,7,8,6,577.08
1772,Referrals,2025-03-24,2025-04-05,True,False,1,1,1,4,65.52
1773,Paid Ads,2025-02-11,,True,False,0,0,0,12,0.0
1774,Organic Search,2025-05-05,,False,True,0,0,0,6,0.0
1775,Organic Search,2025-04-14,,True,False,0,0,0,6,0.0
1776,Paid Ads,2025-03-22,,True,False,0,0,0,12,0.0
1777,Referrals,2025-02-28,,False,True,0,0,0,4,0.0
1778,Organic Search,2025-01-16,2025-01-28,False,True,7,9,14,6,1087.55
1779,Social Media,2025-06-02,,True,False,0,0,0,8,0.0
1780,Social Media,2025-06-06,,True,False,0,0,0,8,0.0
1781,Social Media,2025-05-09,2025-05-10,True,False,2,2,2,8,59.44
1782,Referrals,2025-01-11,,True,False,0,0,0,4,0.0
1783,Paid Ads,2025-01-12,2025-01-18,True,False,1,1,1,12,40.73
1784,Social Media,2025-04-06,,True,False,0,0,0,8,0.0
1785,Paid Ads,2025-01-20,,False,True,0,0,0,12,0.0
1786,Social Media,2025-06-03,,False,True,0,0,0,8,0.0
1787,Social Media,2025-02-10,2025-02-13,False,True,5,12,15,8,576.55
1788,Organic Search,2025-01-09,2025-01-23,False,True,7,11,13,6,1008.58
1789,Referrals,2025-04-06,,False,True,0,0,0,4,0.0
1790,Social Media,2025-01-14,,True,False,0,0,0,8,0.0
1791,Social Media,2025-01-05,2025-01-16,False,True,6,10,17,8,374.36
1792,Referrals,2025-01-17,2025-01-26,False,True,2,7,13,4,1567.2
1793,Social Media,2025-02-19,2025-02-20,True,False,2,3,3,8,94.09
1794,Social Media,2025-05-22,,True,False,0,0,0,8,0.0
1795,Paid Ads,2025-06-29,,False,True,0,0,0,12,0.0
1796,Organic Search,2025-03-07,,False,True,0,0,0,6,0.0
1797,Paid Ads,2025-04-08,,True,False,0,0,0,12,0.0
1798,Paid Ads,2025-03-23,2025-04-01,True,False,3,3,3,12,144.33
1799,Referrals,2025-06-29,2025-07-05,False,True,1,5,12,4,1401.37
1800,Paid Ads,2025-03-16,,True,False,0,0,0,12,0.0
1801,Paid Ads,2025-04-25,2025-04-27,False,True,4,6,10,12,535.6
1802,Referrals,2025-03-23,2025-04-05,False,True,2,5,12,4,914.85
1803,Referrals,2025-04-25,2025-04-29,False,True,3,8,15,4,1461.03
1804,Social Media,2025-02-05,2025-02-15,False,True,1,4,11,8,366.68
1805,Paid Ads,2025-06-26,,True,False,0,0,0,12,0.0
1806,Social Media,2025-01-31,2025-02-12,True,False,1,1,1,8,36.01
1807,Social Media,2025-05-09,,True,False,0,0,0,8,0.0
1808,Paid Ads,2025-05-13,,True,False,0,0,0,12,0.0
1809,Social Media,2025-02-01,2025-02-15,False,True,4,6,12,8,507.33
1810,Paid Ads,2025-06-13,,True,False,0,0,0,12,0.0
1811,Social Media,2025-02-21,2025-03-07,True,False,2,3,3,8,136.11
1812,Referrals,2025-04-05,2025-04-09,False,True,2,3,4,4,397.94
1813,Organic Search,2025-01-05,2025-01-13,True,False,1,1,1,6,77.0
1814,Organic Search,2025-06-14,2025-06-20,True,False,1,2,2,6,158.41
1815,Referrals,2025-05-27,2025-06-07,True,False,3,3,3,4,305.69
1816,Referrals,2025-05-28,2025-06-03,True,False,3,3,3,4,329.29
1817,Social Media,2025-01-29,,True,False,0,0,0,8,0.0
1818,Paid Ads,2025-04-26,2025-04-29,True,False,2,3,3,12,139.23
1819,Paid Ads,2025-02-26,2025-03-05,False,True,7,8,15,12,669.0
1820,Paid Ads,2025-03-18,,True,False,0,0,0,12,0.0
1821,Paid Ads,2025-06-15,,True,False,0,0,0,12,0.0
1822,Referrals,2025-02-10,2025-02-15,False,True,7,8,10,4,1027.74
1823,Organic Search,2025-04-06,,True,False,0,0,0,6,0.0
1824,Paid Ads,2025-01-24,2025-01-31,False,True,6,11,17,12,787.41
1825,Paid Ads,2025-01-15,2025-01-24,False,True,7,13,15,12,442.35
1826,Social Media,2025-03-24,,True,False,0,0,0,8,0.0
1827,Organic Search,2025-02-03,2025-02-12,True,False,1,1,1,6,74.47
1828,Referrals,2025-02-05,2025-02-08,False,True,4,11,12,4,476.03
1829,Social Media,2025-04-15,,True,False,0,0,0,8,0.0
1830,Social Media,2025-04-20,,True,False,0,0,0,8,0.0
1831,Social Media,2025-05-24,,True,False,0,0,0,8,0.0
1832,Paid Ads,2025-03-08,,False,True,0,0,0,12,0.0
1833,Social Media,2025-06-25,,False,True,0,0,0,8,0.0
1834,Referrals,2025-01-13,,False,True,0,0,0,4,0.0
1835,Social Media,2025-04-19,,True,False,0,0,0,8,0.0
1836,Organic Search,2025-01-21,,True,False,0,0,0,6,0.0
1837,Organic Search,2025-03-17,2025-03-23,False,True,2,5,8,6,452.93
1838,Paid Ads,2025-03-31,,True,False,0,0,0,12,0.0
1839,Organic Search,2025-05-31,2025-06-14,True,False,1,1,1,6,64.9
1840,Paid Ads,2025-01-22,,True,False,0,0,0,12,0.0
1841,Paid Ads,2025-02-12,2025-02-14,False,True,7,12,15,12,793.02
1842,Paid Ads,2025-06-17,2025-07-01,False,True,5,8,15,12,698.31
1843,Paid Ads,2025-01-15,,False,True,0,0,0,12,0.0
1844,Referrals,2025-04-05,2025-04-18,False,True,6,9,16,4,934.42
1845,Social Media,2025-03-31,,True,False,0,0,0,8,0.0
1846,Paid Ads,2025-05-02,,False,True,0,0,0,12,0.0
1847,Paid Ads,2025-06-14,,False,True,0,0,0,12,0.0
1848,Organic Search,2025-01-24,,False,True,0,0,0,6,0.0
1849,Referrals,2025-01-30,2025-02-01,True,False,3,4,4,4,326.29
1850,Paid Ads,2025-01-16,,False,True,0,0,0,12,0.0
1851,Paid Ads,2025-05-31,2025-06-01,True,False,1,2,2,12,60.03
1852,Paid Ads,2025-02-19,2025-02-26,True,False,3,4,4,12,107.94
1853,Paid Ads,2025-05-27,2025-06-03,True,False,2,2,2,12,74.05
1854,Organic Search,2025-02-20,2025-03-03,False,True,3,9,12,6,881.93
1855,Referrals,2025-05-17,2025-05-20,False,True,5,10,16,4,864.44
1856,Referrals,2025-06-15,2025-06-24,True,False,3,3,3,4,263.84
1857,Social Media,2025-05-29,2025-06-09,True,False,1,2,2,8,61.78
1858,Organic Search,2025-06-07,,True,False,0,0,0,6,0.0
1859,Organic Search,2025-03-19,,True,False,0,0,0,6,0.0
1860,Organic Search,2025-04-22,2025-05-03,False,True,7,10,17,6,1238.3
1861,Paid Ads,2025-01-07,,False,True,0,0,0,12,0.0
1862,Organic Search,2025-05-30,,False,True,0,0,0,6,0.0
1863,Paid Ads,2025-03-23,2025-04-01,True,False,3,3,3,12,87.58
1864,Paid Ads,2025-04-10,,False,True,0,0,0,12,0.0
1865,Paid Ads,2025-05-28,2025-05-29,False,True,7,13,18,12,912.56
1866,Paid Ads,2025-02-09,,True,False,0,0,0,12,0.0
1867,Organic Search,2025-04-23,,False,True,0,0,0,6,0.0
1868,Social Media,2025-01-31,2025-02-05,False,True,2,4,7,8,300.09
1869,Referrals,2025-01-03,2025-01-17,False,True,3,4,10,4,1045.05
1870,Paid Ads,2025-06-05,,False,True,0,0,0,12,0.0
1871,Paid Ads,2025-04-05,,True,False,0,0,0,12,0.0
1872,Organic Search,2025-03-16,2025-03-17,False,True,4,10,11,6,953.17
1873,Paid Ads,2025-02-23,,False,True,0,0,0,12,0.0
1874,Organic Search,2025-03-20,,True,False,0,0,0,6,0.0
1875,Paid Ads,2025-02-27,,True,False,0,0,0,12,0.0
1876,Paid Ads,2025-06-24,2025-07-08,True,False,1,1,1,12,56.96
1877,Social Media,2025-02-19,,False,True,0,0,0,8,0.0
1878,Paid Ads,2025-05-22,,True,False,0,0,0,12,0.0
1879,Paid Ads,2025-02-13,2025-02-24,True,False,2,3,3,12,104.69
1880,Referrals,2025-06-08,,False,True,0,0,0,4,0.0
1881,Organic Search,2025-04-05,,False,True,0,0,0,6,0.0
1882,Organic Search,2025-03-28,2025-04-10,True,False,3,4,4,6,298.23
1883,Referrals,2025-06-18,2025-06-22,True,False,2,2,2,4,227.84
1884,Social Media,2025-01-10,2025-01-14,False,True,6,7,8,8,302.25
1885,Referrals,2025-01-24,2025-02-02,False,True,2,6,11,4,1230.52
1886,Paid Ads,2025-02-28,,True,False,0,0,0,12,0.0
1887,Referrals,2025-04-07,2025-04-18,False,True,5,11,15,4,1720.71
1888,Paid Ads,2025-04-23,,True,False,0,0,0,12,0.0
1889,Referrals,2025-06-25,,True,False,0,0,0,4,0.0
1890,Paid Ads,2025-03-08,,True,False,0,0,0,12,0.0
1891,Organic Search,2025-03-30,,False,True,0,0,0,6,0.0
1892,Paid Ads,2025-05-17,2025-05-25,True,False,2,3,3,12,155.67
1893,Social Media,2025-04-26,,True,False,0,0,0,8,0.0
1894,Social Media,2025-04-27,2025-05-04,True,False,2,3,3,8,97.15
1895,Referrals,2025-04-26,2025-05-09,True,False,1,2,2,4,205.69
1896,Organic Search,2025-04-12,2025-04-13,True,False,3,4,4,6,213.23
1897,Paid Ads,2025-02-25,2025-02-28,True,False,3,4,4,12,203.22
1898,Organic Search,2025-06-06,2025-06-08,True,False,3,4,4,6,286.0
1899,Paid Ads,2025-01-30,2025-01-31,False,True,6,11,12,12,653.11
1900,Referrals,2025-06-23,,False,True,0,0,0,4,0.0
1901,Referrals,2025-01-23,2025-01-25,True,False,3,3,3,4,217.96
1902,Referrals,2025-03-12,2025-03-19,True,False,2,3,3,4,263.8
1903,Organic Search,2025-01-16,2025-01-18,True,False,2,3,3,6,159.33
1904,Referrals,2025-06-25,2025-07-07,False,True,6,11,13,4,1038.39
1905,Referrals,2025-06-28,,True,False,0,0,0,4,0.0
1906,Organic Search,2025-01-26,2025-02-02,True,False,3,4,4,6,289.77
1907,Referrals,2025-06-27,2025-07-02,True,False,2,3,3,4,332.5
1908,Organic Search,2025-02-24,2025-03-01,True,False,1,2,2,6,156.75
1909,Paid Ads,2025-04-21,2025-04-30,False,True,2,9,15,12,814.63
1910,Paid Ads,2025-02-16,,False,True,0,0,0,12,0.0
1911,Referrals,2025-02-08,2025-02-22,False,True,1,6,8,4,492.45
1912,Referrals,2025-01-30,2025-02-06,False,True,3,5,12,4,1288.37
1913,Paid Ads,2025-05-22,2025-05-26,True,False,1,1,1,12,42.39
1914,Paid Ads,2025-04-26,,False,True,0,0,0,12,0.0
1915,Paid Ads,2025-01-30,2025-02-06,True,False,3,4,4,12,166.83
1916,Organic Search,2025-06-04,,True,False,0,0,0,6,0.0
1917,Paid Ads,2025-01-30,2025-02-05,True,False,2,2,2,12,80.26
1918,Paid Ads,2025-06-16,2025-06-30,True,False,3,3,3,12,166.71
1919,Referrals,2025-01-25,2025-02-04,False,True,5,7,14,4,1254.54
1920,Referrals,2025-01-16,,True,False,0,0,0,4,0.0
1921,Organic Search,2025-03-16,,False,True,0,0,0,6,0.0
1922,Organic Search,2025-03-22,2025-03-30,True,False,3,3,3,6,243.65
1923,Social Media,2025-03-15,2025-03-22,True,False,1,2,2,8,61.02
1924,Referrals,2025-06-22,2025-06-24,True,False,1,2,2,4,157.69
1925,Paid Ads,2025-03-22,,True,False,0,0,0,12,0.0
1926,Social Media,2025-02-27,,True,False,0,0,0,8,0.0
1927,Referrals,2025-02-20,2025-02-21,False,True,5,11,12,4,1213.9
1928,Social Media,2025-06-27,,False,True,0,0,0,8,0.0
1929,Paid Ads,2025-01-03,,False,True,0,0,0,12,0.0
1930,Referrals,2025-03-25,2025-04-05,False,True,2,6,7,4,581.6
1931,Paid Ads,2025-06-03,2025-06-08,True,False,2,3,3,12,112.36
1932,Referrals,2025-05-28,2025-06-08,False,True,4,7,8,4,575.68
1933,Social Media,2025-03-15,,False,True,0,0,0,8,0.0
1934,Social Media,2025-05-31,2025-06-02,True,False,1,2,2,8,78.2
1935,Organic Search,2025-04-22,2025-05-05,False,True,7,9,11,6,1012.12
1936,Paid Ads,2025-03-08,2025-03-12,True,False,3,3,3,12,137.95
1937,Paid Ads,2025-01-31,,False,True,0,0,0,12,0.0
1938,Referrals,2025-01-18,2025-01-22,False,True,4,9,10,4,741.53
1939,Organic Search,2025-06-04,,True,False,0,0,0,6,0.0
1940,Paid Ads,2025-02-01,,False,True,0,0,0,12,0.0
1941,Referrals,2025-03-21,,True,False,0,0,0,4,0.0
1942,Organic Search,2025-04-17,2025-04-20,True,False,1,2,2,6,164.97
1943,Organic Search,2025-01-18,2025-01-30,False,True,5,12,14,6,831.08
1944,Social Media,2025-05-18,2025-05-22,True,False,2,3,3,8,97.81
1945,Organic Search,2025-03-03,2025-03-04,True,False,1,1,1,6,46.81
1946,Organic Search,2025-04-19,,True,False,0,0,0,6,0.0
1947,Organic Search,2025-02-28,2025-03-12,True,False,3,4,4,6,239.92
1948,Paid Ads,2025-06-23,,True,False,0,0,0,12,0.0
1949,Paid Ads,2025-01-19,2025-01-27,False,True,4,10,13,12,706.11
1950,Referrals,2025-06-29,2025-07-01,False,True,1,6,13,4,1035.79
1951,Organic Search,2025-04-10,2025-04-14,True,False,3,3,3,6,185.87
1952,Paid Ads,2025-01-22,2025-02-01,True,False,2,3,3,12,158.54
1953,Social Media,2025-03-15,,False,True,0,0,0,8,0.0
1954,Paid Ads,2025-06-02,2025-06-12,True,False,2,2,2,12,98.01
1955,Organic Search,2025-06-25,2025-06-28,True,False,3,4,4,6,314.12
1956,Social Media,2025-05-02,,True,False,0,0,0,8,0.0
1957,Referrals,2025-01-14,2025-01-20,False,True,1,6,7,4,671.07
1958,Organic Search,2025-05-28,2025-05-29,False,True,4,5,12,6,811.47
1959,Social Media,2025-05-09,,False,True,0,0,0,8,0.0
1960,Social Media,2025-06-10,2025-06-14,True,False,2,3,3,8,112.23
1961,Referrals,2025-03-29,2025-04-07,False,True,1,6,10,4,688.89
1962,Referrals,2025-01-07,2025-01-15,False,True,5,10,15,4,627.23
1963,Referrals,2025-02-08,,True,False,0,0,0,4,0.0
1964,Paid Ads,2025-02-15,,True,False,0,0,0,12,0.0
1965,Paid Ads,2025-02-17,,False,True,0,0,0,12,0.0
1966,Organic Search,2025-04-12,2025-04-21,False,True,6,12,17,6,1285.54
1967,Social Media,2025-02-18,,True,False,0,0,0,8,0.0
1968,Organic Search,2025-06-09,2025-06-16,False,True,3,8,12,6,1264.77
1969,Referrals,2025-04-19,2025-05-03,True,False,3,3,3,4,335.03
1970,Referrals,2025-04-15,2025-04-28,False,True,5,11,13,4,1029.13
1971,Organic Search,2025-06-20,2025-06-23,True,False,3,4,4,6,245.03
1972,Organic Search,2025-01-31,,True,False,0,0,0,6,0.0
1973,Social Media,2025-03-28,,True,False,0,0,0,8,0.0
1974,Referrals,2025-06-26,2025-06-27,False,True,2,9,16,4,1953.74
1975,Referrals,2025-06-28,2025-07-10,False,True,1,6,10,4,615.94
1976,Paid Ads,2025-03-13,2025-03-24,False,True,5,10,14,12,598.36
1977,Social Media,2025-01-03,2025-01-10,False,True,7,12,15,8,613.19
1978,Paid Ads,2025-04-28,,True,False,0,0,0,12,0.0
1979,Organic Search,2025-03-31,2025-04-09,False,True,2,4,8,6,602.7
1980,Social Media,2025-05-30,,False,True,0,0,0,8,0.0
1981,Social Media,2025-01-01,,False,True,0,0,0,8,0.0
1982,Paid Ads,2025-02-09,,True,False,0,0,0,12,0.0
1983,Social Media,2025-05-14,2025-05-26,False,True,7,10,16,8,611.0
1984,Paid Ads,2025-05-09,,False,True,0,0,0,12,0.0
1985,Paid Ads,2025-01-27,2025-01-30,True,False,3,4,4,12,199.38
1986,Referrals,2025-06-20,2025-06-23,False,True,3,7,8,4,585.95
1987,Social Media,2025-03-15,2025-03-23,True,False,3,4,4,8,176.46
1988,Referrals,2025-03-16,2025-03-20,False,True,6,12,14,4,1550.42
1989,Paid Ads,2025-06-12,,True,False,0,0,0,12,0.0
1990,Paid Ads,2025-04-30,,False,True,0,0,0,12,0.0
1991,Referrals,2025-05-07,2025-05-14,True,False,3,3,3,4,273.3
1992,Referrals,2025-03-14,2025-03-20,False,True,7,8,15,4,1495.69
1993,Paid Ads,2025-01-24,2025-02-06,False,True,1,6,11,12,589.42
1994,Paid Ads,2025-01-06,,False,True,0,0,0,12,0.0
1995,Organic Search,2025-05-27,2025-06-07,True,False,2,2,2,6,116.74
1996,Paid Ads,2025-05-22,,False,True,0,0,0,12,0.0
1997,Social Media,2025-02-05,,True,False,0,0,0,8,0.0
1998,Paid Ads,2025-03-15,,True,False,0,0,0,12,0.0
1999,Organic Search,2025-05-03,,False,True,0,0,0,6,0.0
2000,Paid Ads,2025-04-09,2025-04-20,True,False,1,2,2,12,95.75
2001,Referrals,2025-06-11,2025-06-20,False,True,1,4,10,4,1182.07
2002,Organic Search,2025-03-06,2025-03-15,True,False,2,3,3,6,180.27
2003,Organic Search,2025-05-29,2025-06-01,True,False,2,3,3,6,191.36
2004,Referrals,2025-01-07,2025-01-13,False,True,1,5,12,4,783.3
2005,Referrals,2025-02-16,2025-02-18,False,True,2,3,10,4,658.81
2006,Paid Ads,2025-01-13,2025-01-19,True,False,1,2,2,12,94.85
2007,Referrals,2025-02-07,2025-02-21,False,True,1,3,6,4,551.56
2008,Organic Search,2025-02-24,,False,True,0,0,0,6,0.0
2009,Social Media,2025-04-25,,True,False,0,0,0,8,0.0
2010,Paid Ads,2025-05-13,,False,True,0,0,0,12,0.0
2011,Social Media,2025-03-18,2025-04-01,True,False,1,1,1,8,44.14
2012,Social Media,2025-06-17,,False,True,0,0,0,8,0.0
2013,Organic Search,2025-04-14,,True,False,0,0,0,6,0.0
2014,Paid Ads,2025-01-03,,True,False,0,0,0,12,0.0
2015,Referrals,2025-02-19,2025-03-01,False,True,1,7,13,4,1203.46
2016,Paid Ads,2025-03-08,2025-03-16,True,False,1,1,1,12,33.57
2017,Paid Ads,2025-05-20,2025-05-23,False,True,6,7,12,12,549.88
2018,Organic Search,2025-01-17,,False,True,0,0,0,6,0.0
2019,Social Media,2025-01-16,,True,False,0,0,0,8,0.0
2020,Organic Search,2025-06-07,,True,False,0,0,0,6,0.0
2021,Paid Ads,2025-04-20,,False,True,0,0,0,12,0.0
2022,Organic Search,2025-04-03,2025-04-04,False,True,7,9,10,6,483.67
2023,Paid Ads,2025-03-27,2025-04-05,True,False,3,3,3,12,146.88
2024,Social Media,2025-04-22,,True,False,0,0,0,8,0.0
2025,Paid Ads,2025-04-28,,False,True,0,0,0,12,0.0
2026,Paid Ads,2025-04-20,2025-05-01,True,False,1,1,1,12,49.29
2027,Social Media,2025-03-08,,True,False,0,0,0,8,0.0
2028,Social Media,2025-06-01,2025-06-15,True,False,3,4,4,8,147.21
2029,Social Media,2025-04-08,,True,False,0,0,0,8,0.0
2030,Paid Ads,2025-01-22,,True,False,0,0,0,12,0.0
2031,Paid Ads,2025-04-11,,False,True,0,0,0,12,0.0
2032,Social Media,2025-03-23,,True,False,0,0,0,8,0.0
2033,Paid Ads,2025-03-13,,False,True,0,0,0,12,0.0
2034,Organic Search,2025-03-28,2025-03-30,False,True,1,8,11,6,520.87
2035,Paid Ads,2025-03-04,,True,False,0,0,0,12,0.0
2036,Social Media,2025-02-28,2025-03-01,False,True,4,9,10,8,347.86
2037,Paid Ads,2025-04-29,,False,True,0,0,0,12,0.0
2038,Referrals,2025-01-02,,True,False,0,0,0,4,0.0
2039,Paid Ads,2025-05-16,,True,False,0,0,0,12,0.0
2040,Paid Ads,2025-01-15,2025-01-16,True,False,1,1,1,12,34.55
2041,Social Media,2025-01-21,,True,False,0,0,0,8,0.0
2042,Social Media,2025-04-26,,True,False,0,0,0,8,0.0
2043,Social Media,2025-02-08,,False,True,0,0,0,8,0.0
2044,Referrals,2025-04-02,2025-04-14,True,False,1,2,2,4,127.36
2045,Social Media,2025-02-18,,True,False,0,0,0,8,0.0
2046,Organic Search,2025-03-22,2025-04-05,False,True,5,6,9,6,765.01
2047,Organic Search,2025-02-28,2025-03-04,False,True,3,6,8,6,529.94
2048,Social Media,2025-03-23,2025-04-03,True,False,1,1,1,8,40.71
2049,Organic Search,2025-02-26,,True,False,0,0,0,6,0.0
2050,Referrals,2025-01-10,2025-01-11,False,True,6,9,16,4,1780.71
2051,Paid Ads,2025-05-28,,False,True,0,0,0,12,0.0
2052,Referrals,2025-05-14,2025-05-26,False,True,7,12,13,4,877.42
2053,Organic Search,2025-02-10,2025-02-11,True,False,1,1,1,6,53.95
2054,Organic Search,2025-06-15,2025-06-28,True,False,3,4,4,6,147.72
2055,Referrals,2025-04-07,2025-04-09,True,False,1,1,1,4,117.94
2056,Referrals,2025-01-26,2025-01-29,False,True,4,8,15,4,1600.4
2057,Organic Search,2025-03-02,2025-03-04,True,False,2,3,3,6,152.68
2058,Paid Ads,2025-05-23,,True,False,0,0,0,12,0.0
2059,Referrals,2025-05-10,2025-05-13,False,True,7,9,12,4,1203.76
2060,Paid Ads,2025-02-25,2025-02-27,False,True,7,11,13,12,721.04
2061,Paid Ads,2025-06-02,,True,False,0,0,0,12,0.0
2062,Paid Ads,2025-04-22,,True,False,0,0,0,12,0.0
2063,Social Media,2025-04-04,,True,False,0,0,0,8,0.0
2064,Paid Ads,2025-06-07,2025-06-18,True,False,3,3,3,12,126.59
2065,Referrals,2025-04-27,2025-05-02,False,True,4,5,11,4,948.0
2066,Social Media,2025-04-10,2025-04-12,True,False,3,4,4,8,89.05
2067,Paid Ads,2025-01-30,2025-02-03,True,False,1,2,2,12,54.0
2068,Referrals,2025-06-22,2025-07-05,False,True,4,9,16,4,1931.62
2069,Organic Search,2025-05-04,2025-05-18,False,True,5,10,15,6,1280.42
2070,Social Media,2025-03-13,,True,False,0,0,0,8,0.0
2071,Paid Ads,2025-01-26,,True,False,0,0,0,12,0.0
2072,Referrals,2025-02-03,2025-02-10,False,True,3,6,10,4,1009.02
2073,Organic Search,2025-01-30,,False,True,0,0,0,6,0.0
2074,Social Media,2025-01-08,2025-01-11,True,False,1,1,1,8,39.72
2075,Referrals,2025-01-13,2025-01-16,False,True,3,8,9,4,1038.64
2076,Social Media,2025-04-06,,True,False,0,0,0,8,0.0
2077,Referrals,2025-01-13,2025-01-21,False,True,7,12,19,4,1531.18
2078,Paid Ads,2025-04-22,,True,False,0,0,0,12,0.0
2079,Social Media,2025-02-02,2025-02-05,True,False,2,2,2,8,109.38
2080,Social Media,2025-05-22,,False,True,0,0,0,8,0.0
2081,Paid Ads,2025-04-04,2025-04-13,True,False,1,1,1,12,56.7
2082,Referrals,2025-06-01,2025-06-13,False,True,1,5,8,4,773.33
2083,Referrals,2025-02-05,2025-02-14,False,True,5,6,11,4,1030.09
2084,Paid Ads,2025-05-21,2025-06-01,True,False,2,3,3,12,181.43
2085,Organic Search,2025-05-29,,False,True,0,0,0,6,0.0
2086,Social Media,2025-04-23,2025-04-28,False,True,2,7,9,8,393.41
2087,Referrals,2025-02-26,2025-03-03,False,True,7,9,12,4,763.4
2088,Referrals,2025-06-16,2025-06-27,False,True,4,10,15,4,1434.79
2089,Social Media,2025-01-29,,False,True,0,0,0,8,0.0
2090,Paid Ads,2025-01-12,,False,True,0,0,0,12,0.0
2091,Social Media,2025-04-20,,True,False,0,0,0,8,0.0
2092,Referrals,2025-03-09,,False,True,0,0,0,4,0.0
2093,Organic Search,2025-01-15,2025-01-18,False,True,2,8,12,6,939.4
2094,Organic Search,2025-02-14,,True,False,0,0,0,6,0.0
2095,Paid Ads,2025-01-16,2025-01-24,False,True,6,8,11,12,480.82
2096,Organic Search,2025-02-28,2025-03-06,False,True,7,9,16,6,1157.92
2097,Referrals,2025-04-16,,True,False,0,0,0,4,0.0
2098,Paid Ads,2025-01-25,,False,True,0,0,0,12,0.0
2099,Paid Ads,2025-04-15,,True,False,0,0,0,12,0.0
2100,Referrals,2025-03-07,2025-03-15,False,True,7,9,10,4,1032.41
2101,Paid Ads,2025-03-01,,True,False,0,0,0,12,0.0
2102,Referrals,2025-04-20,2025-04-28,False,True,7,13,17,4,1733.69
2103,Referrals,2025-04-05,,True,False,0,0,0,4,0.0
2104,Organic Search,2025-02-21,,True,False,0,0,0,6,0.0
2105,Referrals,2025-01-01,2025-01-04,False,True,5,10,14,4,1099.99
2106,Paid Ads,2025-06-20,,True,False,0,0,0,12,0.0
2107,Paid Ads,2025-06-15,2025-06-28,True,False,2,3,3,12,136.3
2108,Referrals,2025-02-16,2025-02-23,False,True,5,6,13,4,1254.26
2109,Organic Search,2025-01-14,2025-01-16,False,True,6,11,12,6,896.84
2110,Referrals,2025-06-28,2025-07-11,False,True,7,11,14,4,1028.25
2111,Paid Ads,2025-04-07,2025-04-20,True,False,2,3,3,12,143.33
2112,Social Media,2025-05-03,,True,False,0,0,0,8,0.0
2113,Paid Ads,2025-04-24,2025-04-28,False,True,5,8,12,12,408.63
2114,Referrals,2025-01-23,2025-02-06,False,True,1,8,12,4,1025.39
2115,Paid Ads,2025-02-19,,True,False,0,0,0,12,0.0
2116,Referrals,2025-06-29,2025-07-02,False,True,3,6,11,4,901.96
2117,Paid Ads,2025-03-15,2025-03-18,True,False,3,3,3,12,88.22
2118,Social Media,2025-02-22,,True,False,0,0,0,8,0.0
2119,Referrals,2025-01-07,,False,True,0,0,0,4,0.0
2120,Social Media,2025-06-20,2025-06-21,False,True,6,11,16,8,532.28
2121,Referrals,2025-04-25,2025-05-03,True,False,1,1,1,4,101.21
2122,Organic Search,2025-01-27,,False,True,0,0,0,6,0.0
2123,Paid Ads,2025-02-13,,True,False,0,0,0,12,0.0
2124,Paid Ads,2025-03-21,,True,False,0,0,0,12,0.0
2125,Referrals,2025-01-28,,False,True,0,0,0,4,0.0
2126,Organic Search,2025-03-03,,True,False,0,0,0,6,0.0
2127,Referrals,2025-02-24,2025-03-08,False,True,4,6,7,4,858.48
2128,Social Media,2025-03-05,,True,False,0,0,0,8,0.0
2129,Referrals,2025-05-17,,False,True,0,0,0,4,0.0
2130,Referrals,2025-05-27,2025-06-02,False,True,7,12,18,4,2119.25
2131,Organic Search,2025-02-22,,False,True,0,0,0,6,0.0
2132,Referrals,2025-04-01,2025-04-02,False,True,7,14,18,4,1024.86
2133,Paid Ads,2025-03-05,2025-03-13,True,False,2,3,3,12,120.61
2134,Paid Ads,2025-02-16,,True,False,0,0,0,12,0.0
2135,Paid Ads,2025-04-15,,True,False,0,0,0,12,0.0
2136,Organic Search,2025-03-11,,True,False,0,0,0,6,0.0
2137,Paid Ads,2025-05-15,,True,False,0,0,0,12,0.0
2138,Social Media,2025-04-22,,False,True,0,0,0,8,0.0
2139,Paid Ads,2025-05-28,2025-06-04,True,False,3,3,3,12,172.7
2140,Paid Ads,2025-01-21,2025-01-24,False,True,7,9,12,12,631.08
2141,Referrals,2025-02-23,2025-03-09,False,True,6,13,17,4,1950.91
2142,Referrals,2025-01-14,2025-01-18,True,False,3,4,4,4,326.25
2143,Paid Ads,2025-06-13,2025-06-22,True,False,2,2,2,12,87.33
2144,Paid Ads,2025-01-22,,True,False,0,0,0,12,0.0
2145,Paid Ads,2025-05-16,,False,True,0,0,0,12,0.0
2146,Paid Ads,2025-02-10,,True,False,0,0,0,12,0.0
2147,Referrals,2025-03-04,2025-03-09,False,True,2,4,7,4,934.67
2148,Paid Ads,2025-02-13,2025-02-23,False,True,1,8,10,12,533.28
2149,Paid Ads,2025-06-15,2025-06-24,False,True,1,4,9,12,571.18
2150,Social Media,2025-03-28,,True,False,0,0,0,8,0.0
2151,Referrals,2025-05-13,,False,True,0,0,0,4,0.0
2152,Organic Search,2025-01-26,,False,True,0,0,0,6,0.0
2153,Paid Ads,2025-05-30,2025-06-11,True,False,3,3,3,12,119.7
2154,Organic Search,2025-02-05,,True,False,0,0,0,6,0.0
2155,Paid Ads,2025-01-15,,True,False,0,0,0,12,0.0
2156,Referrals,2025-03-29,,False,True,0,0,0,4,0.0
2157,Paid Ads,2025-02-16,,True,False,0,0,0,12,0.0
2158,Referrals,2025-05-23,2025-06-05,False,True,3,5,10,4,848.8
2159,Organic Search,2025-05-14,2025-05-26,False,True,4,9,12,6,813.91
2160,Referrals,2025-03-09,2025-03-13,False,True,7,8,13,4,1134.66
2161,Organic Search,2025-04-12,,True,False,0,0,0,6,0.0
2162,Referrals,2025-05-11,2025-05-12,False,True,5,9,10,4,835.81
2163,Paid Ads,2025-05-18,,False,True,0,0,0,12,0.0
2164,Paid Ads,2025-03-14,,True,False,0,0,0,12,0.0
2165,Paid Ads,2025-05-26,2025-06-07,False,True,6,8,14,12,755.69
2166,Referrals,2025-05-27,,False,True,0,0,0,4,0.0
2167,Social Media,2025-03-06,,True,False,0,0,0,8,0.0
2168,Referrals,2025-05-01,2025-05-02,True,False,3,4,4,4,522.48
2169,Paid Ads,2025-01-17,2025-01-27,False,True,3,5,11,12,506.73
2170,Referrals,2025-01-07,2025-01-08,False,True,5,12,14,4,1028.92
2171,Social Media,2025-04-02,,True,False,0,0,0,8,0.0
2172,Organic Search,2025-02-26,2025-03-06,False,True,3,6,13,6,996.59
2173,Paid Ads,2025-02-13,2025-02-27,False,True,1,3,8,12,446.28
2174,Paid Ads,2025-01-03,2025-01-17,True,False,3,3,3,12,135.39
2175,Referrals,2025-06-21,,False,True,0,0,0,4,0.0
2176,Referrals,2025-05-05,2025-05-11,False,True,7,9,16,4,1316.69
2177,Social Media,2025-02-21,2025-03-04,False,True,5,9,11,8,461.64
2178,Organic Search,2025-05-18,2025-05-20,False,True,1,4,10,6,639.87
2179,Social Media,2025-05-25,,False,True,0,0,0,8,0.0
2180,Paid Ads,2025-05-26,2025-06-01,True,False,2,3,3,12,90.04
2181,Organic Search,2025-06-19,2025-06-27,False,True,5,9,11,6,792.5
2182,Referrals,2025-02-15,2025-02-16,False,True,5,8,15,4,1447.27
2183,Paid Ads,2025-04-22,2025-04-28,True,False,3,4,4,12,217.78
2184,Social Media,2025-01-15,2025-01-21,True,False,3,4,4,8,146.09
2185,Paid Ads,2025-04-20,2025-04-28,False,True,4,11,17,12,737.86
2186,Paid Ads,2025-02-16,,True,False,0,0,0,12,0.0
2187,Paid Ads,2025-03-15,,False,True,0,0,0,12,0.0
2188,Referrals,2025-05-28,2025-06-11,False,True,5,12,15,4,1000.15
2189,Organic Search,2025-06-11,2025-06-19,True,False,3,4,4,6,290.16
2190,Social Media,2025-02-24,,True,False,0,0,0,8,0.0
2191,Paid Ads,2025-02-26,,True,False,0,0,0,12,0.0
2192,Paid Ads,2025-01-04,2025-01-17,True,False,1,1,1,12,48.95
2193,Organic Search,2025-04-22,2025-04-23,False,True,3,5,6,6,504.43
2194,Referrals,2025-02-11,2025-02-20,True,False,2,3,3,4,281.99
2195,Paid Ads,2025-06-15,,False,True,0,0,0,12,0.0
2196,Paid Ads,2025-05-27,,True,False,0,0,0,12,0.0
2197,Referrals,2025-05-02,,True,False,0,0,0,4,0.0
2198,Paid Ads,2025-03-14,2025-03-23,True,False,2,3,3,12,148.47
2199,Referrals,2025-01-19,2025-01-20,False,True,2,8,14,4,1523.34
2200,Social Media,2025-03-22,2025-03-31,True,False,1,1,1,8,37.33
2201,Organic Search,2025-03-16,2025-03-27,False,True,5,9,11,6,542.96
2202,Organic Search,2025-04-22,,True,False,0,0,0,6,0.0
2203,Referrals,2025-02-05,,False,True,0,0,0,4,0.0
2204,Social Media,2025-01-23,,True,False,0,0,0,8,0.0
2205,Organic Search,2025-03-05,2025-03-15,False,True,3,7,8,6,659.44
2206,Paid Ads,2025-03-05,2025-03-07,True,False,3,4,4,12,123.01
2207,Referrals,2025-05-20,2025-05-23,False,True,1,3,10,4,834.73
2208,Paid Ads,2025-01-28,2025-02-04,True,False,1,2,2,12,118.17
2209,Organic Search,2025-02-08,,False,True,0,0,0,6,0.0
2210,Organic Search,2025-04-07,2025-04-13,False,True,1,6,9,6,688.0
2211,Social Media,2025-06-18,,True,False,0,0,0,8,0.0
2212,Organic Search,2025-04-27,,False,True,0,0,0,6,0.0
2213,Paid Ads,2025-02-15,2025-02-21,False,True,7,12,17,12,559.11
2214,Referrals,2025-06-17,2025-07-01,True,False,1,1,1,4,88.22
2215,Organic Search,2025-05-13,,True,False,0,0,0,6,0.0
2216,Referrals,2025-03-19,2025-03-29,False,True,7,11,15,4,1350.17
2217,Social Media,2025-06-09,,False,True,0,0,0,8,0.0
2218,Referrals,2025-04-07,2025-04-10,False,True,6,9,16,4,2074.48
2219,Organic Search,2025-04-21,2025-04-23,False,True,4,5,7,6,374.23
2220,Referrals,2025-06-02,2025-06-10,False,True,5,6,10,4,912.52
2221,Organic Search,2025-01-06,2025-01-20,True,False,3,4,4,6,292.88
2222,Paid Ads,2025-03-04,,False,True,0,0,0,12,0.0
2223,Referrals,2025-03-12,2025-03-14,False,True,5,12,13,4,1212.92
2224,Organic Search,2025-01-21,,True,False,0,0,0,6,0.0
2225,Paid Ads,2025-04-15,2025-04-19,True,False,2,2,2,12,99.52
2226,Organic Search,2025-06-16,2025-06-18,True,False,3,3,3,6,218.61
2227,Paid Ads,2025-05-31,2025-06-11,True,False,3,3,3,12,111.43
2228,Referrals,2025-02-20,,True,False,0,0,0,4,0.0
2229,Organic Search,2025-06-16,,True,False,0,0,0,6,0.0
2230,Paid Ads,2025-05-21,,False,True,0,0,0,12,0.0
2231,Social Media,2025-04-27,,False,True,0,0,0,8,0.0
2232,Social Media,2025-02-19,2025-02-25,True,False,2,2,2,8,68.32
2233,Social Media,2025-01-30,,True,False,0,0,0,8,0.0
2234,Paid Ads,2025-04-02,,False,True,0,0,0,12,0.0
2235,Social Media,2025-02-24,2025-03-08,True,False,2,3,3,8,149.55
2236,Paid Ads,2025-04-18,,True,False,0,0,0,12,0.0
2237,Paid Ads,2025-05-28,,True,False,0,0,0,12,0.0
2238,Paid Ads,2025-05-24,,True,False,0,0,0,12,0.0
2239,Paid Ads,2025-03-08,,True,False,0,0,0,12,0.0
2240,Referrals,2025-03-23,,False,True,0,0,0,4,0.0
2241,Referrals,2025-02-10,2025-02-21,False,True,6,10,13,4,1427.15
2242,Social Media,2025-06-18,2025-06-24,True,False,1,1,1,8,36.9
2243,Paid Ads,2025-04-03,2025-04-11,False,True,6,7,10,12,585.75
2244,Paid Ads,2025-06-18,,False,True,0,0,0,12,0.0
2245,Organic Search,2025-06-27,2025-07-09,False,True,1,5,6,6,304.99
2246,Paid Ads,2025-06-26,2025-06-30,True,False,3,3,3,12,116.29
2247,Referrals,2025-03-29,2025-04-10,True,False,2,2,2,4,237.68
2248,Social Media,2025-01-16,,True,False,0,0,0,8,0.0
2249,Organic Search,2025-06-06,2025-06-12,True,False,3,4,4,6,349.3
2250,Organic Search,2025-03-21,2025-03-22,True,False,1,2,2,6,184.19
2251,Paid Ads,2025-06-25,,True,False,0,0,0,12,0.0
2252,Paid Ads,2025-01-27,,False,True,0,0,0,12,0.0
2253,Paid Ads,2025-03-09,,True,False,0,0,0,12,0.0
2254,Paid Ads,2025-04-11,,False,True,0,0,0,12,0.0
2255,Paid Ads,2025-01-03,,True,False,0,0,0,12,0.0
2256,Organic Search,2025-05-22,2025-06-01,False,True,1,3,6,6,444.99
2257,Referrals,2025-01-13,,False,True,0,0,0,4,0.0
2258,Paid Ads,2025-06-03,,True,False,0,0,0,12,0.0
2259,Referrals,2025-02-16,2025-02-26,False,True,7,13,19,4,1453.45
2260,Paid Ads,2025-02-21,2025-03-05,True,False,3,4,4,12,153.31
2261,Referrals,2025-03-04,2025-03-11,True,False,3,4,4,4,355.93
2262,Paid Ads,2025-02-28,2025-03-08,False,True,4,6,9,12,458.53
2263,Paid Ads,2025-02-27,2025-03-04,False,True,6,10,14,12,296.17
2264,Paid Ads,2025-06-23,2025-07-07,False,True,1,6,12,12,576.64
2265,Social Media,2025-06-12,2025-06-22,False,True,4,7,14,8,413.98
2266,Organic Search,2025-01-23,2025-01-28,True,False,3,4,4,6,265.11
2267,Organic Search,2025-06-15,,True,False,0,0,0,6,0.0
2268,Paid Ads,2025-04-22,,True,False,0,0,0,12,0.0
2269,Paid Ads,2025-02-11,,False,True,0,0,0,12,0.0
2270,Referrals,2025-05-05,2025-05-10,False,True,1,2,4,4,415.12
2271,Referrals,2025-02-09,2025-02-21,False,True,5,6,10,4,894.52
2272,Paid Ads,2025-04-17,,True,False,0,0,0,12,0.0
2273,Referrals,2025-06-28,2025-07-01,True,False,2,3,3,4,208.69
2274,Paid Ads,2025-02-02,,True,False,0,0,0,12,0.0
2275,Social Media,2025-03-26,,False,True,0,0,0,8,0.0
2276,Organic Search,2025-04-22,2025-05-05,True,False,2,3,3,6,153.06
2277,Social Media,2025-02-03,,False,True,0,0,0,8,0.0
2278,Organic Search,2025-01-31,2025-02-05,False,True,6,8,12,6,928.13
2279,Social Media,2025-03-08,,True,False,0,0,0,8,0.0
2280,Social Media,2025-01-04,,True,False,0,0,0,8,0.0
2281,Paid Ads,2025-06-07,2025-06-11,True,False,1,2,2,12,91.06
2282,Paid Ads,2025-04-28,,False,True,0,0,0,12,0.0
2283,Social Media,2025-06-18,,True,False,0,0,0,8,0.0
2284,Social Media,2025-03-29,,False,True,0,0,0,8,0.0
2285,Referrals,2025-05-25,2025-06-01,False,True,5,7,12,4,1189.89
2286,Social Media,2025-06-14,,True,False,0,0,0,8,0.0
2287,Paid Ads,2025-02-10,,False,True,0,0,0,12,0.0
2288,Referrals,2025-06-20,2025-07-03,False,True,3,10,15,4,1727.72
2289,Referrals,2025-02-27,,False,True,0,0,0,4,0.0
2290,Referrals,2025-02-07,2025-02-20,False,True,1,4,6,4,361.34
2291,Paid Ads,2025-06-17,,True,False,0,0,0,12,0.0
2292,Paid Ads,2025-01-05,,False,True,0,0,0,12,0.0
2293,Referrals,2025-01-09,2025-01-23,False,True,5,6,12,4,1226.08
2294,Referrals,2025-06-10,2025-06-21,False,True,2,9,10,4,915.41
2295,Paid Ads,2025-02-19,,True,False,0,0,0,12,0.0
2296,Social Media,2025-05-27,,False,True,0,0,0,8,0.0
2297,Social Media,2025-06-22,,True,False,0,0,0,8,0.0
2298,Social Media,2025-05-06,,True,False,0,0,0,8,0.0
2299,Paid Ads,2025-05-30,2025-05-31,True,False,1,2,2,12,98.45
2300,Organic Search,2025-04-18,,True,False,0,0,0,6,0.0
2301,Referrals,2025-01-16,2025-01-18,True,False,3,4,4,4,422.23
2302,Organic Search,2025-05-24,,True,False,0,0,0,6,0.0
2303,Paid Ads,2025-04-08,2025-04-21,True,False,2,3,3,12,105.83
2304,Social Media,2025-01-31,,True,False,0,0,0,8,0.0
2305,Organic Search,2025-06-10,,True,False,0,0,0,6,0.0
2306,Referrals,2025-02-02,,True,False,0,0,0,4,0.0
2307,Referrals,2025-06-09,2025-06-13,False,True,6,9,14,4,946.26
2308,Referrals,2025-06-11,2025-06-13,True,False,2,3,3,4,290.67
2309,Referrals,2025-03-02,2025-03-12,False,True,5,12,14,4,1623.64
2310,Social Media,2025-05-16,2025-05-29,True,False,1,2,2,8,93.55
2311,Paid Ads,2025-05-23,2025-05-26,True,False,1,2,2,12,44.51
2312,Organic Search,2025-04-28,2025-05-01,True,False,3,4,4,6,277.12
2313,Organic Search,2025-05-07,2025-05-20,False,True,3,5,10,6,716.7
2314,Organic Search,2025-02-10,2025-02-19,False,True,3,10,17,6,1241.73
2315,Social Media,2025-01-30,,True,False,0,0,0,8,0.0
2316,Referrals,2025-06-03,2025-06-10,False,True,6,9,13,4,935.57
2317,Paid Ads,2025-05-11,,False,True,0,0,0,12,0.0
2318,Referrals,2025-03-10,2025-03-20,False,True,1,2,4,4,303.75
2319,Paid Ads,2025-06-02,,True,False,0,0,0,12,0.0
2320,Organic Search,2025-04-21,,False,True,0,0,0,6,0.0
2321,Organic Search,2025-02-02,2025-02-08,True,False,3,3,3,6,195.18
2322,Social Media,2025-04-28,2025-05-10,True,False,3,4,4,8,188.81
2323,Social Media,2025-03-29,2025-04-05,True,False,2,3,3,8,84.2
2324,Paid Ads,2025-05-29,2025-05-30,True,False,1,1,1,12,46.67
2325,Referrals,2025-05-26,2025-06-03,False,True,7,10,16,4,1241.26
2326,Organic Search,2025-03-18,2025-03-19,False,True,5,9,10,6,817.99
2327,Referrals,2025-04-22,2025-05-06,False,True,4,9,10,4,570.44
2328,Referrals,2025-01-02,2025-01-12,True,False,2,2,2,4,137.44
2329,Referrals,2025-05-11,2025-05-14,False,True,4,7,11,4,853.06
2330,Social Media,2025-05-30,,True,False,0,0,0,8,0.0
2331,Paid Ads,2025-03-02,2025-03-03,True,False,3,3,3,12,104.99
2332,Social Media,2025-03-30,2025-04-04,True,False,2,2,2,8,76.71
2333,Referrals,2025-03-19,2025-03-21,False,True,6,12,18,4,1767.41
2334,Referrals,2025-05-14,2025-05-20,False,True,3,4,7,4,612.48
2335,Referrals,2025-03-24,2025-04-03,False,True,7,10,11,4,956.76
2336,Organic Search,2025-01-10,,True,False,0,0,0,6,0.0
2337,Organic Search,2025-03-04,2025-03-08,False,True,2,5,6,6,394.91
2338,Social Media,2025-02-26,,False,True,0,0,0,8,0.0
2339,Referrals,2025-04-29,,True,False,0,0,0,4,0.0
2340,Referrals,2025-02-22,2025-03-03,True,False,3,4,4,4,351.99
2341,Social Media,2025-01-30,,True,False,0,0,0,8,0.0
2342,Social Media,2025-01-20,,True,False,0,0,0,8,0.0
2343,Paid Ads,2025-01-26,,True,False,0,0,0,12,0.0
2344,Organic Search,2025-04-07,,False,True,0,0,0,6,0.0
2345,Referrals,2025-01-17,2025-01-23,True,False,2,3,3,4,249.58
2346,Social Media,2025-05-05,,False,True,0,0,0,8,0.0
2347,Social Media,2025-06-05,2025-06-17,True,False,3,3,3,8,118.44
2348,Organic Search,2025-03-16,2025-03-17,False,True,3,4,11,6,602.76
2349,Referrals,2025-02-08,2025-02-11,False,True,1,2,8,4,616.42
2350,Social Media,2025-05-17,,True,False,0,0,0,8,0.0
2351,Paid Ads,2025-02-09,,True,False,0,0,0,12,0.0
2352,Paid Ads,2025-02-27,,False,True,0,0,0,12,0.0
2353,Referrals,2025-06-21,2025-07-01,False,True,4,7,14,4,1265.08
2354,Social Media,2025-03-07,,False,True,0,0,0,8,0.0
2355,Paid Ads,2025-05-19,,True,False,0,0,0,12,0.0
2356,Social Media,2025-03-18,,True,False,0,0,0,8,0.0
2357,Referrals,2025-05-30,2025-06-11,False,True,1,5,12,4,1859.46
2358,Organic Search,2025-02-10,2025-02-14,True,False,1,1,1,6,77.19
2359,Organic Search,2025-04-08,,False,True,0,0,0,6,0.0
2360,Paid Ads,2025-04-09,2025-04-16,True,False,1,2,2,12,98.79
2361,Paid Ads,2025-04-22,,False,True,0,0,0,12,0.0
2362,Paid Ads,2025-04-28,2025-04-30,False,True,7,12,17,12,766.74
2363,Social Media,2025-02-12,2025-02-22,True,False,3,4,4,8,159.82
2364,Referrals,2025-01-11,2025-01-14,False,True,2,4,9,4,1074.97
2365,Paid Ads,2025-06-23,,True,False,0,0,0,12,0.0
2366,Paid Ads,2025-06-01,2025-06-11,False,True,5,9,16,12,729.78
2367,Referrals,2025-05-09,2025-05-15,True,False,2,2,2,4,189.64
2368,Social Media,2025-04-22,2025-05-03,True,False,1,2,2,8,67.51
2369,Paid Ads,2025-02-21,,True,False,0,0,0,12,0.0
2370,Organic Search,2025-06-24,2025-07-05,False,True,1,4,9,6,735.09
2371,Referrals,2025-03-26,2025-03-29,True,False,3,3,3,4,336.69
2372,Paid Ads,2025-04-25,,True,False,0,0,0,12,0.0
2373,Social Media,2025-06-09,,True,False,0,0,0,8,0.0
2374,Social Media,2025-02-01,2025-02-04,True,False,1,1,1,8,50.19
2375,Paid Ads,2025-01-19,,False,True,0,0,0,12,0.0
2376,Social Media,2025-01-11,,True,False,0,0,0,8,0.0
2377,Organic Search,2025-02-09,2025-02-16,False,True,4,5,10,6,810.57
2378,Paid Ads,2025-04-22,2025-05-05,False,True,1,7,8,12,363.56
2379,Referrals,2025-05-02,2025-05-13,False,True,1,8,12,4,941.38
2380,Organic Search,2025-02-10,2025-02-17,False,True,5,8,9,6,842.9
2381,Paid Ads,2025-05-30,,True,False,0,0,0,12,0.0
2382,Referrals,2025-03-31,2025-04-13,False,True,5,8,14,4,1142.72
2383,Referrals,2025-03-18,2025-03-20,True,False,3,3,3,4,260.05
2384,Paid Ads,2025-01-31,2025-02-11,False,True,2,5,10,12,461.07
2385,Paid Ads,2025-05-08,,False,True,0,0,0,12,0.0
2386,Referrals,2025-04-13,2025-04-14,False,True,6,9,16,4,1452.05
2387,Social Media,2025-01-12,,False,True,0,0,0,8,0.0
2388,Organic Search,2025-03-13,,False,True,0,0,0,6,0.0
2389,Paid Ads,2025-01-16,2025-01-23,True,False,1,1,1,12,41.75
2390,Referrals,2025-02-27,2025-03-12,True,False,3,3,3,4,292.81
2391,Paid Ads,2025-04-06,,True,False,0,0,0,12,0.0
2392,Organic Search,2025-02-06,2025-02-11,True,False,1,2,2,6,136.27
2393,Paid Ads,2025-03-26,,True,False,0,0,0,12,0.0
2394,Organic Search,2025-06-07,,True,False,0,0,0,6,0.0
2395,Organic Search,2025-01-18,,False,True,0,0,0,6,0.0
2396,Referrals,2025-03-03,,False,True,0,0,0,4,0.0
2397,Social Media,2025-04-21,,True,False,0,0,0,8,0.0
2398,Referrals,2025-04-02,2025-04-05,True,False,1,2,2,4,177.0
2399,Organic Search,2025-01-11,2025-01-20,False,True,6,10,15,6,837.5
2400,Organic Search,2025-03-26,2025-04-02,False,True,6,13,14,6,1454.8
2401,Organic Search,2025-06-11,2025-06-16,False,True,5,10,17,6,898.37
2402,Paid Ads,2025-05-14,2025-05-17,True,False,2,2,2,12,96.84
2403,Referrals,2025-01-24,2025-01-25,True,False,1,1,1,4,95.83
2404,Referrals,2025-06-25,2025-07-03,False,True,5,7,14,4,1409.21
2405,Referrals,2025-04-15,2025-04-23,False,True,4,7,14,4,1198.65
2406,Referrals,2025-04-22,2025-04-28,False,True,6,13,20,4,1291.86
2407,Referrals,2025-05-21,2025-05-23,False,True,6,12,15,4,1734.33
2408,Paid Ads,2025-05-12,,True,False,0,0,0,12,0.0
2409,Social Media,2025-01-11,,True,False,0,0,0,8,0.0
2410,Paid Ads,2025-05-25,,True,False,0,0,0,12,0.0
2411,Organic Search,2025-06-07,2025-06-15,False,True,2,8,11,6,952.49
2412,Referrals,2025-06-04,,False,True,0,0,0,4,0.0
2413,Social Media,2025-05-05,,True,False,0,0,0,8,0.0
2414,Referrals,2025-06-10,2025-06-19,False,True,5,6,7,4,627.27
2415,Social Media,2025-04-02,,True,False,0,0,0,8,0.0
2416,Paid Ads,2025-01-23,,True,False,0,0,0,12,0.0
2417,Organic Search,2025-01-24,2025-01-26,False,True,6,8,14,6,1134.46
2418,Organic Search,2025-03-21,2025-03-26,False,True,7,8,14,6,912.85
2419,Paid Ads,2025-06-21,,True,False,0,0,0,12,0.0
2420,Paid Ads,2025-06-21,,True,False,0,0,0,12,0.0
2421,Paid Ads,2025-04-29,2025-05-09,False,True,1,5,11,12,462.2
2422,Social Media,2025-03-09,,False,True,0,0,0,8,0.0
2423,Social Media,2025-06-22,2025-06-24,True,False,1,1,1,8,34.17
2424,Organic Search,2025-03-16,2025-03-30,True,False,3,3,3,6,205.58
2425,Paid Ads,2025-06-04,,True,False,0,0,0,12,0.0
2426,Social Media,2025-04-21,,False,True,0,0,0,8,0.0
2427,Paid Ads,2025-01-07,2025-01-15,True,False,2,2,2,12,131.99
2428,Social Media,2025-03-03,2025-03-14,False,True,3,9,15,8,717.74
2429,Organic Search,2025-02-14,2025-02-27,True,False,2,2,2,6,124.76
2430,Organic Search,2025-02-17,2025-02-19,False,True,5,10,14,6,768.76
2431,Referrals,2025-01-23,,True,False,0,0,0,4,0.0
2432,Referrals,2025-04-20,,False,True,0,0,0,4,0.0
2433,Paid Ads,2025-04-12,2025-04-13,False,True,5,7,9,12,454.01
2434,Social Media,2025-05-06,,False,True,0,0,0,8,0.0
2435,Social Media,2025-02-20,,True,False,0,0,0,8,0.0
2436,Paid Ads,2025-05-08,,True,False,0,0,0,12,0.0
2437,Organic Search,2025-05-31,2025-06-01,True,False,2,2,2,6,160.12
2438,Referrals,2025-05-21,2025-06-03,False,True,4,11,16,4,1471.4
2439,Social Media,2025-03-04,,True,False,0,0,0,8,0.0
2440,Paid Ads,2025-02-28,,True,False,0,0,0,12,0.0
2441,Social Media,2025-06-14,,True,False,0,0,0,8,0.0
2442,Organic Search,2025-05-18,2025-05-29,True,False,3,3,3,6,197.38
2443,Referrals,2025-03-04,2025-03-18,False,True,4,9,12,4,1123.2
2444,Social Media,2025-01-31,,True,False,0,0,0,8,0.0
2445,Social Media,2025-06-05,2025-06-18,False,True,7,12,17,8,813.28
2446,Paid Ads,2025-05-19,,False,True,0,0,0,12,0.0
2447,Referrals,2025-06-16,,False,True,0,0,0,4,0.0
2448,Referrals,2025-05-01,2025-05-06,False,True,4,10,14,4,1518.19
2449,Referrals,2025-04-30,2025-05-08,False,True,1,2,4,4,484.54
2450,Referrals,2025-05-28,2025-06-08,True,False,3,3,3,4,289.82
2451,Referrals,2025-01-03,2025-01-04,False,True,7,12,14,4,1513.43
2452,Paid Ads,2025-02-16,2025-02-25,True,False,2,2,2,12,95.81
2453,Paid Ads,2025-01-22,,True,False,0,0,0,12,0.0
2454,Social Media,2025-06-12,,True,False,0,0,0,8,0.0
2455,Paid Ads,2025-01-10,,False,True,0,0,0,12,0.0
2456,Paid Ads,2025-01-21,2025-02-02,True,False,1,2,2,12,121.39
2457,Organic Search,2025-01-20,2025-01-30,True,False,1,2,2,6,104.03
2458,Paid Ads,2025-05-23,,True,False,0,0,0,12,0.0
2459,Referrals,2025-06-09,2025-06-13,True,False,1,2,2,4,155.92
2460,Organic Search,2025-03-24,2025-04-05,False,True,2,7,12,6,828.12
2461,Social Media,2025-05-20,2025-06-02,True,False,1,1,1,8,36.49
2462,Paid Ads,2025-06-10,,False,True,0,0,0,12,0.0
2463,Paid Ads,2025-03-25,,False,True,0,0,0,12,0.0
2464,Organic Search,2025-04-07,,False,True,0,0,0,6,0.0
2465,Organic Search,2025-04-18,,True,False,0,0,0,6,0.0
2466,Referrals,2025-01-21,2025-01-31,False,True,6,10,13,4,1437.04
2467,Paid Ads,2025-06-02,,True,False,0,0,0,12,0.0
2468,Social Media,2025-04-10,,True,False,0,0,0,8,0.0
2469,Organic Search,2025-02-24,2025-02-25,True,False,2,3,3,6,137.19
2470,Paid Ads,2025-06-13,2025-06-17,True,False,3,4,4,12,103.33
2471,Referrals,2025-01-24,2025-01-27,True,False,2,3,3,4,374.82
2472,Social Media,2025-06-17,,True,False,0,0,0,8,0.0
2473,Referrals,2025-06-10,2025-06-15,False,True,7,14,15,4,1278.8
2474,Paid Ads,2025-04-08,,True,False,0,0,0,12,0.0
2475,Referrals,2025-06-02,2025-06-09,False,True,6,13,19,4,2285.72
2476,Referrals,2025-06-09,2025-06-17,False,True,1,2,3,4,248.41
2477,Referrals,2025-01-28,2025-02-11,False,True,5,8,14,4,1032.55
2478,Referrals,2025-01-16,2025-01-20,False,True,7,13,16,4,1769.86
2479,Paid Ads,2025-06-26,2025-06-29,True,False,2,3,3,12,157.49
2480,Organic Search,2025-06-10,,False,True,0,0,0,6,0.0
2481,Social Media,2025-04-08,,False,True,0,0,0,8,0.0
2482,Organic Search,2025-02-01,2025-02-06,True,False,1,1,1,6,79.78
2483,Paid Ads,2025-03-15,,True,False,0,0,0,12,0.0
2484,Social Media,2025-01-19,,False,True,0,0,0,8,0.0
2485,Paid Ads,2025-03-02,2025-03-05,True,False,3,4,4,12,107.05
2486,Referrals,2025-02-24,2025-03-08,False,True,6,9,13,4,1046.43
2487,Paid Ads,2025-03-09,2025-03-12,True,False,2,2,2,12,109.58
2488,Paid Ads,2025-03-29,,False,True,0,0,0,12,0.0
2489,Organic Search,2025-06-26,2025-07-03,True,False,3,3,3,6,196.08
2490,Social Media,2025-01-14,2025-01-16,True,False,1,1,1,8,38.61
2491,Social Media,2025-01-25,,True,False,0,0,0,8,0.0
2492,Paid Ads,2025-06-25,2025-06-28,True,False,2,3,3,12,121.77
2493,Referrals,2025-05-14,2025-05-28,False,True,7,10,14,4,1838.48
2494,Paid Ads,2025-06-04,,True,False,0,0,0,12,0.0
2495,Paid Ads,2025-01-23,,True,False,0,0,0,12,0.0
2496,Referrals,2025-05-14,2025-05-20,True,False,3,4,4,4,325.46
2497,Paid Ads,2025-03-27,,True,False,0,0,0,12,0.0
2498,Referrals,2025-02-27,2025-02-28,False,True,2,5,12,4,1018.3
2499,Social Media,2025-06-09,2025-06-17,True,False,2,3,3,8,145.86
2500,Organic Search,2025-04-21,2025-05-01,True,False,2,3,3,6,156.47
2501,Paid Ads,2025-05-25,,False,True,0,0,0,12,0.0
2502,Paid Ads,2025-05-26,2025-05-31,True,False,3,4,4,12,206.16
2503,Social Media,2025-03-31,,True,False,0,0,0,8,0.0
2504,Referrals,2025-02-22,2025-03-08,False,True,5,7,12,4,809.52
2505,Paid Ads,2025-06-22,,True,False,0,0,0,12,0.0
2506,Paid Ads,2025-06-13,,True,False,0,0,0,12,0.0
2507,Social Media,2025-05-02,,True,False,0,0,0,8,0.0
2508,Paid Ads,2025-03-29,2025-04-10,True,False,2,2,2,12,56.84
2509,Paid Ads,2025-03-21,,True,False,0,0,0,12,0.0
2510,Social Media,2025-05-06,,True,False,0,0,0,8,0.0
2511,Social Media,2025-02-26,,True,False,0,0,0,8,0.0
2512,Referrals,2025-04-13,2025-04-26,False,True,5,6,7,4,753.97
2513,Social Media,2025-03-30,2025-04-12,True,False,3,3,3,8,114.95
2514,Referrals,2025-05-18,2025-05-22,False,True,4,9,13,4,1062.87
2515,Social Media,2025-03-20,,True,False,0,0,0,8,0.0
2516,Referrals,2025-04-29,,False,True,0,0,0,4,0.0
2517,Paid Ads,2025-05-02,,True,False,0,0,0,12,0.0
2518,Organic Search,2025-02-02,,False,True,0,0,0,6,0.0
2519,Paid Ads,2025-05-01,2025-05-02,True,False,3,4,4,12,117.33
2520,Organic Search,2025-06-23,,True,False,0,0,0,6,0.0
2521,Paid Ads,2025-05-17,,False,True,0,0,0,12,0.0
2522,Social Media,2025-03-21,,True,False,0,0,0,8,0.0
2523,Paid Ads,2025-03-27,,True,False,0,0,0,12,0.0
2524,Social Media,2025-05-19,,True,False,0,0,0,8,0.0
2525,Referrals,2025-06-05,2025-06-09,False,True,2,7,9,4,594.05
2526,Referrals,2025-02-02,2025-02-15,True,False,1,2,2,4,243.6
2527,Referrals,2025-03-14,2025-03-19,True,False,1,1,1,4,86.35
2528,Organic Search,2025-06-29,2025-07-12,False,True,3,4,8,6,628.44
2529,Paid Ads,2025-05-28,2025-06-10,False,True,2,4,6,12,298.21
2530,Paid Ads,2025-03-03,2025-03-04,False,True,4,7,8,12,215.02
2531,Paid Ads,2025-06-01,,True,False,0,0,0,12,0.0
2532,Paid Ads,2025-01-18,,False,True,0,0,0,12,0.0
2533,Referrals,2025-05-20,,False,True,0,0,0,4,0.0
2534,Referrals,2025-05-17,2025-05-26,False,True,5,9,16,4,1740.71
2535,Organic Search,2025-02-07,2025-02-11,False,True,6,11,18,6,1571.46
2536,Paid Ads,2025-03-07,,False,True,0,0,0,12,0.0
2537,Organic Search,2025-04-16,,False,True,0,0,0,6,0.0
2538,Social Media,2025-03-15,,True,False,0,0,0,8,0.0
2539,Referrals,2025-02-05,2025-02-19,True,False,3,4,4,4,448.8
2540,Paid Ads,2025-06-28,,False,True,0,0,0,12,0.0
2541,Organic Search,2025-02-17,2025-02-22,False,True,1,2,4,6,321.87
2542,Paid Ads,2025-03-16,,False,True,0,0,0,12,0.0
2543,Paid Ads,2025-01-09,,True,False,0,0,0,12,0.0
2544,Referrals,2025-05-29,2025-06-06,False,True,2,4,11,4,873.35
2545,Paid Ads,2025-06-04,2025-06-13,True,False,2,2,2,12,71.23
2546,Social Media,2025-03-15,,False,True,0,0,0,8,0.0
2547,Referrals,2025-05-23,2025-05-29,False,True,7,14,15,4,1446.93
2548,Paid Ads,2025-03-24,2025-03-28,True,False,2,3,3,12,118.27
2549,Paid Ads,2025-02-19,,False,True,0,0,0,12,0.0
2550,Paid Ads,2025-05-12,,False,True,0,0,0,12,0.0
2551,Organic Search,2025-03-08,,False,True,0,0,0,6,0.0
2552,Referrals,2025-01-28,,True,False,0,0,0,4,0.0
2553,Referrals,2025-06-23,2025-07-05,False,True,5,12,13,4,1296.31
2554,Social Media,2025-03-25,,True,False,0,0,0,8,0.0
2555,Paid Ads,2025-05-25,,False,True,0,0,0,12,0.0
2556,Paid Ads,2025-02-11,,True,False,0,0,0,12,0.0
2557,Organic Search,2025-04-14,2025-04-21,True,False,1,2,2,6,137.78
2558,Organic Search,2025-01-16,,False,True,0,0,0,6,0.0
2559,Organic Search,2025-02-07,,False,True,0,0,0,6,0.0
2560,Paid Ads,2025-02-28,,True,False,0,0,0,12,0.0
2561,Paid Ads,2025-06-27,,True,False,0,0,0,12,0.0
2562,Social Media,2025-04-30,,True,False,0,0,0,8,0.0
2563,Referrals,2025-01-13,2025-01-22,True,False,2,2,2,4,137.7
2564,Paid Ads,2025-06-22,2025-06-23,False,True,6,9,12,12,520.48
2565,Social Media,2025-05-18,,True,False,0,0,0,8,0.0
2566,Organic Search,2025-04-28,2025-05-07,False,True,7,8,12,6,586.06
2567,Referrals,2025-06-15,2025-06-25,False,True,4,9,11,4,980.12
2568,Social Media,2025-05-25,2025-06-06,True,False,3,3,3,8,117.36
2569,Social Media,2025-03-11,2025-03-23,True,False,1,1,1,8,41.44
2570,Paid Ads,2025-03-05,,True,False,0,0,0,12,0.0
2571,Paid Ads,2025-06-17,2025-07-01,True,False,3,3,3,12,149.44
2572,Organic Search,2025-03-11,2025-03-12,False,True,1,3,4,6,271.33
2573,Organic Search,2025-02-12,,True,False,0,0,0,6,0.0
2574,Organic Search,2025-06-23,,True,False,0,0,0,6,0.0
2575,Paid Ads,2025-06-02,,True,False,0,0,0,12,0.0
2576,Social Media,2025-01-03,2025-01-05,True,False,3,3,3,8,117.48
2577,Paid Ads,2025-05-04,,True,False,0,0,0,12,0.0
2578,Referrals,2025-02-23,,False,True,0,0,0,4,0.0
2579,Referrals,2025-04-10,2025-04-17,False,True,2,5,11,4,1249.4
2580,Paid Ads,2025-03-21,2025-03-30,True,False,3,4,4,12,225.74
2581,Referrals,2025-06-28,,False,True,0,0,0,4,0.0
2582,Paid Ads,2025-06-27,,True,False,0,0,0,12,0.0
2583,Referrals,2025-05-29,2025-06-07,False,True,1,6,12,4,1146.91
2584,Referrals,2025-06-28,2025-07-10,True,False,2,2,2,4,204.52
2585,Organic Search,2025-06-14,2025-06-27,True,False,1,1,1,6,53.25
2586,Social Media,2025-02-06,2025-02-18,False,True,4,10,13,8,253.9
2587,Social Media,2025-01-23,,False,True,0,0,0,8,0.0
2588,Referrals,2025-02-18,,True,False,0,0,0,4,0.0
2589,Social Media,2025-02-22,2025-02-25,False,True,1,8,15,8,504.68
2590,Paid Ads,2025-01-04,,True,False,0,0,0,12,0.0
2591,Referrals,2025-01-03,2025-01-11,False,True,4,8,15,4,1283.58
2592,Organic Search,2025-02-28,,False,True,0,0,0,6,0.0
2593,Referrals,2025-03-22,2025-03-27,True,False,3,4,4,4,440.52
2594,Paid Ads,2025-03-24,,False,True,0,0,0,12,0.0
2595,Social Media,2025-02-08,,True,False,0,0,0,8,0.0
2596,Social Media,2025-03-22,,True,False,0,0,0,8,0.0
2597,Paid Ads,2025-01-11,,True,False,0,0,0,12,0.0
2598,Paid Ads,2025-01-21,2025-01-23,False,True,2,9,15,12,535.57
2599,Social Media,2025-06-01,,False,True,0,0,0,8,0.0
2600,Paid Ads,2025-03-14,2025-03-26,True,False,1,1,1,12,64.82
2601,Organic Search,2025-06-11,,True,False,0,0,0,6,0.0
2602,Referrals,2025-04-17,2025-04-21,True,False,3,4,4,4,356.56
2603,Paid Ads,2025-01-26,2025-02-09,True,False,3,4,4,12,98.17
2604,Paid Ads,2025-02-19,,True,False,0,0,0,12,0.0
2605,Paid Ads,2025-05-22,,True,False,0,0,0,12,0.0
2606,Organic Search,2025-03-26,,False,True,0,0,0,6,0.0
2607,Paid Ads,2025-06-26,,True,False,0,0,0,12,0.0
2608,Social Media,2025-06-13,,False,True,0,0,0,8,0.0
2609,Paid Ads,2025-03-21,,False,True,0,0,0,12,0.0
2610,Organic Search,2025-01-07,2025-01-19,True,False,1,2,2,6,161.65
2611,Paid Ads,2025-02-24,,False,True,0,0,0,12,0.0
2612,Paid Ads,2025-05-11,,True,False,0,0,0,12,0.0
2613,Paid Ads,2025-02-17,,False,True,0,0,0,12,0.0
2614,Referrals,2025-04-06,2025-04-13,True,False,2,2,2,4,219.08
2615,Social Media,2025-01-08,,True,False,0,0,0,8,0.0
2616,Paid Ads,2025-05-16,2025-05-30,False,True,5,9,14,12,682.15
2617,Organic Search,2025-04-15,2025-04-29,True,False,3,4,4,6,250.07
2618,Referrals,2025-01-18,2025-01-22,True,False,1,2,2,4,154.95
2619,Organic Search,2025-02-23,,False,True,0,0,0,6,0.0
2620,Referrals,2025-01-05,,True,False,0,0,0,4,0.0
2621,Referrals,2025-02-08,2025-02-12,True,False,2,3,3,4,224.45
2622,Social Media,2025-04-21,,True,False,0,0,0,8,0.0
2623,Referrals,2025-02-16,,False,True,0,0,0,4,0.0
2624,Referrals,2025-04-29,2025-05-02,True,False,2,2,2,4,207.93
2625,Paid Ads,2025-03-19,,True,False,0,0,0,12,0.0
2626,Paid Ads,2025-02-06,2025-02-19,False,True,3,4,6,12,190.57
2627,Referrals,2025-04-18,2025-04-19,False,True,6,10,14,4,1168.03
2628,Paid Ads,2025-01-14,,True,False,0,0,0,12,0.0
2629,Paid Ads,2025-02-23,,True,False,0,0,0,12,0.0
2630,Paid Ads,2025-05-03,2025-05-17,False,True,5,7,10,12,402.76
2631,Paid Ads,2025-02-02,,False,True,0,0,0,12,0.0
2632,Referrals,2025-05-05,2025-05-07,False,True,6,10,11,4,1045.18
2633,Paid Ads,2025-04-16,2025-04-20,True,False,2,2,2,12,83.58
2634,Paid Ads,2025-01-04,,False,True,0,0,0,12,0.0
2635,Paid Ads,2025-04-12,2025-04-18,False,True,7,12,16,12,768.16
2636,Social Media,2025-04-10,,True,False,0,0,0,8,0.0
2637,Paid Ads,2025-04-19,2025-04-29,False,True,1,4,9,12,397.91
2638,Social Media,2025-03-08,2025-03-21,False,True,1,6,10,8,362.29
2639,Referrals,2025-04-25,2025-04-28,False,True,5,8,10,4,778.07
2640,Paid Ads,2025-06-15,,True,False,0,0,0,12,0.0
2641,Paid Ads,2025-03-18,2025-03-23,False,True,4,5,8,12,402.5
2642,Referrals,2025-04-24,,True,False,0,0,0,4,0.0
2643,Organic Search,2025-05-10,2025-05-24,False,True,4,9,13,6,760.24
2644,Referrals,2025-02-28,2025-03-04,False,True,6,11,15,4,2271.31
2645,Organic Search,2025-02-06,2025-02-11,True,False,2,3,3,6,228.86
2646,Social Media,2025-06-26,,True,False,0,0,0,8,0.0
2647,Referrals,2025-03-27,,False,True,0,0,0,4,0.0
2648,Organic Search,2025-02-16,2025-03-02,False,True,2,4,11,6,1027.0
2649,Referrals,2025-03-08,,True,False,0,0,0,4,0.0
2650,Referrals,2025-01-31,2025-02-02,False,True,3,9,11,4,855.99
2651,Referrals,2025-03-24,2025-04-03,False,True,6,12,13,4,1307.12
2652,Organic Search,2025-02-14,2025-02-20,False,True,2,8,9,6,633.38
2653,Organic Search,2025-06-27,,True,False,0,0,0,6,0.0
2654,Referrals,2025-02-08,2025-02-12,True,False,1,2,2,4,176.38
2655,Referrals,2025-05-15,2025-05-17,False,True,2,5,6,4,434.89
2656,Organic Search,2025-04-13,,True,False,0,0,0,6,0.0
2657,Paid Ads,2025-05-28,,True,False,0,0,0,12,0.0
2658,Social Media,2025-04-14,,True,False,0,0,0,8,0.0
2659,Referrals,2025-01-25,,False,True,0,0,0,4,0.0
2660,Social Media,2025-01-26,2025-02-08,True,False,2,2,2,8,93.37
2661,Social Media,2025-01-31,2025-02-06,True,False,3,3,3,8,118.86
2662,Social Media,2025-04-11,2025-04-22,True,False,1,1,1,8,32.43
2663,Social Media,2025-06-13,,False,True,0,0,0,8,0.0
2664,Referrals,2025-05-14,2025-05-26,False,True,7,13,19,4,1983.17
2665,Referrals,2025-06-04,,False,True,0,0,0,4,0.0
2666,Social Media,2025-02-13,,False,True,0,0,0,8,0.0
2667,Referrals,2025-01-29,2025-02-12,False,True,2,5,8,4,709.35
2668,Paid Ads,2025-02-05,,True,False,0,0,0,12,0.0
2669,Referrals,2025-03-03,,False,True,0,0,0,4,0.0
2670,Social Media,2025-04-23,2025-04-26,True,False,3,4,4,8,128.62
2671,Referrals,2025-02-23,2025-03-05,False,True,2,9,12,4,916.11
2672,Organic Search,2025-06-08,,True,False,0,0,0,6,0.0
2673,Paid Ads,2025-04-19,,False,True,0,0,0,12,0.0
2674,Paid Ads,2025-06-03,,True,False,0,0,0,12,0.0
2675,Referrals,2025-06-11,,False,True,0,0,0,4,0.0
2676,Referrals,2025-02-12,2025-02-17,False,True,7,9,10,4,1058.41
2677,Referrals,2025-04-06,2025-04-16,False,True,1,4,6,4,520.33
2678,Social Media,2025-05-08,2025-05-13,False,True,6,8,13,8,351.13
2679,Social Media,2025-01-06,,True,False,0,0,0,8,0.0
2680,Paid Ads,2025-03-11,,True,False,0,0,0,12,0.0
2681,Paid Ads,2025-01-08,2025-01-17,True,False,3,3,3,12,184.06
2682,Paid Ads,2025-03-06,2025-03-17,True,False,3,4,4,12,191.63
2683,Paid Ads,2025-04-26,,False,True,0,0,0,12,0.0
2684,Organic Search,2025-02-10,,False,True,0,0,0,6,0.0
2685,Referrals,2025-04-06,2025-04-16,False,True,4,8,14,4,1231.9
2686,Paid Ads,2025-01-24,2025-01-25,True,False,2,2,2,12,107.03
2687,Referrals,2025-01-03,,False,True,0,0,0,4,0.0
2688,Referrals,2025-01-31,2025-02-04,False,True,5,8,10,4,760.13
2689,Social Media,2025-04-07,2025-04-15,True,False,2,3,3,8,120.15
2690,Paid Ads,2025-05-02,2025-05-08,True,False,1,1,1,12,42.73
2691,Referrals,2025-05-15,2025-05-23,False,True,1,4,7,4,855.13
2692,Social Media,2025-01-17,,True,False,0,0,0,8,0.0
2693,Referrals,2025-06-28,2025-07-08,True,False,2,3,3,4,326.22
2694,Paid Ads,2025-04-12,2025-04-20,True,False,3,4,4,12,184.02
2695,Referrals,2025-04-14,,False,True,0,0,0,4,0.0
2696,Organic Search,2025-04-28,,True,False,0,0,0,6,0.0
2697,Paid Ads,2025-02-03,2025-02-08,True,False,1,2,2,12,69.67
2698,Social Media,2025-04-17,,True,False,0,0,0,8,0.0
2699,Organic Search,2025-05-05,2025-05-12,False,True,5,8,15,6,885.74
2700,Referrals,2025-04-11,,True,False,0,0,0,4,0.0
2701,Social Media,2025-03-24,2025-04-07,True,False,1,2,2,8,62.14
2702,Referrals,2025-02-05,,False,True,0,0,0,4,0.0
2703,Paid Ads,2025-05-16,,False,True,0,0,0,12,0.0
2704,Paid Ads,2025-06-03,,True,False,0,0,0,12,0.0
2705,Organic Search,2025-05-30,2025-06-01,False,True,5,11,14,6,1157.6
2706,Organic Search,2025-03-03,,False,True,0,0,0,6,0.0
2707,Organic Search,2025-04-26,2025-04-27,False,True,6,11,14,6,983.8
2708,Social Media,2025-06-19,,True,False,0,0,0,8,0.0
2709,Social Media,2025-04-23,2025-04-24,True,False,2,2,2,8,100.42
2710,Paid Ads,2025-02-23,2025-02-24,True,False,3,4,4,12,138.94
2711,Social Media,2025-03-02,2025-03-16,False,True,3,8,9,8,386.36
2712,Paid Ads,2025-06-02,,False,True,0,0,0,12,0.0
2713,Referrals,2025-06-29,2025-07-11,False,True,3,4,6,4,676.86
2714,Paid Ads,2025-01-21,2025-01-29,True,False,1,2,2,12,62.47
2715,Paid Ads,2025-03-05,,True,False,0,0,0,12,0.0
2716,Social Media,2025-06-08,,True,False,0,0,0,8,0.0
2717,Paid Ads,2025-05-25,,False,True,0,0,0,12,0.0
2718,Organic Search,2025-04-07,2025-04-13,True,False,3,4,4,6,333.77
2719,Organic Search,2025-06-18,,True,False,0,0,0,6,0.0
2720,Paid Ads,2025-04-10,,False,True,0,0,0,12,0.0
2721,Referrals,2025-06-20,,False,True,0,0,0,4,0.0
2722,Referrals,2025-01-24,2025-02-03,False,True,7,11,17,4,1764.18
2723,Paid Ads,2025-06-14,2025-06-18,True,False,2,2,2,12,75.47
2724,Paid Ads,2025-01-06,2025-01-09,True,False,2,2,2,12,83.23
2725,Paid Ads,2025-01-15,,True,False,0,0,0,12,0.0
2726,Paid Ads,2025-02-20,2025-02-23,True,False,2,3,3,12,157.5
2727,Paid Ads,2025-05-19,,True,False,0,0,0,12,0.0
2728,Organic Search,2025-01-07,2025-01-21,True,False,2,3,3,6,214.38
2729,Paid Ads,2025-02-24,2025-03-02,True,False,3,4,4,12,172.49
2730,Organic Search,2025-06-29,2025-07-09,False,True,3,5,11,6,863.79
2731,Referrals,2025-01-12,2025-01-19,False,True,7,9,10,4,1090.34
2732,Social Media,2025-03-08,,False,True,0,0,0,8,0.0
2733,Referrals,2025-05-24,2025-06-04,True,False,1,2,2,4,220.06
2734,Referrals,2025-05-26,2025-05-27,False,True,4,6,13,4,1255.63
2735,Referrals,2025-06-16,2025-06-22,True,False,2,2,2,4,210.31
2736,Referrals,2025-01-12,,False,True,0,0,0,4,0.0
2737,Referrals,2025-01-14,2025-01-25,True,False,1,1,1,4,77.97
2738,Referrals,2025-06-07,2025-06-14,False,True,7,14,18,4,1543.93
2739,Paid Ads,2025-06-16,2025-06-24,True,False,2,3,3,12,141.79
2740,Paid Ads,2025-01-05,2025-01-19,False,True,1,4,5,12,225.38
2741,Organic Search,2025-05-15,,False,True,0,0,0,6,0.0
2742,Social Media,2025-05-30,2025-06-12,True,False,2,2,2,8,108.99
2743,Referrals,2025-01-01,,False,True,0,0,0,4,0.0
2744,Paid Ads,2025-02-15,2025-02-24,False,True,2,5,11,12,376.75
2745,Organic Search,2025-02-26,2025-03-04,True,False,3,4,4,6,308.79
2746,Paid Ads,2025-06-13,,True,False,0,0,0,12,0.0
2747,Organic Search,2025-04-17,,True,False,0,0,0,6,0.0
2748,Organic Search,2025-04-09,,True,False,0,0,0,6,0.0
2749,Paid Ads,2025-06-10,,True,False,0,0,0,12,0.0
2750,Paid Ads,2025-02-28,,False,True,0,0,0,12,0.0
2751,Paid Ads,2025-06-16,,True,False,0,0,0,12,0.0
2752,Paid Ads,2025-05-02,2025-05-15,True,False,2,2,2,12,57.79
2753,Social Media,2025-01-31,,False,True,0,0,0,8,0.0
2754,Referrals,2025-02-10,2025-02-11,True,False,3,4,4,4,307.04
2755,Paid Ads,2025-01-30,,False,True,0,0,0,12,0.0
2756,Social Media,2025-01-04,,True,False,0,0,0,8,0.0
2757,Organic Search,2025-04-29,2025-05-05,False,True,1,4,5,6,324.84
2758,Paid Ads,2025-05-05,2025-05-12,True,False,3,3,3,12,147.32
2759,Referrals,2025-01-21,,False,True,0,0,0,4,0.0
2760,Paid Ads,2025-03-04,,False,True,0,0,0,12,0.0
2761,Social Media,2025-02-25,2025-02-27,True,False,2,3,3,8,93.34
2762,Referrals,2025-01-17,2025-01-18,True,False,3,4,4,4,479.3
2763,Referrals,2025-04-12,,True,False,0,0,0,4,0.0
2764,Referrals,2025-03-05,2025-03-07,False,True,5,12,17,4,1493.16
2765,Paid Ads,2025-05-28,,True,False,0,0,0,12,0.0
2766,Paid Ads,2025-01-28,2025-02-05,False,True,6,7,9,12,554.76
2767,Social Media,2025-03-05,2025-03-19,False,True,4,5,8,8,400.01
2768,Paid Ads,2025-02-23,2025-03-05,True,False,2,2,2,12,99.12
2769,Organic Search,2025-05-19,2025-05-23,False,True,1,3,6,6,347.32
2770,Paid Ads,2025-03-16,2025-03-18,False,True,2,7,11,12,418.94
2771,Organic Search,2025-01-05,,False,True,0,0,0,6,0.0
2772,Referrals,2025-03-25,2025-04-07,False,True,6,13,14,4,1710.71
2773,Social Media,2025-01-13,2025-01-15,True,False,3,3,3,8,100.06
2774,Referrals,2025-02-12,2025-02-25,False,True,5,7,14,4,1527.95
2775,Referrals,2025-04-21,2025-04-29,False,True,5,6,12,4,1006.33
2776,Referrals,2025-06-27,2025-07-02,False,True,2,5,9,4,961.96
2777,Organic Search,2025-06-18,,False,True,0,0,0,6,0.0
2778,Social Media,2025-06-29,,True,False,0,0,0,8,0.0
2779,Referrals,2025-05-25,2025-06-05,False,True,6,12,18,4,2152.46
2780,Social Media,2025-03-01,,True,False,0,0,0,8,0.0
2781,Paid Ads,2025-06-01,,False,True,0,0,0,12,0.0
2782,Organic Search,2025-03-22,,False,True,0,0,0,6,0.0
2783,Referrals,2025-06-05,2025-06-08,True,False,2,3,3,4,350.94
2784,Social Media,2025-05-20,,False,True,0,0,0,8,0.0
2785,Paid Ads,2025-04-22,,True,False,0,0,0,12,0.0
2786,Organic Search,2025-05-06,,False,True,0,0,0,6,0.0
2787,Paid Ads,2025-01-28,2025-02-01,False,True,2,9,16,12,729.69
2788,Social Media,2025-05-12,2025-05-15,True,False,1,1,1,8,34.72
2789,Paid Ads,2025-05-10,,False,True,0,0,0,12,0.0
2790,Organic Search,2025-06-17,,False,True,0,0,0,6,0.0
2791,Social Media,2025-02-27,,True,False,0,0,0,8,0.0
2792,Referrals,2025-04-12,,True,False,0,0,0,4,0.0
2793,Referrals,2025-03-04,2025-03-15,False,True,7,14,19,4,2248.74
2794,Social Media,2025-02-16,,True,False,0,0,0,8,0.0
2795,Social Media,2025-06-05,2025-06-15,True,False,1,1,1,8,41.19
2796,Organic Search,2025-04-22,2025-04-24,True,False,2,3,3,6,272.86
2797,Social Media,2025-03-15,,True,False,0,0,0,8,0.0
2798,Paid Ads,2025-02-18,,True,False,0,0,0,12,0.0
2799,Paid Ads,2025-05-19,,True,False,0,0,0,12,0.0
2800,Social Media,2025-03-17,2025-03-28,False,True,2,5,11,8,403.34
2801,Referrals,2025-04-13,2025-04-24,True,False,3,4,4,4,373.88
2802,Social Media,2025-03-23,,False,True,0,0,0,8,0.0
2803,Paid Ads,2025-04-26,2025-05-02,True,False,1,1,1,12,43.43
2804,Paid Ads,2025-05-10,,True,False,0,0,0,12,0.0
2805,Organic Search,2025-03-09,2025-03-16,False,True,1,2,5,6,431.29
2806,Organic Search,2025-03-02,2025-03-12,False,True,5,7,11,6,835.73
2807,Social Media,2025-05-25,,True,False,0,0,0,8,0.0
2808,Referrals,2025-05-12,2025-05-19,False,True,2,9,11,4,1087.03
2809,Organic Search,2025-01-24,2025-02-05,True,False,3,3,3,6,248.96
2810,Organic Search,2025-03-29,2025-04-10,True,False,1,1,1,6,61.17
2811,Social Media,2025-02-20,2025-03-02,False,True,4,6,8,8,276.03
2812,Paid Ads,2025-06-03,2025-06-16,True,False,1,1,1,12,52.07
2813,Paid Ads,2025-02-04,2025-02-11,False,True,4,8,10,12,564.23
2814,Paid Ads,2025-02-24,,True,False,0,0,0,12,0.0
2815,Paid Ads,2025-02-24,,True,False,0,0,0,12,0.0
2816,Social Media,2025-02-21,,True,False,0,0,0,8,0.0
2817,Paid Ads,2025-05-15,2025-05-29,True,False,2,3,3,12,150.27
2818,Referrals,2025-01-17,2025-01-21,False,True,1,3,8,4,817.46
2819,Social Media,2025-01-05,,True,False,0,0,0,8,0.0
2820,Paid Ads,2025-06-20,,False,True,0,0,0,12,0.0
2821,Paid Ads,2025-01-27,2025-02-07,True,False,1,2,2,12,68.88
2822,Organic Search,2025-02-01,2025-02-02,False,True,6,7,11,6,701.45
2823,Organic Search,2025-01-08,2025-01-22,False,True,4,5,7,6,453.01
2824,Social Media,2025-05-06,2025-05-18,True,False,1,2,2,8,76.8
2825,Paid Ads,2025-02-28,2025-03-12,True,False,1,2,2,12,101.52
2826,Referrals,2025-03-25,2025-04-08,False,True,5,10,14,4,1450.36
2827,Referrals,2025-03-17,2025-03-21,False,True,1,7,8,4,782.53
2828,Organic Search,2025-03-25,,True,False,0,0,0,6,0.0
2829,Paid Ads,2025-01-28,,False,True,0,0,0,12,0.0
2830,Paid Ads,2025-05-01,,True,False,0,0,0,12,0.0
2831,Paid Ads,2025-02-11,,False,True,0,0,0,12,0.0
2832,Organic Search,2025-04-04,,True,False,0,0,0,6,0.0
2833,Organic Search,2025-01-14,2025-01-24,True,False,3,4,4,6,295.34
2834,Referrals,2025-04-16,2025-04-26,False,True,3,6,11,4,1197.53
2835,Paid Ads,2025-06-29,,True,False,0,0,0,12,0.0
2836,Paid Ads,2025-02-05,,True,False,0,0,0,12,0.0
2837,Referrals,2025-01-30,2025-02-08,False,True,5,6,10,4,1288.47
2838,Social Media,2025-02-06,,True,False,0,0,0,8,0.0
2839,Paid Ads,2025-03-01,,True,False,0,0,0,12,0.0
2840,Paid Ads,2025-04-12,2025-04-26,True,False,3,4,4,12,211.48
2841,Social Media,2025-05-10,,True,False,0,0,0,8,0.0
2842,Organic Search,2025-03-19,2025-03-29,False,True,2,5,7,6,469.02
2843,Social Media,2025-06-02,2025-06-04,True,False,3,3,3,8,119.75
2844,Referrals,2025-06-20,2025-06-26,False,True,5,7,10,4,1237.1
2845,Organic Search,2025-05-27,,True,False,0,0,0,6,0.0
2846,Referrals,2025-02-23,2025-03-07,False,True,1,7,9,4,884.14
2847,Paid Ads,2025-05-29,2025-06-02,True,False,2,2,2,12,74.21
2848,Referrals,2025-01-02,,True,False,0,0,0,4,0.0
2849,Paid Ads,2025-05-26,,True,False,0,0,0,12,0.0
2850,Referrals,2025-01-21,,False,True,0,0,0,4,0.0
2851,Paid Ads,2025-06-23,2025-07-05,False,True,7,10,17,12,616.83
2852,Social Media,2025-06-03,2025-06-10,False,True,1,7,14,8,498.87
2853,Social Media,2025-05-16,,False,True,0,0,0,8,0.0
2854,Referrals,2025-04-17,2025-04-30,True,False,3,3,3,4,302.85
2855,Organic Search,2025-01-13,2025-01-20,True,False,2,3,3,6,140.14
2856,Paid Ads,2025-01-30,,True,False,0,0,0,12,0.0
2857,Paid Ads,2025-02-08,,True,False,0,0,0,12,0.0
2858,Paid Ads,2025-05-10,,False,True,0,0,0,12,0.0
2859,Paid Ads,2025-04-06,2025-04-07,True,False,2,2,2,12,109.74
2860,Organic Search,2025-04-13,2025-04-17,True,False,3,4,4,6,311.71
2861,Referrals,2025-02-11,2025-02-25,False,True,4,11,18,4,1609.65
2862,Referrals,2025-03-17,2025-03-21,False,True,6,12,15,4,1311.16
2863,Referrals,2025-01-07,2025-01-21,False,True,6,8,10,4,1039.86
2864,Referrals,2025-06-08,2025-06-15,True,False,1,2,2,4,177.97
2865,Organic Search,2025-06-27,2025-07-09,False,True,4,8,10,6,669.3
2866,Organic Search,2025-02-07,2025-02-12,True,False,3,4,4,6,274.4
2867,Referrals,2025-03-03,2025-03-05,False,True,3,9,12,4,938.52
2868,Organic Search,2025-02-24,2025-03-04,False,True,3,5,7,6,518.21
2869,Paid Ads,2025-01-23,2025-01-31,False,True,6,12,19,12,760.83
2870,Paid Ads,2025-02-15,,True,False,0,0,0,12,0.0
2871,Organic Search,2025-02-19,2025-03-05,False,True,4,5,8,6,464.58
2872,Organic Search,2025-02-06,2025-02-09,False,True,6,8,13,6,963.91
2873,Paid Ads,2025-06-09,,False,True,0,0,0,12,0.0
2874,Paid Ads,2025-03-22,,True,False,0,0,0,12,0.0
2875,Organic Search,2025-02-18,2025-02-23,False,True,4,6,7,6,532.5
2876,Paid Ads,2025-01-22,,True,False,0,0,0,12,0.0
2877,Paid Ads,2025-04-29,,False,True,0,0,0,12,0.0
2878,Organic Search,2025-01-20,,False,True,0,0,0,6,0.0
2879,Organic Search,2025-01-09,2025-01-11,True,False,3,3,3,6,161.67
2880,Referrals,2025-04-14,2025-04-20,False,True,6,13,15,4,1412.49
2881,Paid Ads,2025-06-09,,True,False,0,0,0,12,0.0
2882,Organic Search,2025-01-08,2025-01-18,False,True,7,8,12,6,1000.14
2883,Social Media,2025-06-25,,True,False,0,0,0,8,0.0
2884,Paid Ads,2025-04-06,2025-04-09,True,False,2,2,2,12,65.79
2885,Referrals,2025-05-10,2025-05-22,False,True,3,10,17,4,799.68
2886,Organic Search,2025-05-06,,False,True,0,0,0,6,0.0
2887,Organic Search,2025-04-30,,False,True,0,0,0,6,0.0
2888,Paid Ads,2025-05-31,2025-06-01,False,True,7,12,16,12,684.33
2889,Referrals,2025-06-17,,False,True,0,0,0,4,0.0
2890,Referrals,2025-03-14,2025-03-18,False,True,7,10,15,4,2063.68
2891,Paid Ads,2025-01-19,,False,True,0,0,0,12,0.0
2892,Social Media,2025-02-04,2025-02-07,True,False,2,3,3,8,99.15
2893,Paid Ads,2025-02-16,,True,False,0,0,0,12,0.0
2894,Social Media,2025-01-02,,True,False,0,0,0,8,0.0
2895,Social Media,2025-02-09,,False,True,0,0,0,8,0.0
2896,Organic Search,2025-05-11,,False,True,0,0,0,6,0.0
2897,Paid Ads,2025-02-27,,False,True,0,0,0,12,0.0
2898,Referrals,2025-01-12,2025-01-21,False,True,5,10,15,4,1930.37
2899,Paid Ads,2025-04-27,,True,False,0,0,0,12,0.0
2900,Referrals,2025-04-18,2025-04-20,False,True,2,9,16,4,1541.54
2901,Organic Search,2025-03-22,,True,False,0,0,0,6,0.0
2902,Organic Search,2025-03-01,2025-03-02,True,False,1,2,2,6,141.79
2903,Paid Ads,2025-02-02,,False,True,0,0,0,12,0.0
2904,Paid Ads,2025-01-22,,True,False,0,0,0,12,0.0
2905,Organic Search,2025-05-13,2025-05-14,False,True,5,12,14,6,527.15
2906,Referrals,2025-04-27,2025-05-07,False,True,6,9,13,4,1375.48
2907,Organic Search,2025-02-26,,True,False,0,0,0,6,0.0
2908,Social Media,2025-03-01,,True,False,0,0,0,8,0.0
2909,Organic Search,2025-03-24,,False,True,0,0,0,6,0.0
2910,Paid Ads,2025-05-26,2025-06-05,True,False,1,2,2,12,95.0
2911,Referrals,2025-04-09,,True,False,0,0,0,4,0.0
2912,Social Media,2025-04-22,,True,False,0,0,0,8,0.0
2913,Social Media,2025-01-17,,False,True,0,0,0,8,0.0
2914,Organic Search,2025-06-03,2025-06-08,True,False,2,3,3,6,187.47
2915,Paid Ads,2025-01-25,,False,True,0,0,0,12,0.0
2916,Organic Search,2025-04-07,2025-04-19,False,True,3,6,7,6,565.66
2917,Referrals,2025-03-30,2025-03-31,False,True,5,11,17,4,1810.99
2918,Paid Ads,2025-05-08,2025-05-14,True,False,1,2,2,12,91.55
2919,Referrals,2025-04-22,2025-05-04,False,True,4,6,11,4,1013.86
2920,Organic Search,2025-06-14,2025-06-16,False,True,2,4,6,6,313.74
2921,Referrals,2025-01-19,2025-01-30,False,True,6,11,16,4,1583.18
2922,Paid Ads,2025-01-07,,False,True,0,0,0,12,0.0
2923,Organic Search,2025-01-18,2025-01-28,True,False,2,3,3,6,188.76
2924,Paid Ads,2025-04-09,,True,False,0,0,0,12,0.0
2925,Social Media,2025-06-02,2025-06-06,True,False,3,3,3,8,131.4
2926,Referrals,2025-01-31,2025-02-04,False,True,4,9,15,4,1740.34
2927,Social Media,2025-03-11,,True,False,0,0,0,8,0.0
2928,Referrals,2025-04-21,2025-04-25,True,False,3,3,3,4,274.88
2929,Organic Search,2025-05-21,2025-05-30,False,True,6,13,19,6,1369.38
2930,Paid Ads,2025-02-28,,True,False,0,0,0,12,0.0
2931,Paid Ads,2025-06-13,2025-06-20,True,False,3,4,4,12,189.65
2932,Organic Search,2025-06-22,2025-06-29,True,False,1,1,1,6,54.18
2933,Referrals,2025-04-26,2025-04-29,True,False,3,3,3,4,260.62
2934,Paid Ads,2025-03-01,2025-03-08,False,True,5,12,17,12,726.4
2935,Paid Ads,2025-04-30,,False,True,0,0,0,12,0.0
2936,Paid Ads,2025-05-23,,False,True,0,0,0,12,0.0
2937,Referrals,2025-04-30,2025-05-04,True,False,2,2,2,4,174.14
2938,Paid Ads,2025-03-12,,True,False,0,0,0,12,0.0
2939,Paid Ads,2025-06-21,,False,True,0,0,0,12,0.0
2940,Paid Ads,2025-05-25,,True,False,0,0,0,12,0.0
2941,Organic Search,2025-03-21,,True,False,0,0,0,6,0.0
2942,Referrals,2025-01-19,2025-01-23,True,False,3,4,4,4,403.9
2943,Social Media,2025-02-06,,True,False,0,0,0,8,0.0
2944,Paid Ads,2025-02-19,2025-02-28,False,True,1,2,4,12,198.7
2945,Social Media,2025-03-24,2025-03-30,True,False,3,3,3,8,95.52
2946,Social Media,2025-01-07,2025-01-11,True,False,2,2,2,8,61.73
2947,Paid Ads,2025-04-19,,False,True,0,0,0,12,0.0
2948,Organic Search,2025-02-02,,True,False,0,0,0,6,0.0
2949,Social Media,2025-02-18,2025-02-23,True,False,3,4,4,8,150.53
2950,Organic Search,2025-06-18,,False,True,0,0,0,6,0.0
2951,Organic Search,2025-05-26,2025-05-27,True,False,2,3,3,6,190.11
2952,Organic Search,2025-04-14,,False,True,0,0,0,6,0.0
2953,Paid Ads,2025-05-22,,False,True,0,0,0,12,0.0
2954,Organic Search,2025-03-17,,False,True,0,0,0,6,0.0
2955,Social Media,2025-01-02,,False,True,0,0,0,8,0.0
2956,Organic Search,2025-04-23,,True,False,0,0,0,6,0.0
2957,Social Media,2025-03-27,,True,False,0,0,0,8,0.0
2958,Paid Ads,2025-03-30,,True,False,0,0,0,12,0.0
2959,Social Media,2025-03-24,,True,False,0,0,0,8,0.0
2960,Referrals,2025-03-17,2025-03-26,False,True,2,8,12,4,1373.11
2961,Organic Search,2025-06-12,2025-06-25,False,True,5,8,13,6,1037.07
2962,Organic Search,2025-05-07,,False,True,0,0,0,6,0.0
2963,Referrals,2025-06-09,2025-06-19,False,True,1,5,8,4,792.61
2964,Social Media,2025-02-16,,False,True,0,0,0,8,0.0
2965,Social Media,2025-06-29,,True,False,0,0,0,8,0.0
2966,Social Media,2025-06-11,,True,False,0,0,0,8,0.0
2967,Social Media,2025-05-02,,True,False,0,0,0,8,0.0
2968,Paid Ads,2025-03-17,,True,False,0,0,0,12,0.0
2969,Referrals,2025-04-06,,False,True,0,0,0,4,0.0
2970,Organic Search,2025-05-27,2025-05-28,False,True,7,14,21,6,1668.62
2971,Referrals,2025-05-18,,False,True,0,0,0,4,0.0
2972,Paid Ads,2025-06-25,,True,False,0,0,0,12,0.0
2973,Social Media,2025-03-10,2025-03-11,True,False,1,1,1,8,23.63
2974,Paid Ads,2025-05-25,,False,True,0,0,0,12,0.0
2975,Social Media,2025-04-19,,False,True,0,0,0,8,0.0
2976,Organic Search,2025-01-23,,False,True,0,0,0,6,0.0
2977,Paid Ads,2025-06-03,2025-06-10,False,True,1,2,6,12,226.09
2978,Paid Ads,2025-04-02,2025-04-13,False,True,7,13,14,12,622.39
2979,Organic Search,2025-03-21,2025-03-30,False,True,1,3,5,6,382.15
2980,Paid Ads,2025-06-02,,True,False,0,0,0,12,0.0
2981,Organic Search,2025-05-27,2025-06-05,True,False,3,3,3,6,282.14
2982,Organic Search,2025-01-25,2025-02-07,True,False,2,3,3,6,224.33
2983,Organic Search,2025-01-21,2025-01-24,True,False,3,3,3,6,173.24
2984,Social Media,2025-03-15,,True,False,0,0,0,8,0.0
2985,Organic Search,2025-03-08,2025-03-12,False,True,5,7,14,6,916.64
2986,Paid Ads,2025-06-04,,True,False,0,0,0,12,0.0
2987,Organic Search,2025-01-19,,True,False,0,0,0,6,0.0
2988,Organic Search,2025-06-13,,True,False,0,0,0,6,0.0
2989,Paid Ads,2025-03-01,2025-03-15,True,False,1,2,2,12,100.46
2990,Social Media,2025-03-17,,True,False,0,0,0,8,0.0
2991,Social Media,2025-04-17,,False,True,0,0,0,8,0.0
2992,Social Media,2025-02-24,,True,False,0,0,0,8,0.0
2993,Paid Ads,2025-04-03,,True,False,0,0,0,12,0.0
2994,Paid Ads,2025-06-27,,True,False,0,0,0,12,0.0
2995,Organic Search,2025-03-19,,False,True,0,0,0,6,0.0
2996,Organic Search,2025-03-14,2025-03-16,False,True,3,8,10,6,937.1
2997,Paid Ads,2025-03-22,2025-03-27,True,False,3,3,3,12,76.41
2998,Paid Ads,2025-01-13,2025-01-18,True,False,1,2,2,12,72.8
2999,Referrals,2025-04-22,2025-04-27,True,False,1,1,1,4,74.73
3000,Paid Ads,2025-03-01,,False,True,0,0,0,12,0.0
3001,Referrals,2025-01-01,2025-01-11,False,True,3,10,12,4,1146.2
3002,Paid Ads,2025-01-27,,True,False,0,0,0,12,0.0
3003,Organic Search,2025-04-15,2025-04-23,True,False,1,2,2,6,95.05
3004,Paid Ads,2025-01-25,2025-02-07,True,False,2,3,3,12,169.92
3005,Referrals,2025-03-20,2025-04-03,False,True,5,12,13,4,1316.16
3006,Paid Ads,2025-05-16,2025-05-21,False,True,1,6,11,12,472.63
3007,Referrals,2025-01-16,2025-01-30,False,True,5,10,17,4,1304.61
3008,Social Media,2025-05-25,,False,True,0,0,0,8,0.0
3009,Paid Ads,2025-04-18,,True,False,0,0,0,12,0.0
3010,Social Media,2025-03-18,,False,True,0,0,0,8,0.0
3011,Paid Ads,2025-02-09,2025-02-13,True,False,2,3,3,12,169.51
3012,Organic Search,2025-06-23,2025-06-24,True,False,2,2,2,6,132.09
3013,Paid Ads,2025-01-01,,True,False,0,0,0,12,0.0
3014,Referrals,2025-06-05,,False,True,0,0,0,4,0.0
3015,Organic Search,2025-04-07,2025-04-15,False,True,5,6,13,6,1049.31
3016,Referrals,2025-02-05,2025-02-08,True,False,1,1,1,4,116.97
3017,Paid Ads,2025-02-04,,True,False,0,0,0,12,0.0
3018,Paid Ads,2025-02-19,,True,False,0,0,0,12,0.0
3019,Paid Ads,2025-04-25,2025-05-04,False,True,7,11,16,12,585.37
3020,Organic Search,2025-04-18,,False,True,0,0,0,6,0.0
3021,Referrals,2025-02-19,2025-02-28,True,False,1,1,1,4,102.12
3022,Organic Search,2025-05-31,,False,True,0,0,0,6,0.0
3023,Paid Ads,2025-01-04,2025-01-17,True,False,3,4,4,12,132.31
3024,Organic Search,2025-01-02,2025-01-09,True,False,3,4,4,6,266.32
3025,Paid Ads,2025-01-30,,True,False,0,0,0,12,0.0
3026,Paid Ads,2025-01-22,2025-02-03,True,False,3,3,3,12,149.58
3027,Referrals,2025-02-02,2025-02-15,False,True,5,8,12,4,1069.34
3028,Referrals,2025-03-08,2025-03-11,False,True,3,6,12,4,1065.71
3029,Organic Search,2025-01-10,,False,True,0,0,0,6,0.0
3030,Social Media,2025-03-08,,True,False,0,0,0,8,0.0
3031,Referrals,2025-03-09,2025-03-14,False,True,7,12,18,4,1792.24
3032,Paid Ads,2025-05-27,,True,False,0,0,0,12,0.0
3033,Referrals,2025-01-06,2025-01-15,False,True,2,4,9,4,541.12
3034,Referrals,2025-01-17,2025-01-19,False,True,4,8,9,4,824.36
3035,Paid Ads,2025-03-17,2025-03-30,False,True,5,11,15,12,586.03
3036,Organic Search,2025-05-23,2025-06-04,False,True,4,5,6,6,368.8
3037,Organic Search,2025-04-09,2025-04-17,False,True,1,8,11,6,660.66
3038,Referrals,2025-06-06,2025-06-14,True,False,1,1,1,4,107.39
3039,Social Media,2025-04-15,2025-04-28,True,False,2,2,2,8,51.65
3040,Paid Ads,2025-06-22,,True,False,0,0,0,12,0.0
3041,Organic Search,2025-01-13,2025-01-27,False,True,1,6,11,6,904.84
3042,Organic Search,2025-02-26,2025-03-12,True,False,3,4,4,6,279.46
3043,Paid Ads,2025-03-12,,True,False,0,0,0,12,0.0
3044,Paid Ads,2025-03-31,2025-04-01,True,False,1,1,1,12,46.38
3045,Paid Ads,2025-06-15,,True,False,0,0,0,12,0.0
3046,Referrals,2025-06-22,2025-06-29,True,False,2,2,2,4,166.3
3047,Social Media,2025-01-28,,False,True,0,0,0,8,0.0
3048,Referrals,2025-03-11,2025-03-12,False,True,3,7,10,4,735.83
3049,Paid Ads,2025-06-20,2025-06-24,True,False,3,4,4,12,171.0
3050,Organic Search,2025-02-02,2025-02-08,False,True,6,7,8,6,712.53
3051,Organic Search,2025-04-19,2025-04-27,False,True,7,10,15,6,866.34
3052,Organic Search,2025-01-21,,True,False,0,0,0,6,0.0
3053,Paid Ads,2025-04-23,,False,True,0,0,0,12,0.0
3054,Referrals,2025-02-28,2025-03-08,False,True,6,8,12,4,1087.75
3055,Social Media,2025-04-26,2025-04-29,True,False,1,1,1,8,38.6
3056,Organic Search,2025-06-17,,False,True,0,0,0,6,0.0
3057,Paid Ads,2025-01-19,,False,True,0,0,0,12,0.0
3058,Referrals,2025-04-03,2025-04-08,False,True,5,7,8,4,824.69
3059,Paid Ads,2025-01-25,2025-02-03,True,False,3,3,3,12,84.25
3060,Social Media,2025-01-15,,True,False,0,0,0,8,0.0
3061,Organic Search,2025-02-21,2025-02-24,True,False,1,1,1,6,85.62
3062,Paid Ads,2025-01-29,2025-02-11,False,True,6,10,15,12,756.5
3063,Social Media,2025-01-18,,True,False,0,0,0,8,0.0
3064,Social Media,2025-01-14,,True,False,0,0,0,8,0.0
3065,Referrals,2025-03-12,2025-03-16,True,False,1,1,1,4,100.18
3066,Referrals,2025-04-03,2025-04-07,False,True,1,8,14,4,1736.0
3067,Referrals,2025-03-09,,False,True,0,0,0,4,0.0
3068,Paid Ads,2025-06-18,,True,False,0,0,0,12,0.0
3069,Referrals,2025-04-01,,False,True,0,0,0,4,0.0
3070,Paid Ads,2025-03-08,,False,True,0,0,0,12,0.0
3071,Paid Ads,2025-04-05,,True,False,0,0,0,12,0.0
3072,Social Media,2025-05-22,2025-05-29,True,False,2,3,3,8,105.21
3073,Organic Search,2025-04-23,,True,False,0,0,0,6,0.0
3074,Organic Search,2025-02-15,2025-02-16,True,False,2,3,3,6,179.53
3075,Social Media,2025-04-17,,True,False,0,0,0,8,0.0
3076,Referrals,2025-02-10,,True,False,0,0,0,4,0.0
3077,Referrals,2025-04-19,2025-04-26,False,True,5,11,15,4,1307.15
3078,Paid Ads,2025-06-02,,True,False,0,0,0,12,0.0
3079,Paid Ads,2025-04-15,,True,False,0,0,0,12,0.0
3080,Paid Ads,2025-04-24,2025-05-02,True,False,3,4,4,12,130.53
3081,Referrals,2025-04-09,2025-04-22,True,False,3,3,3,4,232.22
3082,Referrals,2025-01-14,2025-01-15,False,True,5,6,13,4,930.73
3083,Paid Ads,2025-03-22,,True,False,0,0,0,12,0.0
3084,Referrals,2025-03-03,2025-03-07,True,False,2,3,3,4,210.89
3085,Paid Ads,2025-04-10,,True,False,0,0,0,12,0.0
3086,Organic Search,2025-04-15,,False,True,0,0,0,6,0.0
3087,Referrals,2025-03-15,,False,True,0,0,0,4,0.0
3088,Paid Ads,2025-04-19,,True,False,0,0,0,12,0.0
3089,Referrals,2025-06-08,,True,False,0,0,0,4,0.0
3090,Referrals,2025-04-10,,False,True,0,0,0,4,0.0
3091,Referrals,2025-03-23,2025-03-24,True,False,2,2,2,4,210.62
3092,Social Media,2025-05-21,,True,False,0,0,0,8,0.0
3093,Paid Ads,2025-04-04,,False,True,0,0,0,12,0.0
3094,Paid Ads,2025-05-18,,True,False,0,0,0,12,0.0
3095,Social Media,2025-02-03,2025-02-14,True,False,1,1,1,8,42.03
3096,Social Media,2025-05-15,,False,True,0,0,0,8,0.0
3097,Organic Search,2025-04-29,2025-05-12,True,False,1,2,2,6,148.1
3098,Paid Ads,2025-01-22,,True,False,0,0,0,12,0.0
3099,Social Media,2025-02-13,,False,True,0,0,0,8,0.0
3100,Organic Search,2025-04-02,,False,True,0,0,0,6,0.0
3101,Referrals,2025-06-05,,True,False,0,0,0,4,0.0
3102,Organic Search,2025-01-21,,False,True,0,0,0,6,0.0
3103,Organic Search,2025-04-11,2025-04-25,False,True,7,12,19,6,1720.59
3104,Organic Search,2025-01-19,2025-01-20,False,True,1,4,9,6,592.98
3105,Paid Ads,2025-06-07,2025-06-21,True,False,2,3,3,12,135.0
3106,Social Media,2025-04-28,2025-05-05,True,False,2,3,3,8,131.96
3107,Organic Search,2025-05-28,,False,True,0,0,0,6,0.0
3108,Referrals,2025-01-03,2025-01-11,False,True,2,5,11,4,1071.6
3109,Paid Ads,2025-02-07,,True,False,0,0,0,12,0.0
3110,Paid Ads,2025-04-24,2025-04-25,True,False,1,1,1,12,50.25
3111,Organic Search,2025-03-22,,True,False,0,0,0,6,0.0
3112,Organic Search,2025-03-09,,False,True,0,0,0,6,0.0
3113,Social Media,2025-06-04,,True,False,0,0,0,8,0.0
3114,Paid Ads,2025-04-15,2025-04-26,True,False,3,4,4,12,227.38
3115,Organic Search,2025-03-17,,False,True,0,0,0,6,0.0
3116,Organic Search,2025-04-04,2025-04-12,False,True,2,4,9,6,689.62
3117,Social Media,2025-06-28,,True,False,0,0,0,8,0.0
3118,Social Media,2025-05-19,2025-05-25,False,True,2,4,8,8,274.34
3119,Social Media,2025-03-09,,True,False,0,0,0,8,0.0
3120,Paid Ads,2025-05-20,,False,True,0,0,0,12,0.0
3121,Referrals,2025-04-25,2025-05-02,False,True,1,2,4,4,364.54
3122,Referrals,2025-04-20,2025-04-29,False,True,6,7,8,4,743.2
3123,Organic Search,2025-06-25,,False,True,0,0,0,6,0.0
3124,Organic Search,2025-02-19,,False,True,0,0,0,6,0.0
3125,Social Media,2025-03-25,,True,False,0,0,0,8,0.0
3126,Organic Search,2025-02-06,,False,True,0,0,0,6,0.0
3127,Social Media,2025-02-22,,False,True,0,0,0,8,0.0
3128,Paid Ads,2025-03-29,2025-04-06,True,False,2,2,2,12,78.38
3129,Paid Ads,2025-03-11,2025-03-15,False,True,1,4,6,12,364.55
3130,Paid Ads,2025-02-09,,True,False,0,0,0,12,0.0
3131,Organic Search,2025-03-27,2025-04-06,False,True,6,7,9,6,396.43
3132,Organic Search,2025-01-28,2025-02-09,False,True,7,13,17,6,1283.37
3133,Referrals,2025-03-20,2025-03-21,False,True,3,4,11,4,1168.53
3134,Paid Ads,2025-06-16,,True,False,0,0,0,12,0.0
3135,Social Media,2025-06-14,,True,False,0,0,0,8,0.0
3136,Paid Ads,2025-05-31,,True,False,0,0,0,12,0.0
3137,Organic Search,2025-02-07,2025-02-14,True,False,1,1,1,6,73.65
3138,Referrals,2025-01-16,2025-01-27,True,False,3,4,4,4,357.39
3139,Organic Search,2025-05-27,2025-05-29,True,False,2,2,2,6,162.69
3140,Paid Ads,2025-04-13,,True,False,0,0,0,12,0.0
3141,Referrals,2025-05-18,2025-05-31,False,True,4,10,12,4,1104.32
3142,Social Media,2025-02-19,,True,False,0,0,0,8,0.0
3143,Social Media,2025-04-14,,False,True,0,0,0,8,0.0
3144,Paid Ads,2025-02-12,,True,False,0,0,0,12,0.0
3145,Social Media,2025-04-14,2025-04-21,True,False,1,2,2,8,80.86
3146,Organic Search,2025-05-26,2025-06-06,True,False,3,4,4,6,327.39
3147,Referrals,2025-05-04,2025-05-17,True,False,2,2,2,4,156.4
3148,Referrals,2025-02-16,,True,False,0,0,0,4,0.0
3149,Organic Search,2025-02-07,2025-02-19,True,False,3,4,4,6,209.27
3150,Paid Ads,2025-02-18,,False,True,0,0,0,12,0.0
3151,Social Media,2025-04-19,,False,True,0,0,0,8,0.0
3152,Paid Ads,2025-04-20,2025-05-01,False,True,3,5,8,12,453.92
3153,Paid Ads,2025-04-27,,False,True,0,0,0,12,0.0
3154,Referrals,2025-03-09,2025-03-20,False,True,4,10,17,4,1502.45
3155,Paid Ads,2025-05-31,2025-06-05,True,False,1,1,1,12,48.25
3156,Social Media,2025-06-22,,True,False,0,0,0,8,0.0
3157,Paid Ads,2025-01-05,2025-01-16,True,False,2,3,3,12,137.08
3158,Organic Search,2025-01-03,2025-01-14,False,True,6,13,20,6,1251.79
3159,Social Media,2025-03-13,2025-03-17,True,False,1,2,2,8,89.35
3160,Referrals,2025-03-21,2025-04-01,True,False,3,4,4,4,284.07
3161,Referrals,2025-03-17,2025-03-29,True,False,3,4,4,4,324.64
3162,Social Media,2025-03-31,,True,False,0,0,0,8,0.0
3163,Organic Search,2025-06-23,,True,False,0,0,0,6,0.0
3164,Referrals,2025-06-29,2025-07-07,False,True,7,11,15,4,1288.1
3165,Social Media,2025-01-12,,True,False,0,0,0,8,0.0
3166,Referrals,2025-06-15,,False,True,0,0,0,4,0.0
3167,Referrals,2025-03-18,2025-03-29,False,True,2,7,9,4,1002.5
3168,Referrals,2025-02-25,,False,True,0,0,0,4,0.0
3169,Paid Ads,2025-06-06,,True,False,0,0,0,12,0.0
3170,Referrals,2025-01-11,2025-01-14,False,True,5,7,12,4,1175.59
3171,Social Media,2025-05-17,,False,True,0,0,0,8,0.0
3172,Referrals,2025-01-18,,False,True,0,0,0,4,0.0
3173,Social Media,2025-01-11,,True,False,0,0,0,8,0.0
3174,Referrals,2025-03-28,,False,True,0,0,0,4,0.0
3175,Paid Ads,2025-01-15,2025-01-28,False,True,7,8,14,12,457.16
3176,Paid Ads,2025-05-16,,False,True,0,0,0,12,0.0
3177,Referrals,2025-02-10,,False,True,0,0,0,4,0.0
3178,Paid Ads,2025-03-27,2025-04-01,True,False,1,2,2,12,107.5
3179,Paid Ads,2025-05-15,,False,True,0,0,0,12,0.0
3180,Paid Ads,2025-05-27,,True,False,0,0,0,12,0.0
3181,Referrals,2025-05-21,2025-05-26,True,False,3,3,3,4,312.04
3182,Paid Ads,2025-04-21,,False,True,0,0,0,12,0.0
3183,Social Media,2025-01-06,,True,False,0,0,0,8,0.0
3184,Paid Ads,2025-06-09,,True,False,0,0,0,12,0.0
3185,Social Media,2025-01-28,,True,False,0,0,0,8,0.0
3186,Referrals,2025-03-30,,True,False,0,0,0,4,0.0
3187,Social Media,2025-05-12,2025-05-15,False,True,4,6,10,8,319.37
3188,Paid Ads,2025-01-02,,False,True,0,0,0,12,0.0
3189,Social Media,2025-06-24,,True,False,0,0,0,8,0.0
3190,Paid Ads,2025-03-29,,True,False,0,0,0,12,0.0
3191,Social Media,2025-05-02,,True,False,0,0,0,8,0.0
3192,Organic Search,2025-03-29,2025-03-30,False,True,5,11,13,6,1126.46
3193,Referrals,2025-01-09,2025-01-10,False,True,6,7,11,4,1438.58
3194,Referrals,2025-03-12,,True,False,0,0,0,4,0.0
3195,Paid Ads,2025-03-31,2025-04-05,True,False,3,3,3,12,120.31
3196,Referrals,2025-01-31,2025-02-02,False,True,3,7,13,4,889.95
3197,Paid Ads,2025-02-18,,True,False,0,0,0,12,0.0
3198,Paid Ads,2025-01-27,,False,True,0,0,0,12,0.0
3199,Social Media,2025-06-07,,True,False,0,0,0,8,0.0
3200,Paid Ads,2025-02-02,,True,False,0,0,0,12,0.0
3201,Referrals,2025-06-11,2025-06-20,False,True,7,14,18,4,2119.63
3202,Referrals,2025-02-26,2025-03-08,False,True,5,7,13,4,1321.91
3203,Social Media,2025-06-20,2025-06-28,True,False,2,3,3,8,96.88
3204,Organic Search,2025-03-18,2025-03-27,False,True,5,6,7,6,469.86
3205,Social Media,2025-04-26,,True,False,0,0,0,8,0.0
3206,Organic Search,2025-05-09,2025-05-23,True,False,1,2,2,6,153.65
3207,Social Media,2025-06-07,,True,False,0,0,0,8,0.0
3208,Paid Ads,2025-03-15,,False,True,0,0,0,12,0.0
3209,Paid Ads,2025-05-21,2025-05-28,True,False,3,4,4,12,203.82
3210,Social Media,2025-05-12,,True,False,0,0,0,8,0.0
3211,Social Media,2025-02-13,,True,False,0,0,0,8,0.0
3212,Organic Search,2025-06-27,,True,False,0,0,0,6,0.0
3213,Paid Ads,2025-06-15,,False,True,0,0,0,12,0.0
3214,Social Media,2025-05-20,,True,False,0,0,0,8,0.0
3215,Paid Ads,2025-06-13,,True,False,0,0,0,12,0.0
3216,Social Media,2025-04-20,,True,False,0,0,0,8,0.0
3217,Referrals,2025-01-27,2025-02-09,False,True,5,10,14,4,935.3
3218,Paid Ads,2025-03-13,2025-03-23,True,False,1,1,1,12,20.41
3219,Paid Ads,2025-06-23,2025-07-06,False,True,2,5,11,12,546.37
3220,Referrals,2025-05-13,2025-05-17,False,True,2,5,6,4,595.26
3221,Social Media,2025-03-09,,True,False,0,0,0,8,0.0
3222,Referrals,2025-04-17,2025-04-26,False,True,7,12,14,4,1168.42
3223,Paid Ads,2025-04-29,,True,False,0,0,0,12,0.0
3224,Paid Ads,2025-02-25,2025-03-01,True,False,3,4,4,12,159.79
3225,Paid Ads,2025-01-09,,True,False,0,0,0,12,0.0
3226,Organic Search,2025-03-28,2025-04-02,True,False,3,3,3,6,195.04
3227,Organic Search,2025-02-09,,True,False,0,0,0,6,0.0
3228,Paid Ads,2025-03-26,2025-04-05,False,True,5,12,13,12,623.62
3229,Social Media,2025-02-12,2025-02-21,True,False,1,2,2,8,65.34
3230,Organic Search,2025-06-22,,True,False,0,0,0,6,0.0
3231,Paid Ads,2025-02-03,2025-02-08,False,True,4,7,14,12,850.76
3232,Social Media,2025-05-04,,False,True,0,0,0,8,0.0
3233,Social Media,2025-06-06,,True,False,0,0,0,8,0.0
3234,Paid Ads,2025-02-07,2025-02-08,True,False,1,2,2,12,116.51
3235,Organic Search,2025-04-15,2025-04-21,False,True,4,10,17,6,1512.12
3236,Paid Ads,2025-01-04,,True,False,0,0,0,12,0.0
3237,Organic Search,2025-06-29,,False,True,0,0,0,6,0.0
3238,Referrals,2025-03-16,,False,True,0,0,0,4,0.0
3239,Organic Search,2025-02-01,2025-02-03,True,False,3,4,4,6,372.49
3240,Paid Ads,2025-04-25,2025-05-07,True,False,3,3,3,12,131.75
3241,Paid Ads,2025-05-16,2025-05-26,True,False,2,3,3,12,143.33
3242,Referrals,2025-03-03,2025-03-07,False,True,6,11,15,4,1557.94
3243,Organic Search,2025-02-20,,False,True,0,0,0,6,0.0
3244,Paid Ads,2025-06-25,2025-06-27,False,True,2,5,12,12,504.9
3245,Paid Ads,2025-02-25,,False,True,0,0,0,12,0.0
3246,Organic Search,2025-01-20,2025-01-30,False,True,2,3,7,6,589.56
3247,Social Media,2025-01-24,,True,False,0,0,0,8,0.0
3248,Organic Search,2025-03-29,,False,True,0,0,0,6,0.0
3249,Paid Ads,2025-03-17,2025-03-20,False,True,3,10,11,12,505.46
3250,Referrals,2025-01-07,2025-01-18,True,False,1,2,2,4,189.79
3251,Organic Search,2025-05-29,2025-06-11,True,False,3,3,3,6,197.63
3252,Referrals,2025-01-06,2025-01-14,False,True,5,7,9,4,768.41
3253,Paid Ads,2025-04-16,2025-04-20,True,False,2,3,3,12,138.02
3254,Organic Search,2025-04-17,2025-04-29,True,False,1,1,1,6,43.9
3255,Organic Search,2025-05-17,,False,True,0,0,0,6,0.0
3256,Referrals,2025-05-02,2025-05-03,True,False,2,3,3,4,227.27
3257,Social Media,2025-03-10,,True,False,0,0,0,8,0.0
3258,Referrals,2025-04-26,2025-04-27,False,True,7,14,17,4,1667.33
3259,Social Media,2025-06-06,,True,False,0,0,0,8,0.0
3260,Social Media,2025-02-17,,True,False,0,0,0,8,0.0
3261,Referrals,2025-01-26,2025-01-30,True,False,2,3,3,4,307.9
3262,Paid Ads,2025-02-03,,True,False,0,0,0,12,0.0
3263,Organic Search,2025-02-07,2025-02-15,False,True,6,12,18,6,997.07
3264,Paid Ads,2025-04-22,2025-04-29,True,False,2,3,3,12,115.84
3265,Paid Ads,2025-04-09,,True,False,0,0,0,12,0.0
3266,Organic Search,2025-06-24,,False,True,0,0,0,6,0.0
3267,Organic Search,2025-02-24,2025-03-10,False,True,6,8,15,6,1100.17
3268,Referrals,2025-03-19,2025-03-26,False,True,5,11,15,4,1441.98
3269,Paid Ads,2025-01-18,,True,False,0,0,0,12,0.0
3270,Referrals,2025-01-07,,False,True,0,0,0,4,0.0
3271,Referrals,2025-01-21,2025-01-24,True,False,1,2,2,4,181.46
3272,Organic Search,2025-01-17,2025-01-26,False,True,5,8,13,6,619.25
3273,Referrals,2025-06-05,2025-06-14,False,True,5,10,17,4,1632.38
3274,Social Media,2025-03-13,,True,False,0,0,0,8,0.0
3275,Organic Search,2025-01-25,2025-02-07,True,False,1,2,2,6,143.01
3276,Social Media,2025-04-20,,True,False,0,0,0,8,0.0
3277,Referrals,2025-01-21,2025-01-23,True,False,1,1,1,4,75.99
3278,Referrals,2025-02-23,2025-03-05,True,False,3,3,3,4,216.4
3279,Social Media,2025-02-01,,True,False,0,0,0,8,0.0
3280,Paid Ads,2025-06-24,,True,False,0,0,0,12,0.0
3281,Organic Search,2025-02-01,2025-02-15,False,True,1,7,11,6,1077.94
3282,Social Media,2025-06-16,,False,True,0,0,0,8,0.0
3283,Paid Ads,2025-06-15,2025-06-18,True,False,1,1,1,12,52.94
3284,Paid Ads,2025-05-24,2025-05-25,True,False,3,4,4,12,126.9
3285,Paid Ads,2025-01-04,2025-01-13,False,True,1,6,10,12,398.28
3286,Paid Ads,2025-01-23,,True,False,0,0,0,12,0.0
3287,Referrals,2025-01-30,2025-02-07,True,False,1,1,1,4,133.21
3288,Paid Ads,2025-02-22,2025-02-26,True,False,2,2,2,12,83.16
3289,Paid Ads,2025-04-26,,True,False,0,0,0,12,0.0
3290,Organic Search,2025-01-03,2025-01-16,True,False,3,3,3,6,143.73
3291,Referrals,2025-06-26,2025-06-29,False,True,5,7,9,4,555.07
3292,Organic Search,2025-05-19,2025-05-27,True,False,2,3,3,6,219.7
3293,Organic Search,2025-01-28,2025-02-10,True,False,3,4,4,6,243.13
3294,Paid Ads,2025-04-17,,True,False,0,0,0,12,0.0
3295,Paid Ads,2025-06-02,,False,True,0,0,0,12,0.0
3296,Social Media,2025-05-07,,True,False,0,0,0,8,0.0
3297,Paid Ads,2025-04-04,,True,False,0,0,0,12,0.0
3298,Paid Ads,2025-01-14,2025-01-16,False,True,1,5,6,12,283.13
3299,Paid Ads,2025-04-14,,True,False,0,0,0,12,0.0
3300,Paid Ads,2025-02-19,,True,False,0,0,0,12,0.0
3301,Social Media,2025-02-19,,True,False,0,0,0,8,0.0
3302,Referrals,2025-06-04,2025-06-13,False,True,1,6,8,4,822.87
3303,Referrals,2025-05-08,,True,False,0,0,0,4,0.0
3304,Referrals,2025-03-28,,False,True,0,0,0,4,0.0
3305,Referrals,2025-05-12,2025-05-17,True,False,3,3,3,4,239.07
3306,Organic Search,2025-01-26,,True,False,0,0,0,6,0.0
3307,Organic Search,2025-02-15,2025-02-17,False,True,6,9,12,6,797.68
3308,Referrals,2025-06-29,2025-07-03,False,True,4,6,13,4,1548.17
3309,Social Media,2025-01-09,,False,True,0,0,0,8,0.0
3310,Referrals,2025-01-26,2025-02-01,True,False,1,2,2,4,227.55
3311,Paid Ads,2025-01-26,2025-02-03,True,False,2,2,2,12,104.39
3312,Organic Search,2025-04-27,,True,False,0,0,0,6,0.0
3313,Paid Ads,2025-02-14,2025-02-18,True,False,2,2,2,12,111.3
3314,Paid Ads,2025-05-08,,True,False,0,0,0,12,0.0
3315,Social Media,2025-06-14,,True,False,0,0,0,8,0.0
3316,Referrals,2025-05-29,2025-06-07,False,True,3,9,13,4,1280.2
3317,Paid Ads,2025-03-27,,True,False,0,0,0,12,0.0
3318,Referrals,2025-02-24,,False,True,0,0,0,4,0.0
3319,Organic Search,2025-04-07,2025-04-10,False,True,3,10,15,6,1202.04
3320,Organic Search,2025-06-24,2025-06-25,False,True,5,12,14,6,923.88
3321,Paid Ads,2025-03-07,2025-03-21,True,False,1,2,2,12,82.2
3322,Organic Search,2025-05-30,2025-06-01,False,True,1,4,5,6,310.18
3323,Social Media,2025-04-06,2025-04-20,True,False,1,1,1,8,47.1
3324,Paid Ads,2025-02-09,2025-02-18,False,True,7,12,19,12,858.76
3325,Organic Search,2025-04-01,2025-04-05,True,False,2,2,2,6,121.71
3326,Organic Search,2025-01-16,,True,False,0,0,0,6,0.0
3327,Social Media,2025-02-06,,True,False,0,0,0,8,0.0
3328,Organic Search,2025-05-06,2025-05-09,False,True,3,7,9,6,510.59
3329,Paid Ads,2025-03-13,2025-03-26,True,False,2,3,3,12,91.21
3330,Organic Search,2025-03-20,2025-03-22,False,True,5,12,14,6,988.86
3331,Referrals,2025-01-04,,True,False,0,0,0,4,0.0
3332,Paid Ads,2025-02-04,,True,False,0,0,0,12,0.0
3333,Social Media,2025-01-13,2025-01-19,False,True,2,6,8,8,403.32
3334,Social Media,2025-02-26,,True,False,0,0,0,8,0.0
3335,Referrals,2025-01-27,2025-02-04,False,True,6,12,16,4,990.22
3336,Referrals,2025-01-24,,False,True,0,0,0,4,0.0
3337,Referrals,2025-01-26,,False,True,0,0,0,4,0.0
3338,Organic Search,2025-06-26,2025-07-08,True,False,3,3,3,6,227.28
3339,Paid Ads,2025-04-11,2025-04-12,True,False,2,3,3,12,161.02
3340,Social Media,2025-05-09,,True,False,0,0,0,8,0.0
3341,Organic Search,2025-03-23,,False,True,0,0,0,6,0.0
3342,Paid Ads,2025-05-16,2025-05-19,True,False,1,2,2,12,89.7
3343,Paid Ads,2025-05-19,2025-05-30,False,True,2,8,14,12,741.56
3344,Referrals,2025-03-01,2025-03-14,True,False,3,3,3,4,208.26
3345,Social Media,2025-01-23,,True,False,0,0,0,8,0.0
3346,Paid Ads,2025-03-13,2025-03-24,True,False,2,3,3,12,181.75
3347,Referrals,2025-01-20,,False,True,0,0,0,4,0.0
3348,Paid Ads,2025-06-22,,True,False,0,0,0,12,0.0
3349,Paid Ads,2025-02-16,,True,False,0,0,0,12,0.0
3350,Paid Ads,2025-02-02,,True,False,0,0,0,12,0.0
3351,Referrals,2025-04-25,2025-04-28,False,True,3,4,5,4,518.82
3352,Referrals,2025-01-11,2025-01-15,False,True,3,10,12,4,1066.36
3353,Social Media,2025-04-24,,True,False,0,0,0,8,0.0
3354,Social Media,2025-04-14,,True,False,0,0,0,8,0.0
3355,Paid Ads,2025-03-24,2025-04-05,True,False,3,3,3,12,148.97
3356,Paid Ads,2025-05-08,2025-05-14,True,False,3,4,4,12,202.65
3357,Paid Ads,2025-02-27,2025-03-06,True,False,1,1,1,12,47.44
3358,Paid Ads,2025-05-29,2025-06-07,False,True,6,13,17,12,483.05
3359,Paid Ads,2025-04-26,,False,True,0,0,0,12,0.0
3360,Referrals,2025-05-26,,False,True,0,0,0,4,0.0
3361,Social Media,2025-04-20,,True,False,0,0,0,8,0.0
3362,Paid Ads,2025-05-31,,True,False,0,0,0,12,0.0
3363,Referrals,2025-03-03,,False,True,0,0,0,4,0.0
3364,Social Media,2025-01-14,2025-01-24,True,False,3,3,3,8,86.13
3365,Paid Ads,2025-03-05,,False,True,0,0,0,12,0.0
3366,Organic Search,2025-03-25,2025-04-03,False,True,7,10,17,6,1406.62
3367,Social Media,2025-04-05,2025-04-10,True,False,2,2,2,8,63.06
3368,Paid Ads,2025-05-25,,False,True,0,0,0,12,0.0
3369,Paid Ads,2025-04-02,,True,False,0,0,0,12,0.0
3370,Social Media,2025-03-28,,True,False,0,0,0,8,0.0
3371,Organic Search,2025-04-18,2025-05-01,False,True,4,5,11,6,1027.76
3372,Paid Ads,2025-05-27,,True,False,0,0,0,12,0.0
3373,Social Media,2025-01-01,,True,False,0,0,0,8,0.0
3374,Paid Ads,2025-02-25,2025-03-03,False,True,7,14,21,12,562.61
3375,Referrals,2025-01-01,2025-01-04,False,True,2,6,11,4,1185.86
3376,Social Media,2025-03-14,,True,False,0,0,0,8,0.0
3377,Referrals,2025-04-19,2025-04-27,False,True,2,3,6,4,556.06
3378,Paid Ads,2025-01-06,,False,True,0,0,0,12,0.0
3379,Paid Ads,2025-01-18,,True,False,0,0,0,12,0.0
3380,Referrals,2025-05-14,2025-05-26,False,True,4,6,7,4,688.2
3381,Paid Ads,2025-02-08,,True,False,0,0,0,12,0.0
3382,Paid Ads,2025-01-16,,False,True,0,0,0,12,0.0
3383,Paid Ads,2025-01-19,,True,False,0,0,0,12,0.0
3384,Organic Search,2025-04-04,2025-04-17,False,True,1,3,6,6,406.41
3385,Paid Ads,2025-05-01,,True,False,0,0,0,12,0.0
3386,Paid Ads,2025-02-15,2025-03-01,True,False,1,2,2,12,90.46
3387,Referrals,2025-03-23,2025-04-02,True,False,3,4,4,4,516.6
3388,Social Media,2025-06-27,2025-07-06,False,True,5,7,13,8,379.14
3389,Referrals,2025-02-27,2025-03-12,False,True,4,11,16,4,1200.89
3390,Organic Search,2025-01-18,2025-01-19,False,True,6,12,16,6,979.19
3391,Referrals,2025-01-16,2025-01-18,True,False,3,4,4,4,460.76
3392,Organic Search,2025-06-28,2025-07-12,True,False,2,2,2,6,181.84
3393,Paid Ads,2025-03-23,2025-03-28,True,False,3,3,3,12,137.85
3394,Organic Search,2025-06-10,,True,False,0,0,0,6,0.0
3395,Paid Ads,2025-01-04,,True,False,0,0,0,12,0.0
3396,Paid Ads,2025-03-15,2025-03-22,False,True,4,11,15,12,868.27
3397,Paid Ads,2025-06-05,2025-06-17,True,False,1,2,2,12,92.73
3398,Organic Search,2025-02-23,2025-03-07,False,True,1,7,11,6,664.35
3399,Organic Search,2025-03-14,2025-03-16,False,True,2,4,11,6,688.77
3400,Paid Ads,2025-02-06,,True,False,0,0,0,12,0.0
3401,Paid Ads,2025-05-06,,True,False,0,0,0,12,0.0
3402,Social Media,2025-02-12,,False,True,0,0,0,8,0.0
3403,Social Media,2025-03-04,,False,True,0,0,0,8,0.0
3404,Referrals,2025-02-05,2025-02-18,False,True,2,6,12,4,1198.24
3405,Paid Ads,2025-01-21,,False,True,0,0,0,12,0.0
3406,Paid Ads,2025-04-28,2025-05-06,True,False,2,3,3,12,170.11
3407,Organic Search,2025-02-20,2025-02-28,True,False,1,2,2,6,150.29
3408,Paid Ads,2025-05-29,,True,False,0,0,0,12,0.0
3409,Organic Search,2025-03-19,,True,False,0,0,0,6,0.0
3410,Referrals,2025-05-27,2025-06-03,False,True,4,5,10,4,877.94
3411,Referrals,2025-03-25,2025-03-26,False,True,3,7,12,4,1173.34
3412,Organic Search,2025-01-22,2025-01-26,True,False,2,2,2,6,156.56
3413,Organic Search,2025-01-09,2025-01-20,True,False,2,2,2,6,167.49
3414,Referrals,2025-05-15,2025-05-18,False,True,2,3,8,4,708.02
3415,Referrals,2025-02-24,2025-03-01,False,True,4,10,11,4,1059.27
3416,Organic Search,2025-04-17,2025-04-25,False,True,3,9,15,6,1044.3
3417,Organic Search,2025-02-06,2025-02-12,True,False,2,3,3,6,170.21
3418,Paid Ads,2025-04-11,2025-04-18,True,False,3,4,4,12,170.85
3419,Organic Search,2025-04-10,,True,False,0,0,0,6,0.0
3420,Social Media,2025-01-09,,False,True,0,0,0,8,0.0
3421,Referrals,2025-01-27,2025-02-08,True,False,2,3,3,4,216.51
3422,Paid Ads,2025-03-14,,True,False,0,0,0,12,0.0
3423,Paid Ads,2025-02-08,2025-02-14,True,False,2,3,3,12,169.39
3424,Organic Search,2025-06-11,,True,False,0,0,0,6,0.0
3425,Paid Ads,2025-04-21,,True,False,0,0,0,12,0.0
3426,Social Media,2025-03-30,,True,False,0,0,0,8,0.0
3427,Referrals,2025-06-05,,False,True,0,0,0,4,0.0
3428,Referrals,2025-05-09,2025-05-10,False,True,5,12,13,4,965.07
3429,Referrals,2025-04-15,2025-04-25,True,False,1,2,2,4,232.91
3430,Organic Search,2025-02-19,2025-02-27,True,False,2,3,3,6,221.2
3431,Social Media,2025-02-12,,False,True,0,0,0,8,0.0
3432,Paid Ads,2025-02-24,,False,True,0,0,0,12,0.0
3433,Referrals,2025-04-30,2025-05-14,True,False,3,3,3,4,388.46
3434,Paid Ads,2025-05-02,2025-05-10,False,True,3,8,15,12,445.41
3435,Social Media,2025-02-01,,True,False,0,0,0,8,0.0
3436,Social Media,2025-03-01,,True,False,0,0,0,8,0.0
3437,Paid Ads,2025-04-06,2025-04-10,True,False,1,1,1,12,37.55
3438,Social Media,2025-04-19,,True,False,0,0,0,8,0.0
3439,Organic Search,2025-01-23,2025-02-06,False,True,2,3,4,6,329.95
3440,Paid Ads,2025-01-18,2025-01-24,True,False,3,4,4,12,183.38
3441,Paid Ads,2025-01-09,2025-01-21,True,False,2,3,3,12,110.34
3442,Social Media,2025-06-08,,True,False,0,0,0,8,0.0
3443,Paid Ads,2025-04-22,2025-05-04,False,True,5,6,7,12,210.29
3444,Social Media,2025-03-03,2025-03-08,True,False,1,1,1,8,43.44
3445,Referrals,2025-06-21,2025-06-28,True,False,1,1,1,4,105.14
3446,Paid Ads,2025-01-16,,True,False,0,0,0,12,0.0
3447,Paid Ads,2025-01-22,,True,False,0,0,0,12,0.0
3448,Paid Ads,2025-03-23,,False,True,0,0,0,12,0.0
3449,Referrals,2025-02-05,2025-02-06,True,False,2,2,2,4,153.65
3450,Organic Search,2025-03-25,2025-03-30,True,False,2,3,3,6,195.06
3451,Paid Ads,2025-05-09,2025-05-22,True,False,2,3,3,12,116.58
3452,Social Media,2025-01-17,2025-01-25,True,False,1,2,2,8,90.09
3453,Paid Ads,2025-02-28,,False,True,0,0,0,12,0.0
3454,Organic Search,2025-03-17,,False,True,0,0,0,6,0.0
3455,Social Media,2025-04-19,,True,False,0,0,0,8,0.0
3456,Paid Ads,2025-02-16,,True,False,0,0,0,12,0.0
3457,Organic Search,2025-02-19,,False,True,0,0,0,6,0.0
3458,Social Media,2025-04-24,,True,False,0,0,0,8,0.0
3459,Social Media,2025-04-06,,False,True,0,0,0,8,0.0
3460,Referrals,2025-02-24,2025-03-04,False,True,3,8,10,4,977.8
3461,Referrals,2025-06-28,,False,True,0,0,0,4,0.0
3462,Organic Search,2025-03-06,,False,True,0,0,0,6,0.0
3463,Social Media,2025-03-14,,True,False,0,0,0,8,0.0
3464,Social Media,2025-04-19,,True,False,0,0,0,8,0.0
3465,Paid Ads,2025-04-05,,True,False,0,0,0,12,0.0
3466,Paid Ads,2025-02-15,,True,False,0,0,0,12,0.0
3467,Paid Ads,2025-03-21,,False,True,0,0,0,12,0.0
3468,Referrals,2025-03-25,2025-04-06,False,True,7,10,14,4,1309.67
3469,Social Media,2025-03-12,,True,False,0,0,0,8,0.0
3470,Social Media,2025-06-27,,True,False,0,0,0,8,0.0
3471,Social Media,2025-03-21,,False,True,0,0,0,8,0.0
3472,Social Media,2025-04-29,,True,False,0,0,0,8,0.0
3473,Organic Search,2025-02-25,2025-03-11,False,True,5,11,12,6,906.58
3474,Paid Ads,2025-03-31,,True,False,0,0,0,12,0.0
3475,Social Media,2025-01-01,2025-01-14,True,False,3,4,4,8,177.44
3476,Social Media,2025-02-15,,True,False,0,0,0,8,0.0
3477,Organic Search,2025-03-17,2025-03-20,True,False,1,2,2,6,116.69
3478,Paid Ads,2025-02-09,,False,True,0,0,0,12,0.0
3479,Paid Ads,2025-04-11,2025-04-18,False,True,7,8,13,12,675.75
3480,Paid Ads,2025-02-11,,False,True,0,0,0,12,0.0
3481,Organic Search,2025-04-10,2025-04-15,False,True,1,5,8,6,680.11
3482,Referrals,2025-01-10,2025-01-14,False,True,5,10,13,4,1303.38
3483,Referrals,2025-04-11,2025-04-18,False,True,5,9,12,4,1332.19
3484,Organic Search,2025-05-08,2025-05-14,False,True,5,11,15,6,885.93
3485,Paid Ads,2025-05-01,,True,False,0,0,0,12,0.0
3486,Social Media,2025-06-18,,True,False,0,0,0,8,0.0
3487,Social Media,2025-05-15,2025-05-24,True,False,2,3,3,8,164.93
3488,Social Media,2025-03-16,,True,False,0,0,0,8,0.0
3489,Social Media,2025-02-11,2025-02-19,True,False,3,3,3,8,114.76
3490,Paid Ads,2025-04-22,,True,False,0,0,0,12,0.0
3491,Social Media,2025-05-16,,True,False,0,0,0,8,0.0
3492,Referrals,2025-05-02,,False,True,0,0,0,4,0.0
3493,Paid Ads,2025-06-02,,True,False,0,0,0,12,0.0
3494,Organic Search,2025-03-26,2025-04-03,False,True,4,10,12,6,657.69
3495,Organic Search,2025-03-14,,False,True,0,0,0,6,0.0
3496,Organic Search,2025-01-24,,False,True,0,0,0,6,0.0
3497,Paid Ads,2025-05-16,2025-05-28,True,False,1,1,1,12,35.63
3498,Paid Ads,2025-01-11,,False,True,0,0,0,12,0.0
3499,Organic Search,2025-03-08,2025-03-10,True,False,1,1,1,6,68.6
3500,Organic Search,2025-06-05,2025-06-16,False,True,1,3,6,6,498.98
3501,Organic Search,2025-04-20,2025-04-24,False,True,7,8,12,6,798.11
3502,Social Media,2025-03-01,2025-03-08,True,False,3,3,3,8,88.24
3503,Referrals,2025-01-07,2025-01-19,True,False,1,2,2,4,166.45
3504,Organic Search,2025-03-10,,False,True,0,0,0,6,0.0
3505,Paid Ads,2025-06-13,,True,False,0,0,0,12,0.0
3506,Paid Ads,2025-05-02,,False,True,0,0,0,12,0.0
3507,Paid Ads,2025-05-25,2025-06-08,True,False,1,2,2,12,106.74
3508,Social Media,2025-03-12,2025-03-24,False,True,4,7,9,8,270.28
3509,Paid Ads,2025-01-01,2025-01-08,False,True,5,12,13,12,408.2
3510,Referrals,2025-04-24,2025-04-26,False,True,1,3,5,4,575.26
3511,Paid Ads,2025-02-13,,True,False,0,0,0,12,0.0
3512,Referrals,2025-05-12,2025-05-21,False,True,2,5,6,4,524.08
3513,Paid Ads,2025-04-05,2025-04-13,True,False,1,2,2,12,96.81
3514,Paid Ads,2025-01-21,,True,False,0,0,0,12,0.0
3515,Social Media,2025-03-12,2025-03-21,True,False,3,4,4,8,183.55
3516,Referrals,2025-04-19,2025-04-22,False,True,7,8,12,4,1201.27
3517,Social Media,2025-06-03,,True,False,0,0,0,8,0.0
3518,Paid Ads,2025-02-10,2025-02-24,True,False,3,4,4,12,223.86
3519,Paid Ads,2025-04-14,2025-04-22,True,False,1,2,2,12,88.83
3520,Paid Ads,2025-04-11,,False,True,0,0,0,12,0.0
3521,Paid Ads,2025-06-01,,True,False,0,0,0,12,0.0
3522,Organic Search,2025-01-02,2025-01-09,True,False,2,2,2,6,158.26
3523,Organic Search,2025-02-10,2025-02-11,True,False,1,1,1,6,67.24
3524,Paid Ads,2025-03-09,,False,True,0,0,0,12,0.0
3525,Paid Ads,2025-03-21,2025-03-30,True,False,2,2,2,12,97.39
3526,Paid Ads,2025-05-05,,True,False,0,0,0,12,0.0
3527,Organic Search,2025-02-26,,False,True,0,0,0,6,0.0
3528,Paid Ads,2025-05-30,2025-06-04,True,False,1,1,1,12,73.94
3529,Referrals,2025-05-02,2025-05-13,False,True,2,5,7,4,809.67
3530,Paid Ads,2025-04-30,2025-05-03,False,True,6,13,16,12,768.14
3531,Paid Ads,2025-05-04,,True,False,0,0,0,12,0.0
3532,Organic Search,2025-04-09,2025-04-11,False,True,1,5,8,6,468.5
3533,Paid Ads,2025-03-09,2025-03-23,True,False,1,2,2,12,115.3
3534,Organic Search,2025-02-11,2025-02-13,True,False,1,2,2,6,138.3
3535,Paid Ads,2025-05-22,,True,False,0,0,0,12,0.0
3536,Social Media,2025-03-26,,True,False,0,0,0,8,0.0
3537,Social Media,2025-05-31,,False,True,0,0,0,8,0.0
3538,Paid Ads,2025-04-05,,False,True,0,0,0,12,0.0
3539,Paid Ads,2025-04-05,2025-04-08,True,False,3,4,4,12,119.39
3540,Organic Search,2025-03-05,2025-03-17,False,True,2,4,8,6,641.87
3541,Organic Search,2025-01-13,,True,False,0,0,0,6,0.0
3542,Paid Ads,2025-05-02,2025-05-12,True,False,1,2,2,12,93.81
3543,Paid Ads,2025-04-29,2025-05-03,False,True,6,10,16,12,658.84
3544,Referrals,2025-06-23,2025-07-03,True,False,2,2,2,4,164.77
3545,Organic Search,2025-03-29,,True,False,0,0,0,6,0.0
3546,Paid Ads,2025-05-11,,True,False,0,0,0,12,0.0
3547,Social Media,2025-03-07,2025-03-16,False,True,2,7,9,8,401.39
3548,Paid Ads,2025-03-18,2025-03-25,True,False,2,2,2,12,90.87
3549,Organic Search,2025-06-10,,True,False,0,0,0,6,0.0
3550,Social Media,2025-04-19,,True,False,0,0,0,8,0.0
3551,Paid Ads,2025-04-20,,False,True,0,0,0,12,0.0
3552,Paid Ads,2025-04-23,2025-05-03,False,True,6,10,17,12,797.54
3553,Paid Ads,2025-05-21,,True,False,0,0,0,12,0.0
3554,Paid Ads,2025-06-25,,True,False,0,0,0,12,0.0
3555,Referrals,2025-02-17,2025-02-24,False,True,5,10,16,4,1327.52
3556,Referrals,2025-06-02,2025-06-04,True,False,3,4,4,4,282.45
3557,Social Media,2025-02-01,,True,False,0,0,0,8,0.0
3558,Paid Ads,2025-01-01,,True,False,0,0,0,12,0.0
3559,Organic Search,2025-01-17,,False,True,0,0,0,6,0.0
3560,Paid Ads,2025-05-20,,False,True,0,0,0,12,0.0
3561,Paid Ads,2025-02-20,,True,False,0,0,0,12,0.0
3562,Social Media,2025-05-18,,False,True,0,0,0,8,0.0
3563,Social Media,2025-05-04,2025-05-05,True,False,1,2,2,8,67.8
3564,Organic Search,2025-06-25,,True,False,0,0,0,6,0.0
3565,Organic Search,2025-02-13,,False,True,0,0,0,6,0.0
3566,Paid Ads,2025-04-11,,False,True,0,0,0,12,0.0
3567,Paid Ads,2025-01-17,2025-01-31,True,False,1,1,1,12,48.04
3568,Referrals,2025-06-22,2025-07-02,False,True,7,11,12,4,1048.02
3569,Organic Search,2025-02-22,2025-03-02,False,True,4,9,14,6,942.35
3570,Referrals,2025-05-18,2025-05-24,False,True,7,9,14,4,1290.47
3571,Social Media,2025-03-26,,False,True,0,0,0,8,0.0
3572,Paid Ads,2025-06-05,,True,False,0,0,0,12,0.0
3573,Paid Ads,2025-06-05,,True,False,0,0,0,12,0.0
3574,Paid Ads,2025-02-27,,False,True,0,0,0,12,0.0
3575,Referrals,2025-04-27,2025-04-29,False,True,4,9,16,4,1604.25
3576,Paid Ads,2025-02-11,2025-02-20,False,True,3,9,12,12,482.15
3577,Paid Ads,2025-01-23,2025-01-28,True,False,1,2,2,12,78.57
3578,Referrals,2025-03-01,2025-03-02,False,True,6,7,9,4,1257.0
3579,Referrals,2025-02-13,2025-02-16,False,True,5,12,18,4,1845.46
3580,Paid Ads,2025-04-16,,True,False,0,0,0,12,0.0
3581,Organic Search,2025-01-03,,True,False,0,0,0,6,0.0
3582,Paid Ads,2025-01-28,,True,False,0,0,0,12,0.0
3583,Paid Ads,2025-05-31,,True,False,0,0,0,12,0.0
3584,Referrals,2025-02-16,,False,True,0,0,0,4,0.0
3585,Referrals,2025-06-20,2025-06-30,False,True,4,9,10,4,1036.01
3586,Social Media,2025-01-15,,True,False,0,0,0,8,0.0
3587,Referrals,2025-01-29,2025-02-06,False,True,1,5,6,4,533.29
3588,Social Media,2025-01-26,,False,True,0,0,0,8,0.0
3589,Social Media,2025-05-05,,True,False,0,0,0,8,0.0
3590,Organic Search,2025-04-22,2025-05-06,True,False,2,3,3,6,219.34
3591,Paid Ads,2025-05-27,,True,False,0,0,0,12,0.0
3592,Paid Ads,2025-02-12,2025-02-13,True,False,2,3,3,12,108.86
3593,Social Media,2025-04-09,,False,True,0,0,0,8,0.0
3594,Paid Ads,2025-06-10,2025-06-23,False,True,7,12,18,12,849.55
3595,Organic Search,2025-01-25,2025-02-04,False,True,7,8,12,6,897.12
3596,Paid Ads,2025-06-18,,False,True,0,0,0,12,0.0
3597,Referrals,2025-01-15,2025-01-28,False,True,3,5,6,4,476.22
3598,Organic Search,2025-01-04,,True,False,0,0,0,6,0.0
3599,Social Media,2025-02-09,,True,False,0,0,0,8,0.0
3600,Paid Ads,2025-06-18,2025-07-02,True,False,3,3,3,12,176.72
3601,Referrals,2025-04-03,2025-04-06,True,False,1,1,1,4,112.95
3602,Social Media,2025-04-15,,True,False,0,0,0,8,0.0
3603,Organic Search,2025-02-23,,True,False,0,0,0,6,0.0
3604,Paid Ads,2025-01-16,,False,True,0,0,0,12,0.0
3605,Organic Search,2025-01-09,2025-01-23,False,True,6,12,17,6,1124.85
3606,Paid Ads,2025-05-10,,False,True,0,0,0,12,0.0
3607,Paid Ads,2025-06-18,,True,False,0,0,0,12,0.0
3608,Paid Ads,2025-06-23,,False,True,0,0,0,12,0.0
3609,Referrals,2025-04-17,2025-04-26,False,True,7,11,13,4,1198.12
3610,Referrals,2025-05-06,2025-05-11,False,True,5,10,15,4,693.66
3611,Paid Ads,2025-04-15,,False,True,0,0,0,12,0.0
3612,Social Media,2025-05-12,2025-05-13,True,False,1,2,2,8,75.08
3613,Referrals,2025-03-09,,False,True,0,0,0,4,0.0
3614,Organic Search,2025-01-30,,True,False,0,0,0,6,0.0
3615,Referrals,2025-05-30,2025-06-05,False,True,1,4,7,4,751.71
3616,Organic Search,2025-05-09,2025-05-14,False,True,4,7,14,6,879.14
3617,Social Media,2025-06-21,2025-07-02,True,False,1,2,2,8,81.21
3618,Organic Search,2025-03-21,,True,False,0,0,0,6,0.0
3619,Paid Ads,2025-03-05,2025-03-15,False,True,7,10,17,12,1031.2
3620,Social Media,2025-01-18,,True,False,0,0,0,8,0.0
3621,Social Media,2025-04-24,,True,False,0,0,0,8,0.0
3622,Social Media,2025-03-01,,True,False,0,0,0,8,0.0
3623,Organic Search,2025-04-19,2025-05-01,False,True,4,10,15,6,1067.57
3624,Paid Ads,2025-03-22,,True,False,0,0,0,12,0.0
3625,Organic Search,2025-02-03,2025-02-08,True,False,2,3,3,6,200.12
3626,Referrals,2025-01-01,2025-01-11,False,True,4,10,14,4,1499.2
3627,Paid Ads,2025-06-04,2025-06-08,True,False,2,2,2,12,150.69
3628,Paid Ads,2025-04-03,,True,False,0,0,0,12,0.0
3629,Paid Ads,2025-03-26,,False,True,0,0,0,12,0.0
3630,Paid Ads,2025-05-26,,False,True,0,0,0,12,0.0
3631,Social Media,2025-04-10,2025-04-20,False,True,3,5,8,8,223.73
3632,Paid Ads,2025-01-27,,True,False,0,0,0,12,0.0
3633,Referrals,2025-01-31,,False,True,0,0,0,4,0.0
3634,Organic Search,2025-02-18,,False,True,0,0,0,6,0.0
3635,Social Media,2025-02-08,,True,False,0,0,0,8,0.0
3636,Paid Ads,2025-04-16,2025-04-23,True,False,1,2,2,12,83.19
3637,Organic Search,2025-05-23,2025-06-05,True,False,3,4,4,6,277.05
3638,Paid Ads,2025-01-29,,True,False,0,0,0,12,0.0
3639,Paid Ads,2025-06-27,,False,True,0,0,0,12,0.0
3640,Organic Search,2025-05-17,2025-05-18,True,False,2,2,2,6,160.8
3641,Social Media,2025-04-12,2025-04-22,True,False,2,3,3,8,111.08
3642,Paid Ads,2025-06-22,,True,False,0,0,0,12,0.0
3643,Organic Search,2025-05-01,2025-05-12,True,False,2,2,2,6,134.99
3644,Paid Ads,2025-03-08,,True,False,0,0,0,12,0.0
3645,Social Media,2025-06-09,,True,False,0,0,0,8,0.0
3646,Social Media,2025-04-19,2025-04-26,True,False,3,4,4,8,145.21
3647,Referrals,2025-04-05,2025-04-17,False,True,6,10,12,4,868.89
3648,Referrals,2025-03-03,,False,True,0,0,0,4,0.0
3649,Organic Search,2025-03-07,,False,True,0,0,0,6,0.0
3650,Referrals,2025-04-10,,False,True,0,0,0,4,0.0
3651,Referrals,2025-04-21,2025-05-01,False,True,2,3,10,4,1056.42
3652,Paid Ads,2025-02-07,,False,True,0,0,0,12,0.0
3653,Paid Ads,2025-03-14,,True,False,0,0,0,12,0.0
3654,Referrals,2025-02-17,2025-03-02,False,True,1,7,9,4,776.29
3655,Referrals,2025-01-15,2025-01-17,False,True,3,10,12,4,1215.71
3656,Social Media,2025-01-24,,True,False,0,0,0,8,0.0
3657,Paid Ads,2025-03-09,2025-03-23,False,True,7,11,17,12,660.88
3658,Social Media,2025-02-14,,True,False,0,0,0,8,0.0
3659,Referrals,2025-06-17,2025-06-19,True,False,1,1,1,4,87.35
3660,Organic Search,2025-05-27,2025-06-10,False,True,2,3,6,6,437.92
3661,Social Media,2025-05-11,2025-05-14,True,False,2,3,3,8,112.8
3662,Paid Ads,2025-03-02,,True,False,0,0,0,12,0.0
3663,Social Media,2025-03-21,,True,False,0,0,0,8,0.0
3664,Social Media,2025-01-10,,True,False,0,0,0,8,0.0
3665,Organic Search,2025-03-25,2025-03-31,True,False,3,3,3,6,192.5
3666,Referrals,2025-03-08,2025-03-09,False,True,2,7,11,4,1091.25
3667,Social Media,2025-06-21,,True,False,0,0,0,8,0.0
3668,Social Media,2025-05-10,,True,False,0,0,0,8,0.0
3669,Paid Ads,2025-04-13,,False,True,0,0,0,12,0.0
3670,Social Media,2025-04-20,,True,False,0,0,0,8,0.0
3671,Paid Ads,2025-02-17,,True,False,0,0,0,12,0.0
3672,Referrals,2025-06-04,,True,False,0,0,0,4,0.0
3673,Paid Ads,2025-02-26,2025-03-03,True,False,1,1,1,12,43.4
3674,Referrals,2025-01-24,2025-02-05,False,True,5,12,14,4,1546.63
3675,Organic Search,2025-02-03,2025-02-15,False,True,6,11,13,6,705.52
3676,Referrals,2025-05-16,,False,True,0,0,0,4,0.0
3677,Paid Ads,2025-05-21,,True,False,0,0,0,12,0.0
3678,Social Media,2025-05-08,,True,False,0,0,0,8,0.0
3679,Paid Ads,2025-03-06,,True,False,0,0,0,12,0.0
3680,Referrals,2025-02-11,,False,True,0,0,0,4,0.0
3681,Paid Ads,2025-06-01,2025-06-11,False,True,1,2,5,12,156.31
3682,Referrals,2025-05-01,2025-05-13,False,True,6,8,10,4,625.76
3683,Paid Ads,2025-01-19,,True,False,0,0,0,12,0.0
3684,Paid Ads,2025-01-05,2025-01-08,True,False,1,1,1,12,43.55
3685,Paid Ads,2025-03-21,2025-04-01,True,False,1,2,2,12,64.04
3686,Organic Search,2025-05-06,,False,True,0,0,0,6,0.0
3687,Paid Ads,2025-06-24,,True,False,0,0,0,12,0.0
3688,Social Media,2025-01-01,2025-01-03,True,False,2,2,2,8,60.94
3689,Referrals,2025-03-14,,False,True,0,0,0,4,0.0
3690,Social Media,2025-04-06,,True,False,0,0,0,8,0.0
3691,Paid Ads,2025-06-09,,False,True,0,0,0,12,0.0
3692,Organic Search,2025-03-04,,True,False,0,0,0,6,0.0
3693,Paid Ads,2025-01-30,,True,False,0,0,0,12,0.0
3694,Referrals,2025-05-21,,True,False,0,0,0,4,0.0
3695,Organic Search,2025-04-18,,False,True,0,0,0,6,0.0
3696,Referrals,2025-06-12,2025-06-13,False,True,5,8,14,4,1781.01
3697,Social Media,2025-03-07,,True,False,0,0,0,8,0.0
3698,Paid Ads,2025-03-06,2025-03-16,True,False,3,4,4,12,179.11
3699,Organic Search,2025-02-25,2025-03-02,True,False,2,2,2,6,108.71
3700,Paid Ads,2025-05-07,,False,True,0,0,0,12,0.0
3701,Social Media,2025-04-23,,True,False,0,0,0,8,0.0
3702,Social Media,2025-03-16,,False,True,0,0,0,8,0.0
3703,Paid Ads,2025-03-08,,True,False,0,0,0,12,0.0
3704,Referrals,2025-06-15,,False,True,0,0,0,4,0.0
3705,Referrals,2025-06-10,2025-06-15,True,False,1,1,1,4,68.75
3706,Referrals,2025-04-01,2025-04-07,False,True,3,5,8,4,515.02
3707,Paid Ads,2025-04-22,,True,False,0,0,0,12,0.0
3708,Paid Ads,2025-05-30,2025-06-02,True,False,2,2,2,12,63.89
3709,Referrals,2025-01-13,,True,False,0,0,0,4,0.0
3710,Organic Search,2025-05-31,2025-06-13,False,True,1,3,8,6,783.57
3711,Referrals,2025-03-19,,True,False,0,0,0,4,0.0
3712,Paid Ads,2025-05-31,2025-06-08,True,False,2,2,2,12,61.4
3713,Organic Search,2025-01-28,2025-01-29,False,True,6,10,13,6,431.94
3714,Social Media,2025-01-26,2025-02-08,True,False,2,2,2,8,73.52
3715,Paid Ads,2025-02-28,2025-03-05,False,True,5,8,13,12,491.69
3716,Referrals,2025-05-15,2025-05-17,True,False,3,4,4,4,387.69
3717,Social Media,2025-02-23,,True,False,0,0,0,8,0.0
3718,Referrals,2025-02-20,,False,True,0,0,0,4,0.0
3719,Paid Ads,2025-01-30,,True,False,0,0,0,12,0.0
3720,Paid Ads,2025-01-09,2025-01-21,False,True,1,2,4,12,255.87
3721,Paid Ads,2025-06-19,,True,False,0,0,0,12,0.0
3722,Paid Ads,2025-01-06,2025-01-11,True,False,2,2,2,12,78.6
3723,Organic Search,2025-02-27,2025-03-09,True,False,3,4,4,6,365.48
3724,Paid Ads,2025-05-07,,True,False,0,0,0,12,0.0
3725,Referrals,2025-04-06,2025-04-09,False,True,6,11,13,4,1538.93
3726,Referrals,2025-05-28,,False,True,0,0,0,4,0.0
3727,Social Media,2025-02-20,2025-02-24,True,False,3,3,3,8,98.74
3728,Referrals,2025-02-07,2025-02-15,False,True,1,3,7,4,680.87
3729,Social Media,2025-02-15,,True,False,0,0,0,8,0.0
3730,Social Media,2025-05-26,,True,False,0,0,0,8,0.0
3731,Paid Ads,2025-06-06,2025-06-20,False,True,2,9,16,12,835.99
3732,Organic Search,2025-02-06,,True,False,0,0,0,6,0.0
3733,Organic Search,2025-05-20,,False,True,0,0,0,6,0.0
3734,Paid Ads,2025-02-01,,True,False,0,0,0,12,0.0
3735,Paid Ads,2025-06-01,2025-06-13,True,False,2,2,2,12,84.36
3736,Referrals,2025-01-19,2025-01-20,False,True,1,6,12,4,1016.34
3737,Organic Search,2025-03-19,,False,True,0,0,0,6,0.0
3738,Referrals,2025-03-29,,True,False,0,0,0,4,0.0
3739,Referrals,2025-01-30,,False,True,0,0,0,4,0.0
3740,Social Media,2025-06-18,2025-06-30,True,False,1,1,1,8,36.9
3741,Social Media,2025-04-24,,True,False,0,0,0,8,0.0
3742,Paid Ads,2025-01-20,2025-01-25,True,False,2,2,2,12,103.52
3743,Organic Search,2025-02-06,,True,False,0,0,0,6,0.0
3744,Paid Ads,2025-01-11,,True,False,0,0,0,12,0.0
3745,Organic Search,2025-06-14,2025-06-17,False,True,3,10,17,6,1234.91
3746,Paid Ads,2025-02-03,2025-02-08,True,False,1,2,2,12,98.95
3747,Referrals,2025-02-04,2025-02-10,False,True,5,7,11,4,1044.25
3748,Paid Ads,2025-04-21,,True,False,0,0,0,12,0.0
3749,Paid Ads,2025-05-26,,True,False,0,0,0,12,0.0
3750,Referrals,2025-06-13,2025-06-26,True,False,2,3,3,4,243.88
3751,Paid Ads,2025-02-03,,True,False,0,0,0,12,0.0
3752,Referrals,2025-06-26,,False,True,0,0,0,4,0.0
3753,Organic Search,2025-05-27,2025-06-05,False,True,6,13,16,6,842.11
3754,Paid Ads,2025-05-19,2025-05-27,True,False,3,4,4,12,192.99
3755,Referrals,2025-03-12,,True,False,0,0,0,4,0.0
3756,Paid Ads,2025-04-11,2025-04-14,True,False,1,2,2,12,71.03
3757,Referrals,2025-01-13,2025-01-18,True,False,1,2,2,4,177.12
3758,Paid Ads,2025-03-24,2025-03-26,False,True,5,7,12,12,597.0
3759,Paid Ads,2025-01-03,,True,False,0,0,0,12,0.0
3760,Organic Search,2025-02-25,,True,False,0,0,0,6,0.0
3761,Paid Ads,2025-03-08,,True,False,0,0,0,12,0.0
3762,Organic Search,2025-05-13,2025-05-24,False,True,4,5,8,6,497.13
3763,Social Media,2025-04-29,,True,False,0,0,0,8,0.0
3764,Social Media,2025-02-19,,True,False,0,0,0,8,0.0
3765,Social Media,2025-06-16,2025-06-21,True,False,3,4,4,8,147.01
3766,Social Media,2025-03-05,,True,False,0,0,0,8,0.0
3767,Referrals,2025-06-07,2025-06-18,False,True,2,6,13,4,1081.73
3768,Paid Ads,2025-03-28,,True,False,0,0,0,12,0.0
3769,Paid Ads,2025-04-30,2025-05-10,False,True,6,7,11,12,428.35
3770,Referrals,2025-03-28,2025-03-31,False,True,3,6,12,4,1373.64
3771,Paid Ads,2025-03-18,,True,False,0,0,0,12,0.0
3772,Organic Search,2025-06-22,,True,False,0,0,0,6,0.0
3773,Referrals,2025-03-31,2025-04-05,False,True,1,2,6,4,381.86
3774,Organic Search,2025-05-08,2025-05-15,True,False,3,3,3,6,168.75
3775,Organic Search,2025-05-25,,False,True,0,0,0,6,0.0
3776,Social Media,2025-02-25,,True,False,0,0,0,8,0.0
3777,Organic Search,2025-01-22,2025-01-24,True,False,2,2,2,6,139.97
3778,Organic Search,2025-01-15,,True,False,0,0,0,6,0.0
3779,Referrals,2025-03-14,2025-03-24,False,True,6,10,17,4,1281.72
3780,Organic Search,2025-01-16,2025-01-29,True,False,3,4,4,6,230.2
3781,Organic Search,2025-06-05,,False,True,0,0,0,6,0.0
3782,Organic Search,2025-03-05,,False,True,0,0,0,6,0.0
3783,Paid Ads,2025-01-16,,True,False,0,0,0,12,0.0
3784,Referrals,2025-03-02,2025-03-14,False,True,4,11,14,4,1555.96
3785,Paid Ads,2025-06-14,,True,False,0,0,0,12,0.0
3786,Referrals,2025-06-28,2025-07-08,False,True,7,8,9,4,838.99
3787,Referrals,2025-04-07,2025-04-16,True,False,1,2,2,4,168.26
3788,Paid Ads,2025-03-26,,False,True,0,0,0,12,0.0
3789,Paid Ads,2025-03-15,2025-03-24,True,False,1,2,2,12,68.26
3790,Referrals,2025-04-16,2025-04-22,False,True,4,6,12,4,1171.96
3791,Paid Ads,2025-03-23,,False,True,0,0,0,12,0.0
3792,Referrals,2025-01-23,2025-01-25,False,True,3,10,11,4,837.53
3793,Paid Ads,2025-05-03,,True,False,0,0,0,12,0.0
3794,Paid Ads,2025-02-18,,True,False,0,0,0,12,0.0
3795,Organic Search,2025-05-08,2025-05-18,False,True,1,6,10,6,1050.92
3796,Social Media,2025-02-07,,True,False,0,0,0,8,0.0
3797,Social Media,2025-01-30,,False,True,0,0,0,8,0.0
3798,Social Media,2025-03-19,2025-03-29,True,False,1,2,2,8,75.44
3799,Social Media,2025-02-28,,True,False,0,0,0,8,0.0
3800,Social Media,2025-05-08,2025-05-09,True,False,3,3,3,8,96.19
3801,Organic Search,2025-03-26,2025-03-28,False,True,2,5,11,6,908.78
3802,Social Media,2025-02-07,2025-02-09,True,False,3,3,3,8,151.02
3803,Paid Ads,2025-03-09,2025-03-21,True,False,1,1,1,12,41.08
3804,Referrals,2025-05-30,,False,True,0,0,0,4,0.0
3805,Referrals,2025-06-04,,False,True,0,0,0,4,0.0
3806,Referrals,2025-04-30,,False,True,0,0,0,4,0.0
3807,Social Media,2025-02-03,,True,False,0,0,0,8,0.0
3808,Social Media,2025-02-22,,False,True,0,0,0,8,0.0
3809,Paid Ads,2025-06-21,,False,True,0,0,0,12,0.0
3810,Paid Ads,2025-02-28,,False,True,0,0,0,12,0.0
3811,Paid Ads,2025-05-14,2025-05-19,False,True,2,7,11,12,511.01
3812,Paid Ads,2025-05-04,,True,False,0,0,0,12,0.0
3813,Social Media,2025-03-10,,False,True,0,0,0,8,0.0
3814,Referrals,2025-02-20,2025-02-23,True,False,2,2,2,4,196.45
3815,Paid Ads,2025-01-13,2025-01-25,True,False,1,2,2,12,84.55
3816,Paid Ads,2025-04-27,,False,True,0,0,0,12,0.0
3817,Paid Ads,2025-06-24,2025-07-06,True,False,2,3,3,12,144.1
3818,Paid Ads,2025-04-03,,True,False,0,0,0,12,0.0
3819,Referrals,2025-05-17,2025-05-18,False,True,2,9,12,4,1285.17
3820,Paid Ads,2025-05-14,,False,True,0,0,0,12,0.0
3821,Paid Ads,2025-01-04,2025-01-16,False,True,1,8,9,12,461.37
3822,Organic Search,2025-04-09,2025-04-18,False,True,5,9,14,6,1330.33
3823,Paid Ads,2025-05-05,,True,False,0,0,0,12,0.0
3824,Social Media,2025-04-29,2025-05-12,True,False,1,1,1,8,30.86
3825,Referrals,2025-03-06,,False,True,0,0,0,4,0.0
3826,Paid Ads,2025-01-19,2025-01-30,True,False,2,3,3,12,110.63
3827,Paid Ads,2025-01-09,2025-01-22,False,True,5,10,17,12,656.8
3828,Social Media,2025-04-01,,True,False,0,0,0,8,0.0
3829,Paid Ads,2025-01-24,,True,False,0,0,0,12,0.0
3830,Referrals,2025-06-21,2025-06-26,False,True,4,9,13,4,1675.44
3831,Paid Ads,2025-03-04,2025-03-10,True,False,2,3,3,12,123.3
3832,Organic Search,2025-06-13,2025-06-18,False,True,3,8,14,6,1006.48
3833,Referrals,2025-02-18,2025-02-25,False,True,6,13,16,4,2046.27
3834,Referrals,2025-06-28,2025-07-11,False,True,4,5,11,4,997.12
3835,Referrals,2025-05-11,2025-05-23,False,True,5,11,12,4,1058.62
3836,Organic Search,2025-02-21,,False,True,0,0,0,6,0.0
3837,Referrals,2025-05-27,2025-06-10,False,True,4,7,9,4,630.3
3838,Social Media,2025-03-16,2025-03-23,True,False,2,3,3,8,118.67
3839,Paid Ads,2025-03-07,,False,True,0,0,0,12,0.0
3840,Organic Search,2025-02-22,2025-03-07,False,True,2,7,11,6,759.42
3841,Referrals,2025-02-13,2025-02-17,False,True,6,11,15,4,1315.5
3842,Social Media,2025-03-25,,False,True,0,0,0,8,0.0
3843,Social Media,2025-04-02,2025-04-09,False,True,3,8,13,8,553.38
3844,Referrals,2025-03-23,2025-04-04,False,True,5,8,13,4,1290.78
3845,Paid Ads,2025-03-15,,True,False,0,0,0,12,0.0
3846,Referrals,2025-03-15,2025-03-22,True,False,2,2,2,4,268.77
3847,Paid Ads,2025-02-18,2025-02-26,True,False,2,2,2,12,81.76
3848,Paid Ads,2025-02-23,,True,False,0,0,0,12,0.0
3849,Paid Ads,2025-04-30,,True,False,0,0,0,12,0.0
3850,Referrals,2025-05-01,2025-05-09,False,True,2,7,13,4,1075.48
3851,Paid Ads,2025-06-22,,False,True,0,0,0,12,0.0
3852,Paid Ads,2025-01-26,2025-02-07,False,True,2,4,10,12,331.84
3853,Referrals,2025-02-18,2025-03-02,False,True,2,6,9,4,540.35
3854,Paid Ads,2025-04-16,,True,False,0,0,0,12,0.0
3855,Social Media,2025-02-12,,False,True,0,0,0,8,0.0
3856,Paid Ads,2025-03-23,2025-04-01,True,False,3,3,3,12,134.01
3857,Paid Ads,2025-03-10,2025-03-24,False,True,3,7,9,12,298.15
3858,Organic Search,2025-06-12,2025-06-18,False,True,5,12,18,6,1220.39
3859,Social Media,2025-04-19,2025-04-25,True,False,1,1,1,8,42.26
3860,Referrals,2025-01-17,2025-01-25,True,False,2,2,2,4,247.15
3861,Paid Ads,2025-02-20,2025-03-06,True,False,1,1,1,12,36.82
3862,Organic Search,2025-03-13,2025-03-17,False,True,7,9,15,6,1099.61
3863,Referrals,2025-02-25,2025-03-11,False,True,2,6,9,4,862.02
3864,Referrals,2025-01-19,,True,False,0,0,0,4,0.0
3865,Organic Search,2025-03-06,2025-03-12,False,True,1,6,10,6,717.72
3866,Paid Ads,2025-04-14,2025-04-18,True,False,2,2,2,12,73.93
3867,Paid Ads,2025-04-18,2025-04-24,True,False,3,4,4,12,228.25
3868,Paid Ads,2025-02-01,,True,False,0,0,0,12,0.0
3869,Referrals,2025-06-22,2025-06-27,False,True,5,8,15,4,1680.49
3870,Organic Search,2025-06-10,2025-06-22,False,True,6,13,17,6,1366.31
3871,Referrals,2025-05-03,2025-05-16,False,True,6,12,17,4,1125.69
3872,Paid Ads,2025-04-17,,False,True,0,0,0,12,0.0
3873,Social Media,2025-02-03,,True,False,0,0,0,8,0.0
3874,Social Media,2025-02-07,,False,True,0,0,0,8,0.0
3875,Social Media,2025-04-21,,True,False,0,0,0,8,0.0
3876,Social Media,2025-05-30,,True,False,0,0,0,8,0.0
3877,Paid Ads,2025-03-24,,True,False,0,0,0,12,0.0
3878,Organic Search,2025-05-12,2025-05-15,True,False,2,3,3,6,192.68
3879,Social Media,2025-01-24,,True,False,0,0,0,8,0.0
3880,Paid Ads,2025-01-28,,True,False,0,0,0,12,0.0
3881,Referrals,2025-04-24,2025-04-25,True,False,2,3,3,4,382.9
3882,Social Media,2025-05-11,,True,False,0,0,0,8,0.0
3883,Organic Search,2025-06-05,2025-06-10,False,True,7,10,17,6,1199.4
3884,Paid Ads,2025-06-17,,True,False,0,0,0,12,0.0
3885,Social Media,2025-03-28,,True,False,0,0,0,8,0.0
3886,Organic Search,2025-01-16,,True,False,0,0,0,6,0.0
3887,Social Media,2025-03-29,,False,True,0,0,0,8,0.0
3888,Organic Search,2025-02-25,2025-03-07,False,True,3,6,9,6,712.97
3889,Social Media,2025-04-30,,True,False,0,0,0,8,0.0
3890,Organic Search,2025-01-15,2025-01-18,False,True,7,12,19,6,1559.02
3891,Organic Search,2025-04-23,2025-04-30,False,True,3,5,9,6,714.8
3892,Paid Ads,2025-04-19,,False,True,0,0,0,12,0.0
3893,Paid Ads,2025-05-20,,True,False,0,0,0,12,0.0
3894,Social Media,2025-05-25,2025-06-06,True,False,1,2,2,8,66.29
3895,Paid Ads,2025-03-22,,True,False,0,0,0,12,0.0
3896,Paid Ads,2025-05-26,,False,True,0,0,0,12,0.0
3897,Social Media,2025-03-20,,True,False,0,0,0,8,0.0
3898,Referrals,2025-01-02,2025-01-03,False,True,4,7,12,4,1552.88
3899,Referrals,2025-01-16,2025-01-18,False,True,5,8,10,4,1428.16
3900,Referrals,2025-01-30,2025-02-12,True,False,1,2,2,4,164.0
3901,Social Media,2025-01-20,,True,False,0,0,0,8,0.0
3902,Paid Ads,2025-03-13,,True,False,0,0,0,12,0.0
3903,Referrals,2025-04-11,2025-04-23,True,False,3,3,3,4,293.82
3904,Social Media,2025-05-20,2025-05-23,True,False,2,2,2,8,65.65
3905,Paid Ads,2025-04-16,,True,False,0,0,0,12,0.0
3906,Paid Ads,2025-04-28,,False,True,0,0,0,12,0.0
3907,Paid Ads,2025-04-30,2025-05-12,True,False,1,1,1,12,43.24
3908,Referrals,2025-06-17,2025-06-25,False,True,2,7,8,4,810.03
3909,Paid Ads,2025-04-06,2025-04-20,True,False,1,1,1,12,42.32
3910,Referrals,2025-02-01,2025-02-04,False,True,6,10,16,4,1740.74
3911,Referrals,2025-05-25,2025-05-31,False,True,4,6,7,4,527.12
3912,Social Media,2025-06-02,,True,False,0,0,0,8,0.0
3913,Organic Search,2025-04-03,2025-04-10,False,True,7,10,17,6,1167.23
3914,Social Media,2025-05-09,2025-05-12,True,False,1,1,1,8,30.51
3915,Social Media,2025-01-13,,True,False,0,0,0,8,0.0
3916,Referrals,2025-05-17,,False,True,0,0,0,4,0.0
3917,Organic Search,2025-05-29,2025-05-30,True,False,1,2,2,6,149.9
3918,Social Media,2025-04-02,2025-04-15,True,False,1,2,2,8,81.44
3919,Organic Search,2025-04-28,,True,False,0,0,0,6,0.0
3920,Paid Ads,2025-01-16,2025-01-24,True,False,3,3,3,12,116.34
3921,Referrals,2025-04-15,2025-04-20,False,True,1,2,9,4,788.44
3922,Organic Search,2025-06-26,,False,True,0,0,0,6,0.0
3923,Referrals,2025-05-24,,False,True,0,0,0,4,0.0
3924,Paid Ads,2025-06-15,,True,False,0,0,0,12,0.0
3925,Paid Ads,2025-02-13,2025-02-17,True,False,1,1,1,12,50.18
3926,Organic Search,2025-06-18,2025-06-30,False,True,2,4,9,6,538.95
3927,Referrals,2025-02-13,2025-02-21,True,False,2,2,2,4,248.37
3928,Organic Search,2025-05-02,2025-05-11,True,False,3,3,3,6,208.08
3929,Social Media,2025-03-04,,True,False,0,0,0,8,0.0
3930,Paid Ads,2025-02-14,,True,False,0,0,0,12,0.0
3931,Referrals,2025-01-11,,True,False,0,0,0,4,0.0
3932,Paid Ads,2025-01-05,,False,True,0,0,0,12,0.0
3933,Paid Ads,2025-06-02,2025-06-07,True,False,1,2,2,12,68.9
3934,Social Media,2025-04-26,,True,False,0,0,0,8,0.0
3935,Organic Search,2025-05-11,2025-05-20,True,False,1,1,1,6,57.29
3936,Referrals,2025-04-09,2025-04-17,False,True,5,9,13,4,1661.92
3937,Social Media,2025-01-22,,True,False,0,0,0,8,0.0
3938,Paid Ads,2025-04-27,2025-05-02,True,False,2,3,3,12,167.24
3939,Referrals,2025-06-28,2025-07-10,True,False,3,4,4,4,345.46
3940,Organic Search,2025-01-02,,False,True,0,0,0,6,0.0
3941,Social Media,2025-03-03,2025-03-13,True,False,1,2,2,8,97.96
3942,Paid Ads,2025-02-28,,True,False,0,0,0,12,0.0
3943,Paid Ads,2025-01-16,,True,False,0,0,0,12,0.0
3944,Social Media,2025-06-28,,True,False,0,0,0,8,0.0
3945,Organic Search,2025-06-12,2025-06-19,False,True,5,7,12,6,750.74
3946,Referrals,2025-03-15,,True,False,0,0,0,4,0.0
3947,Social Media,2025-04-26,,True,False,0,0,0,8,0.0
3948,Paid Ads,2025-06-12,2025-06-18,True,False,3,4,4,12,170.75
3949,Paid Ads,2025-05-20,2025-05-23,True,False,3,3,3,12,119.41
3950,Paid Ads,2025-06-16,,False,True,0,0,0,12,0.0
3951,Social Media,2025-03-31,,False,True,0,0,0,8,0.0
3952,Paid Ads,2025-03-04,,False,True,0,0,0,12,0.0
3953,Paid Ads,2025-01-29,2025-02-01,True,False,3,4,4,12,211.85
3954,Paid Ads,2025-01-31,2025-02-08,False,True,3,6,11,12,477.58
3955,Social Media,2025-02-22,,True,False,0,0,0,8,0.0
3956,Paid Ads,2025-06-27,,True,False,0,0,0,12,0.0
3957,Paid Ads,2025-01-23,2025-02-03,True,False,3,3,3,12,121.59
3958,Referrals,2025-05-19,2025-05-20,False,True,1,8,11,4,1289.95
3959,Referrals,2025-06-17,,True,False,0,0,0,4,0.0
3960,Referrals,2025-05-08,2025-05-15,False,True,7,8,13,4,1128.0
3961,Paid Ads,2025-03-01,2025-03-13,False,True,5,7,11,12,636.04
3962,Referrals,2025-03-28,2025-03-31,False,True,3,9,10,4,800.03
3963,Referrals,2025-01-04,,True,False,0,0,0,4,0.0
3964,Organic Search,2025-02-20,2025-02-25,False,True,4,11,17,6,1295.87
3965,Referrals,2025-06-07,2025-06-08,True,False,1,1,1,4,71.81
3966,Paid Ads,2025-03-06,,False,True,0,0,0,12,0.0
3967,Organic Search,2025-05-21,2025-06-03,False,True,7,14,16,6,1517.18
3968,Organic Search,2025-02-02,2025-02-13,False,True,6,13,18,6,1113.01
3969,Paid Ads,2025-03-12,2025-03-14,False,True,5,9,16,12,578.39
3970,Organic Search,2025-04-13,2025-04-25,True,False,3,4,4,6,226.67
3971,Organic Search,2025-04-05,2025-04-10,True,False,1,1,1,6,68.22
3972,Paid Ads,2025-02-23,,True,False,0,0,0,12,0.0
3973,Paid Ads,2025-03-27,,True,False,0,0,0,12,0.0
3974,Organic Search,2025-01-22,,False,True,0,0,0,6,0.0
3975,Paid Ads,2025-02-27,,False,True,0,0,0,12,0.0
3976,Referrals,2025-04-23,2025-05-02,True,False,2,3,3,4,355.74
3977,Social Media,2025-06-03,,False,True,0,0,0,8,0.0
3978,Organic Search,2025-05-10,2025-05-14,True,False,2,3,3,6,175.76
3979,Paid Ads,2025-03-05,2025-03-12,False,True,6,12,15,12,678.84
3980,Organic Search,2025-05-02,2025-05-04,True,False,2,3,3,6,208.52
3981,Paid Ads,2025-02-14,,True,False,0,0,0,12,0.0
3982,Referrals,2025-02-16,2025-02-27,False,True,6,10,12,4,1339.72
3983,Referrals,2025-01-03,2025-01-12,True,False,1,1,1,4,86.02
3984,Referrals,2025-03-23,2025-03-29,False,True,4,5,9,4,651.01
3985,Paid Ads,2025-02-05,2025-02-13,True,False,1,1,1,12,42.79
3986,Paid Ads,2025-01-03,2025-01-12,False,True,4,10,11,12,385.89
3987,Paid Ads,2025-04-24,2025-04-27,True,False,3,4,4,12,135.85
3988,Referrals,2025-05-22,,False,True,0,0,0,4,0.0
3989,Organic Search,2025-01-29,2025-02-02,False,True,3,4,9,6,584.68
3990,Paid Ads,2025-01-08,,True,False,0,0,0,12,0.0
3991,Organic Search,2025-06-16,2025-06-26,False,True,6,9,13,6,910.82
3992,Social Media,2025-03-31,,True,False,0,0,0,8,0.0
3993,Organic Search,2025-04-05,,False,True,0,0,0,6,0.0
3994,Paid Ads,2025-02-10,2025-02-14,True,False,1,1,1,12,35.57
3995,Social Media,2025-03-18,,True,False,0,0,0,8,0.0
3996,Organic Search,2025-05-21,,True,False,0,0,0,6,0.0
3997,Referrals,2025-05-04,2025-05-18,False,True,3,9,16,4,1936.06
3998,Social Media,2025-01-12,2025-01-18,False,True,2,3,10,8,327.22
3999,Referrals,2025-02-21,2025-03-02,False,True,6,10,15,4,1462.26
4000,Paid Ads,2025-01-06,,True,False,0,0,0,12,0.0
4001,Referrals,2025-03-13,2025-03-24,False,True,6,13,18,4,1520.46
4002,Paid Ads,2025-02-21,,True,False,0,0,0,12,0.0
4003,Organic Search,2025-01-29,,False,True,0,0,0,6,0.0
4004,Paid Ads,2025-03-13,,False,True,0,0,0,12,0.0
4005,Paid Ads,2025-04-27,2025-04-28,False,True,3,5,7,12,280.13
4006,Referrals,2025-05-06,,True,False,0,0,0,4,0.0
4007,Paid Ads,2025-02-14,2025-02-22,True,False,1,2,2,12,91.42
4008,Referrals,2025-05-01,,True,False,0,0,0,4,0.0
4009,Social Media,2025-02-12,,True,False,0,0,0,8,0.0
4010,Organic Search,2025-04-29,,False,True,0,0,0,6,0.0
4011,Paid Ads,2025-02-28,2025-03-04,True,False,2,2,2,12,83.56
4012,Organic Search,2025-03-23,,False,True,0,0,0,6,0.0
4013,Organic Search,2025-06-05,2025-06-10,False,True,2,6,10,6,717.8
4014,Organic Search,2025-01-24,2025-02-02,False,True,5,7,8,6,614.19
4015,Paid Ads,2025-05-23,,False,True,0,0,0,12,0.0
4016,Referrals,2025-04-01,2025-04-10,False,True,6,10,17,4,1478.25
4017,Referrals,2025-01-18,2025-02-01,False,True,2,9,14,4,1165.47
4018,Social Media,2025-06-24,,True,False,0,0,0,8,0.0
4019,Organic Search,2025-05-30,2025-06-01,False,True,1,2,9,6,693.49
4020,Referrals,2025-03-25,2025-04-05,False,True,5,9,12,4,1159.42
4021,Social Media,2025-05-08,,False,True,0,0,0,8,0.0
4022,Organic Search,2025-01-10,2025-01-17,False,True,3,8,14,6,963.72
4023,Paid Ads,2025-04-13,2025-04-18,True,False,3,3,3,12,121.45
4024,Referrals,2025-01-25,2025-02-06,False,True,3,9,11,4,902.69
4025,Referrals,2025-01-02,2025-01-15,False,True,5,11,18,4,1841.29
4026,Referrals,2025-01-16,2025-01-29,False,True,7,14,19,4,1411.88
4027,Paid Ads,2025-06-07,,True,False,0,0,0,12,0.0
4028,Paid Ads,2025-02-14,,False,True,0,0,0,12,0.0
4029,Social Media,2025-06-05,,True,False,0,0,0,8,0.0
4030,Referrals,2025-06-11,2025-06-21,True,False,2,2,2,4,170.16
4031,Referrals,2025-04-24,2025-05-05,False,True,1,3,4,4,405.26
4032,Paid Ads,2025-06-23,2025-06-25,False,True,5,10,16,12,812.06
4033,Organic Search,2025-04-09,2025-04-17,False,True,2,6,10,6,782.64
4034,Referrals,2025-04-30,2025-05-03,False,True,3,5,9,4,1107.17
4035,Referrals,2025-06-02,2025-06-12,True,False,1,1,1,4,116.43
4036,Organic Search,2025-03-14,,False,True,0,0,0,6,0.0
4037,Paid Ads,2025-02-28,2025-03-03,True,False,2,2,2,12,98.86
4038,Social Media,2025-02-22,,True,False,0,0,0,8,0.0
4039,Paid Ads,2025-02-05,2025-02-07,False,True,1,4,11,12,330.4
4040,Paid Ads,2025-03-23,2025-03-29,True,False,3,3,3,12,125.65
4041,Organic Search,2025-02-28,2025-03-13,False,True,5,6,7,6,378.65
4042,Social Media,2025-03-17,2025-03-28,True,False,3,3,3,8,109.55
4043,Social Media,2025-03-20,2025-03-23,True,False,1,1,1,8,31.93
4044,Social Media,2025-01-31,,False,True,0,0,0,8,0.0
4045,Referrals,2025-01-03,2025-01-11,False,True,2,3,7,4,828.39
4046,Paid Ads,2025-01-25,2025-02-03,False,True,1,2,5,12,192.83
4047,Paid Ads,2025-06-26,2025-06-29,True,False,3,4,4,12,203.72
4048,Paid Ads,2025-06-10,,False,True,0,0,0,12,0.0
4049,Paid Ads,2025-06-29,,True,False,0,0,0,12,0.0
4050,Organic Search,2025-01-14,2025-01-24,False,True,2,6,10,6,596.64
4051,Paid Ads,2025-04-25,,True,False,0,0,0,12,0.0
4052,Referrals,2025-06-24,2025-06-29,True,False,3,3,3,4,331.02
4053,Social Media,2025-03-15,,True,False,0,0,0,8,0.0
4054,Organic Search,2025-03-26,2025-04-04,True,False,3,4,4,6,288.75
4055,Paid Ads,2025-02-14,,False,True,0,0,0,12,0.0
4056,Organic Search,2025-05-23,2025-05-27,True,False,3,3,3,6,294.54
4057,Social Media,2025-04-30,,False,True,0,0,0,8,0.0
4058,Paid Ads,2025-05-01,2025-05-07,False,True,3,4,11,12,533.55
4059,Paid Ads,2025-04-03,2025-04-17,False,True,7,9,12,12,565.77
4060,Referrals,2025-03-17,,False,True,0,0,0,4,0.0
4061,Social Media,2025-04-07,,True,False,0,0,0,8,0.0
4062,Organic Search,2025-01-08,2025-01-17,True,False,1,1,1,6,82.84
4063,Organic Search,2025-03-30,2025-04-07,True,False,1,2,2,6,169.39
4064,Referrals,2025-03-19,2025-03-27,False,True,4,11,18,4,1807.07
4065,Referrals,2025-01-02,2025-01-07,False,True,5,6,12,4,1352.82
4066,Social Media,2025-03-12,,False,True,0,0,0,8,0.0
4067,Paid Ads,2025-04-18,2025-04-29,True,False,3,3,3,12,126.3
4068,Social Media,2025-05-02,2025-05-14,True,False,1,2,2,8,56.05
4069,Paid Ads,2025-03-04,,True,False,0,0,0,12,0.0
4070,Organic Search,2025-04-28,2025-05-05,False,True,2,7,12,6,856.1
4071,Referrals,2025-01-29,2025-02-10,True,False,3,4,4,4,301.21
4072,Paid Ads,2025-02-21,2025-02-28,True,False,3,4,4,12,218.9
4073,Referrals,2025-02-17,,True,False,0,0,0,4,0.0
4074,Organic Search,2025-06-02,2025-06-13,False,True,5,11,18,6,1284.34
4075,Referrals,2025-04-04,2025-04-18,False,True,4,7,8,4,1101.42
4076,Organic Search,2025-06-04,2025-06-17,False,True,7,9,12,6,933.54
4077,Paid Ads,2025-03-23,,False,True,0,0,0,12,0.0
4078,Paid Ads,2025-01-29,,True,False,0,0,0,12,0.0
4079,Paid Ads,2025-03-31,2025-04-01,False,True,7,8,13,12,353.67
4080,Social Media,2025-01-15,,True,False,0,0,0,8,0.0
4081,Paid Ads,2025-04-07,,False,True,0,0,0,12,0.0
4082,Paid Ads,2025-01-25,2025-01-31,True,False,2,3,3,12,142.53
4083,Paid Ads,2025-01-09,2025-01-20,False,True,6,8,14,12,636.65
4084,Social Media,2025-03-18,,True,False,0,0,0,8,0.0
4085,Referrals,2025-04-28,,False,True,0,0,0,4,0.0
4086,Organic Search,2025-01-26,,False,True,0,0,0,6,0.0
4087,Social Media,2025-03-14,,True,False,0,0,0,8,0.0
4088,Paid Ads,2025-03-20,,True,False,0,0,0,12,0.0
4089,Referrals,2025-05-29,,False,True,0,0,0,4,0.0
4090,Paid Ads,2025-04-05,,True,False,0,0,0,12,0.0
4091,Referrals,2025-05-13,,False,True,0,0,0,4,0.0
4092,Organic Search,2025-02-01,2025-02-09,True,False,3,4,4,6,314.79
4093,Organic Search,2025-04-28,2025-05-03,False,True,1,7,8,6,476.5
4094,Social Media,2025-02-06,,True,False,0,0,0,8,0.0
4095,Paid Ads,2025-06-19,,False,True,0,0,0,12,0.0
4096,Referrals,2025-05-20,2025-05-22,True,False,2,3,3,4,261.99
4097,Referrals,2025-03-20,2025-03-24,False,True,5,7,11,4,1120.7
4098,Organic Search,2025-04-04,2025-04-17,True,False,2,3,3,6,187.95
4099,Social Media,2025-03-11,2025-03-14,True,False,3,4,4,8,147.17
4100,Paid Ads,2025-02-01,2025-02-04,False,True,1,5,12,12,508.98
4101,Social Media,2025-01-11,,True,False,0,0,0,8,0.0
4102,Referrals,2025-01-19,2025-02-02,False,True,3,4,6,4,461.2
4103,Organic Search,2025-01-03,,True,False,0,0,0,6,0.0
4104,Referrals,2025-02-06,2025-02-20,False,True,1,6,13,4,1127.05
4105,Referrals,2025-05-09,2025-05-22,False,True,3,8,14,4,1271.05
4106,Organic Search,2025-04-19,,False,True,0,0,0,6,0.0
4107,Paid Ads,2025-01-06,,True,False,0,0,0,12,0.0
4108,Paid Ads,2025-02-02,2025-02-14,False,True,2,5,12,12,701.33
4109,Referrals,2025-01-27,,True,False,0,0,0,4,0.0
4110,Referrals,2025-04-22,2025-05-01,True,False,1,2,2,4,215.42
4111,Paid Ads,2025-05-25,2025-06-04,True,False,1,1,1,12,35.88
4112,Social Media,2025-04-04,,True,False,0,0,0,8,0.0
4113,Organic Search,2025-06-27,2025-07-11,True,False,3,4,4,6,262.36
4114,Paid Ads,2025-04-23,,False,True,0,0,0,12,0.0
4115,Organic Search,2025-04-06,,False,True,0,0,0,6,0.0
4116,Paid Ads,2025-05-17,,False,True,0,0,0,12,0.0
4117,Referrals,2025-06-18,2025-06-20,False,True,3,9,16,4,1319.43
4118,Social Media,2025-03-29,,True,False,0,0,0,8,0.0
4119,Paid Ads,2025-04-27,2025-05-07,True,False,3,4,4,12,185.32
4120,Paid Ads,2025-05-19,2025-05-20,False,True,1,5,8,12,292.67
4121,Paid Ads,2025-05-01,,True,False,0,0,0,12,0.0
4122,Referrals,2025-06-06,2025-06-14,True,False,3,3,3,4,296.65
4123,Referrals,2025-05-18,2025-05-26,True,False,1,2,2,4,199.54
4124,Social Media,2025-03-30,,True,False,0,0,0,8,0.0
4125,Paid Ads,2025-05-26,,True,False,0,0,0,12,0.0
4126,Social Media,2025-06-06,,True,False,0,0,0,8,0.0
4127,Referrals,2025-01-04,2025-01-16,True,False,3,3,3,4,263.35
4128,Paid Ads,2025-03-22,,False,True,0,0,0,12,0.0
4129,Referrals,2025-05-29,2025-06-07,False,True,1,7,13,4,1400.84
4130,Referrals,2025-04-13,,False,True,0,0,0,4,0.0
4131,Organic Search,2025-03-14,,False,True,0,0,0,6,0.0
4132,Referrals,2025-02-16,,False,True,0,0,0,4,0.0
4133,Organic Search,2025-01-27,,True,False,0,0,0,6,0.0
4134,Organic Search,2025-06-21,2025-06-28,False,True,4,6,7,6,561.03
4135,Paid Ads,2025-05-09,,True,False,0,0,0,12,0.0
4136,Referrals,2025-04-23,2025-04-26,True,False,1,1,1,4,61.78
4137,Paid Ads,2025-03-05,2025-03-07,False,True,6,11,16,12,778.88
4138,Paid Ads,2025-06-03,,False,True,0,0,0,12,0.0
4139,Social Media,2025-06-09,2025-06-17,True,False,1,1,1,8,39.6
4140,Social Media,2025-06-03,2025-06-04,True,False,3,3,3,8,128.81
4141,Paid Ads,2025-02-06,,True,False,0,0,0,12,0.0
4142,Paid Ads,2025-06-27,,False,True,0,0,0,12,0.0
4143,Paid Ads,2025-04-25,,True,False,0,0,0,12,0.0
4144,Paid Ads,2025-03-07,2025-03-12,True,False,1,2,2,12,88.75
4145,Referrals,2025-05-03,2025-05-16,False,True,5,11,13,4,1697.31
4146,Organic Search,2025-06-05,,False,True,0,0,0,6,0.0
4147,Paid Ads,2025-04-05,,True,False,0,0,0,12,0.0
4148,Organic Search,2025-02-07,,False,True,0,0,0,6,0.0
4149,Paid Ads,2025-05-15,,False,True,0,0,0,12,0.0
4150,Referrals,2025-04-25,,False,True,0,0,0,4,0.0
4151,Social Media,2025-01-02,,True,False,0,0,0,8,0.0
4152,Social Media,2025-04-02,,False,True,0,0,0,8,0.0
4153,Referrals,2025-04-15,2025-04-18,False,True,6,8,10,4,816.08
4154,Social Media,2025-03-03,2025-03-06,True,False,1,1,1,8,33.43
4155,Referrals,2025-03-24,2025-03-27,True,False,2,3,3,4,342.36
4156,Referrals,2025-06-07,,False,True,0,0,0,4,0.0
4157,Organic Search,2025-03-08,2025-03-10,True,False,1,2,2,6,133.97
4158,Paid Ads,2025-05-28,,False,True,0,0,0,12,0.0
4159,Paid Ads,2025-05-24,2025-06-01,True,False,3,4,4,12,208.76
4160,Paid Ads,2025-05-02,,True,False,0,0,0,12,0.0
4161,Social Media,2025-03-30,2025-04-06,False,True,4,7,10,8,200.11
4162,Paid Ads,2025-01-25,2025-02-07,True,False,2,2,2,12,91.37
4163,Paid Ads,2025-04-24,2025-05-06,True,False,3,4,4,12,248.72
4164,Paid Ads,2025-04-28,2025-05-07,True,False,1,2,2,12,102.49
4165,Social Media,2025-06-19,,True,False,0,0,0,8,0.0
4166,Referrals,2025-06-22,2025-06-24,False,True,5,6,8,4,618.81
4167,Referrals,2025-04-04,2025-04-16,False,True,5,6,10,4,875.51
4168,Referrals,2025-04-08,2025-04-09,False,True,5,11,14,4,1386.25
4169,Organic Search,2025-03-22,2025-03-24,False,True,1,6,10,6,788.62
4170,Referrals,2025-01-27,2025-02-04,True,False,3,4,4,4,394.99
4171,Organic Search,2025-05-26,2025-06-07,False,True,7,14,19,6,1865.13
4172,Organic Search,2025-04-26,2025-05-07,True,False,3,3,3,6,222.54
4173,Paid Ads,2025-01-06,,False,True,0,0,0,12,0.0
4174,Social Media,2025-05-05,,True,False,0,0,0,8,0.0
4175,Paid Ads,2025-05-09,2025-05-18,True,False,1,2,2,12,110.07
4176,Referrals,2025-04-16,2025-04-23,False,True,4,11,17,4,2070.25
4177,Paid Ads,2025-05-17,2025-05-27,False,True,6,9,16,12,857.32
4178,Referrals,2025-01-16,2025-01-18,True,False,1,2,2,4,167.5
4179,Paid Ads,2025-03-29,2025-04-03,True,False,3,3,3,12,147.98
4180,Paid Ads,2025-05-15,2025-05-28,True,False,2,2,2,12,111.74
4181,Organic Search,2025-05-05,2025-05-11,True,False,1,2,2,6,135.78
4182,Paid Ads,2025-05-26,,True,False,0,0,0,12,0.0
4183,Paid Ads,2025-03-12,2025-03-15,True,False,1,2,2,12,95.42
4184,Paid Ads,2025-05-20,2025-05-29,True,False,2,2,2,12,119.32
4185,Paid Ads,2025-06-24,2025-07-07,True,False,1,1,1,12,40.92
4186,Paid Ads,2025-03-23,,True,False,0,0,0,12,0.0
4187,Referrals,2025-03-25,2025-04-07,False,True,5,11,14,4,1097.29
4188,Paid Ads,2025-05-30,,False,True,0,0,0,12,0.0
4189,Referrals,2025-05-08,,True,False,0,0,0,4,0.0
4190,Organic Search,2025-03-13,2025-03-25,True,False,3,3,3,6,204.29
4191,Social Media,2025-02-25,2025-03-09,False,True,3,8,13,8,349.31
4192,Paid Ads,2025-05-14,2025-05-17,True,False,3,3,3,12,158.87
4193,Paid Ads,2025-03-16,2025-03-29,False,True,2,5,6,12,252.71
4194,Referrals,2025-05-29,2025-06-02,False,True,5,12,14,4,937.85
4195,Paid Ads,2025-02-07,2025-02-10,True,False,1,2,2,12,38.23
4196,Organic Search,2025-04-25,2025-05-07,True,False,3,3,3,6,179.4
4197,Social Media,2025-04-17,,True,False,0,0,0,8,0.0
4198,Organic Search,2025-05-07,2025-05-12,True,False,3,4,4,6,230.43
4199,Paid Ads,2025-01-14,,True,False,0,0,0,12,0.0
4200,Paid Ads,2025-02-17,,False,True,0,0,0,12,0.0
4201,Referrals,2025-04-23,2025-05-04,True,False,2,3,3,4,221.09
4202,Social Media,2025-02-25,,True,False,0,0,0,8,0.0
4203,Paid Ads,2025-01-18,2025-01-21,True,False,3,3,3,12,127.23
4204,Paid Ads,2025-05-12,,True,False,0,0,0,12,0.0
4205,Referrals,2025-06-12,2025-06-14,False,True,3,5,11,4,1154.3
4206,Referrals,2025-04-13,,False,True,0,0,0,4,0.0
4207,Organic Search,2025-05-18,,True,False,0,0,0,6,0.0
4208,Referrals,2025-03-04,,False,True,0,0,0,4,0.0
4209,Organic Search,2025-04-24,2025-04-26,True,False,3,3,3,6,154.9
4210,Referrals,2025-04-04,,True,False,0,0,0,4,0.0
4211,Paid Ads,2025-05-27,,True,False,0,0,0,12,0.0
4212,Organic Search,2025-05-10,2025-05-15,True,False,2,2,2,6,126.72
4213,Social Media,2025-03-10,2025-03-14,True,False,2,3,3,8,87.78
4214,Referrals,2025-02-15,2025-02-25,True,False,3,4,4,4,266.6
4215,Referrals,2025-02-05,2025-02-15,False,True,3,10,16,4,1749.3
4216,Organic Search,2025-03-21,,False,True,0,0,0,6,0.0
4217,Referrals,2025-06-02,2025-06-12,False,True,3,4,5,4,303.25
4218,Organic Search,2025-04-15,2025-04-19,False,True,7,11,16,6,1259.28
4219,Referrals,2025-06-07,2025-06-11,False,True,4,6,7,4,668.75
4220,Referrals,2025-04-09,2025-04-20,False,True,5,9,12,4,1309.97
4221,Referrals,2025-06-24,2025-07-03,False,True,3,6,10,4,1174.01
4222,Referrals,2025-03-04,2025-03-05,True,False,2,2,2,4,240.59
4223,Organic Search,2025-01-27,2025-02-03,False,True,7,9,13,6,1022.4
4224,Social Media,2025-03-31,,True,False,0,0,0,8,0.0
4225,Social Media,2025-04-02,2025-04-08,False,True,2,9,15,8,428.53
4226,Organic Search,2025-03-16,,False,True,0,0,0,6,0.0
4227,Paid Ads,2025-06-12,2025-06-17,True,False,2,2,2,12,115.57
4228,Organic Search,2025-06-01,2025-06-11,False,True,5,7,8,6,673.42
4229,Organic Search,2025-01-06,2025-01-18,False,True,5,7,8,6,709.13
4230,Referrals,2025-05-30,2025-06-03,False,True,2,6,11,4,768.78
4231,Paid Ads,2025-03-12,,True,False,0,0,0,12,0.0
4232,Social Media,2025-02-18,,True,False,0,0,0,8,0.0
4233,Paid Ads,2025-03-21,2025-03-28,True,False,2,3,3,12,143.09
4234,Paid Ads,2025-02-03,,False,True,0,0,0,12,0.0
4235,Paid Ads,2025-01-01,2025-01-07,True,False,2,2,2,12,87.17
4236,Organic Search,2025-03-02,2025-03-16,True,False,1,1,1,6,71.06
4237,Paid Ads,2025-02-13,,True,False,0,0,0,12,0.0
4238,Organic Search,2025-04-21,2025-04-30,True,False,3,4,4,6,227.65
4239,Organic Search,2025-05-29,2025-06-03,False,True,5,7,10,6,832.26
4240,Paid Ads,2025-04-28,,True,False,0,0,0,12,0.0
4241,Referrals,2025-01-02,,False,True,0,0,0,4,0.0
4242,Organic Search,2025-01-14,,False,True,0,0,0,6,0.0
4243,Referrals,2025-01-31,2025-02-08,False,True,3,10,16,4,1570.95
4244,Paid Ads,2025-04-14,,False,True,0,0,0,12,0.0
4245,Paid Ads,2025-04-05,,True,False,0,0,0,12,0.0
4246,Referrals,2025-04-24,2025-05-01,False,True,3,8,14,4,1271.85
4247,Paid Ads,2025-04-16,,True,False,0,0,0,12,0.0
4248,Social Media,2025-01-07,,True,False,0,0,0,8,0.0
4249,Organic Search,2025-04-26,2025-05-07,False,True,2,6,11,6,996.21
4250,Social Media,2025-06-05,2025-06-08,True,False,1,1,1,8,37.51
4251,Referrals,2025-02-17,2025-02-19,False,True,7,9,12,4,849.11
4252,Paid Ads,2025-01-10,,True,False,0,0,0,12,0.0
4253,Social Media,2025-03-02,,True,False,0,0,0,8,0.0
4254,Referrals,2025-06-07,2025-06-18,True,False,1,1,1,4,95.0
4255,Organic Search,2025-03-08,2025-03-16,False,True,4,9,15,6,674.74
4256,Referrals,2025-05-07,2025-05-10,False,True,3,5,8,4,623.57
4257,Paid Ads,2025-06-01,,True,False,0,0,0,12,0.0
4258,Paid Ads,2025-03-15,,True,False,0,0,0,12,0.0
4259,Paid Ads,2025-02-14,2025-02-17,False,True,7,9,13,12,414.71
4260,Referrals,2025-03-09,2025-03-17,False,True,2,5,12,4,1398.02
4261,Organic Search,2025-05-05,,False,True,0,0,0,6,0.0
4262,Paid Ads,2025-01-17,2025-01-20,False,True,1,5,11,12,591.26
4263,Social Media,2025-04-04,2025-04-14,False,True,2,5,12,8,438.72
4264,Social Media,2025-01-19,2025-01-21,True,False,3,4,4,8,104.54
4265,Referrals,2025-06-22,2025-07-06,False,True,2,3,5,4,452.01
4266,Referrals,2025-02-21,2025-03-04,True,False,1,1,1,4,68.13
4267,Organic Search,2025-05-29,2025-06-09,True,False,1,1,1,6,64.78
4268,Social Media,2025-03-01,,True,False,0,0,0,8,0.0
4269,Social Media,2025-02-11,2025-02-18,True,False,3,4,4,8,121.91
4270,Social Media,2025-02-22,,True,False,0,0,0,8,0.0
4271,Organic Search,2025-04-14,2025-04-28,False,True,5,12,17,6,1271.39
4272,Social Media,2025-03-14,2025-03-21,True,False,1,1,1,8,43.36
4273,Organic Search,2025-04-18,,True,False,0,0,0,6,0.0
4274,Paid Ads,2025-04-29,,True,False,0,0,0,12,0.0
4275,Paid Ads,2025-01-22,,True,False,0,0,0,12,0.0
4276,Organic Search,2025-02-25,2025-02-26,False,True,2,8,9,6,559.42
4277,Referrals,2025-04-08,2025-04-19,False,True,4,10,16,4,1700.45
4278,Social Media,2025-01-05,2025-01-18,True,False,2,2,2,8,81.53
4279,Referrals,2025-01-25,,False,True,0,0,0,4,0.0
4280,Paid Ads,2025-03-04,,False,True,0,0,0,12,0.0
4281,Social Media,2025-06-04,,True,False,0,0,0,8,0.0
4282,Social Media,2025-01-22,,True,False,0,0,0,8,0.0
4283,Paid Ads,2025-03-14,,False,True,0,0,0,12,0.0
4284,Paid Ads,2025-05-13,,True,False,0,0,0,12,0.0
4285,Organic Search,2025-03-13,2025-03-17,True,False,3,3,3,6,137.58
4286,Paid Ads,2025-01-01,,False,True,0,0,0,12,0.0
4287,Referrals,2025-01-18,,False,True,0,0,0,4,0.0
4288,Paid Ads,2025-03-16,2025-03-21,False,True,5,12,17,12,633.09
4289,Organic Search,2025-01-30,2025-02-07,True,False,2,3,3,6,219.09
4290,Referrals,2025-06-13,2025-06-19,False,True,1,4,10,4,1122.67
4291,Organic Search,2025-04-15,2025-04-20,False,True,2,6,10,6,740.56
4292,Organic Search,2025-05-08,2025-05-10,True,False,3,4,4,6,224.55
4293,Social Media,2025-03-12,,True,False,0,0,0,8,0.0
4294,Social Media,2025-06-25,,True,False,0,0,0,8,0.0
4295,Paid Ads,2025-03-01,,True,False,0,0,0,12,0.0
4296,Paid Ads,2025-05-23,,True,False,0,0,0,12,0.0
4297,Organic Search,2025-03-28,2025-04-02,False,True,5,11,16,6,1137.85
4298,Referrals,2025-01-27,2025-02-10,False,True,5,6,13,4,1199.56
4299,Paid Ads,2025-03-10,2025-03-11,True,False,3,3,3,12,80.46
4300,Paid Ads,2025-01-17,,True,False,0,0,0,12,0.0
4301,Paid Ads,2025-01-09,,True,False,0,0,0,12,0.0
4302,Paid Ads,2025-03-13,,False,True,0,0,0,12,0.0
4303,Referrals,2025-06-02,2025-06-15,False,True,6,9,11,4,563.86
4304,Referrals,2025-04-22,2025-04-29,False,True,4,6,13,4,1197.32
4305,Referrals,2025-01-10,2025-01-14,False,True,1,2,8,4,894.04
4306,Referrals,2025-01-23,2025-01-30,False,True,2,3,8,4,764.02
4307,Paid Ads,2025-06-04,,True,False,0,0,0,12,0.0
4308,Social Media,2025-06-06,,True,False,0,0,0,8,0.0
4309,Social Media,2025-03-20,2025-03-21,False,True,6,9,15,8,481.97
4310,Paid Ads,2025-03-09,2025-03-12,True,False,2,3,3,12,123.93
4311,Social Media,2025-06-24,2025-07-08,False,True,5,6,12,8,380.88
4312,Paid Ads,2025-04-07,2025-04-14,False,True,7,12,14,12,539.92
4313,Organic Search,2025-03-28,2025-04-05,True,False,3,3,3,6,234.44
4314,Social Media,2025-06-15,,True,False,0,0,0,8,0.0
4315,Paid Ads,2025-06-06,,True,False,0,0,0,12,0.0
4316,Social Media,2025-04-24,,False,True,0,0,0,8,0.0
4317,Paid Ads,2025-06-11,,False,True,0,0,0,12,0.0
4318,Referrals,2025-01-24,,False,True,0,0,0,4,0.0
4319,Social Media,2025-06-04,,False,True,0,0,0,8,0.0
4320,Paid Ads,2025-06-23,,True,False,0,0,0,12,0.0
4321,Referrals,2025-05-18,2025-05-22,False,True,1,4,11,4,1366.16
4322,Paid Ads,2025-03-01,,True,False,0,0,0,12,0.0
4323,Paid Ads,2025-03-10,2025-03-16,True,False,3,4,4,12,137.17
4324,Paid Ads,2025-02-24,2025-02-25,True,False,3,3,3,12,126.5
4325,Referrals,2025-04-15,2025-04-24,False,True,3,9,16,4,1997.59
4326,Paid Ads,2025-03-04,,True,False,0,0,0,12,0.0
4327,Organic Search,2025-04-12,2025-04-26,False,True,5,12,18,6,1373.27
4328,Referrals,2025-04-05,2025-04-16,False,True,4,11,12,4,1148.26
4329,Social Media,2025-03-28,,True,False,0,0,0,8,0.0
4330,Organic Search,2025-03-04,2025-03-06,False,True,5,12,17,6,1345.39
4331,Referrals,2025-05-01,2025-05-05,False,True,7,13,19,4,1816.19
4332,Paid Ads,2025-02-21,,True,False,0,0,0,12,0.0
4333,Organic Search,2025-05-30,2025-06-06,True,False,3,3,3,6,214.17
4334,Social Media,2025-02-27,,True,False,0,0,0,8,0.0
4335,Organic Search,2025-04-15,2025-04-19,False,True,5,9,15,6,1245.01
4336,Organic Search,2025-01-06,2025-01-13,True,False,2,2,2,6,137.3
4337,Organic Search,2025-04-06,2025-04-07,True,False,3,3,3,6,217.32
4338,Paid Ads,2025-01-07,2025-01-13,False,True,3,5,12,12,580.32
4339,Social Media,2025-02-01,,True,False,0,0,0,8,0.0
4340,Paid Ads,2025-03-11,2025-03-12,True,False,1,2,2,12,106.57
4341,Paid Ads,2025-01-26,2025-02-01,True,False,2,2,2,12,103.58
4342,Paid Ads,2025-06-27,2025-07-11,False,True,5,6,13,12,408.7
4343,Paid Ads,2025-05-16,2025-05-17,True,False,3,4,4,12,137.56
4344,Referrals,2025-03-28,2025-04-05,False,True,7,11,14,4,1506.66
4345,Organic Search,2025-06-04,2025-06-08,False,True,6,7,10,6,636.23
4346,Organic Search,2025-04-23,2025-05-06,False,True,3,8,11,6,827.62
4347,Social Media,2025-02-06,2025-02-20,True,False,1,2,2,8,50.99
4348,Social Media,2025-02-25,,True,False,0,0,0,8,0.0
4349,Paid Ads,2025-02-21,,False,True,0,0,0,12,0.0
4350,Referrals,2025-03-21,2025-03-26,False,True,7,12,15,4,1719.89
4351,Social Media,2025-06-06,,True,False,0,0,0,8,0.0
4352,Paid Ads,2025-05-12,2025-05-13,False,True,4,7,14,12,685.06
4353,Social Media,2025-03-01,,True,False,0,0,0,8,0.0
4354,Organic Search,2025-04-12,,False,True,0,0,0,6,0.0
4355,Referrals,2025-02-06,2025-02-10,True,False,1,1,1,4,115.15
4356,Paid Ads,2025-06-02,,True,False,0,0,0,12,0.0
4357,Paid Ads,2025-05-20,,True,False,0,0,0,12,0.0
4358,Referrals,2025-05-25,,False,True,0,0,0,4,0.0
4359,Social Media,2025-05-23,2025-05-28,True,False,1,2,2,8,99.49
4360,Organic Search,2025-05-08,2025-05-15,False,True,6,9,13,6,1094.76
4361,Social Media,2025-05-09,2025-05-14,True,False,2,3,3,8,120.72
4362,Social Media,2025-04-17,,True,False,0,0,0,8,0.0
4363,Social Media,2025-04-05,,True,False,0,0,0,8,0.0
4364,Paid Ads,2025-06-21,,False,True,0,0,0,12,0.0
4365,Paid Ads,2025-05-10,2025-05-21,True,False,2,2,2,12,94.55
4366,Paid Ads,2025-03-01,2025-03-04,True,False,2,2,2,12,118.77
4367,Social Media,2025-05-21,,False,True,0,0,0,8,0.0
4368,Referrals,2025-03-04,2025-03-12,False,True,1,4,8,4,703.3
4369,Referrals,2025-04-25,2025-05-03,False,True,2,9,12,4,1205.76
4370,Organic Search,2025-06-03,,False,True,0,0,0,6,0.0
4371,Social Media,2025-05-07,,False,True,0,0,0,8,0.0
4372,Paid Ads,2025-01-09,,True,False,0,0,0,12,0.0
4373,Paid Ads,2025-06-29,2025-07-13,True,False,1,1,1,12,25.56
4374,Social Media,2025-06-14,,True,False,0,0,0,8,0.0
4375,Paid Ads,2025-04-25,2025-05-09,True,False,3,3,3,12,101.08
4376,Organic Search,2025-02-13,2025-02-17,True,False,1,1,1,6,78.12
4377,Paid Ads,2025-05-19,,False,True,0,0,0,12,0.0
4378,Social Media,2025-04-01,2025-04-11,True,False,1,1,1,8,35.79
4379,Paid Ads,2025-05-28,,True,False,0,0,0,12,0.0
4380,Referrals,2025-05-30,2025-06-03,True,False,3,4,4,4,304.14
4381,Referrals,2025-04-24,2025-05-06,False,True,4,6,7,4,647.48
4382,Paid Ads,2025-04-14,,True,False,0,0,0,12,0.0
4383,Social Media,2025-02-19,,False,True,0,0,0,8,0.0
4384,Referrals,2025-06-17,2025-07-01,False,True,6,10,16,4,1278.43
4385,Referrals,2025-04-20,,False,True,0,0,0,4,0.0
4386,Paid Ads,2025-06-15,,True,False,0,0,0,12,0.0
4387,Organic Search,2025-03-06,2025-03-15,False,True,6,10,11,6,671.85
4388,Organic Search,2025-03-07,2025-03-20,False,True,7,10,12,6,649.25
4389,Organic Search,2025-01-02,2025-01-15,False,True,1,4,5,6,395.03
4390,Paid Ads,2025-03-22,,True,False,0,0,0,12,0.0
4391,Paid Ads,2025-02-04,2025-02-11,True,False,2,2,2,12,89.91
4392,Paid Ads,2025-04-06,2025-04-19,True,False,2,3,3,12,174.86
4393,Organic Search,2025-01-29,,False,True,0,0,0,6,0.0
4394,Organic Search,2025-04-28,2025-05-08,False,True,4,7,8,6,388.23
4395,Paid Ads,2025-04-02,2025-04-04,True,False,3,3,3,12,140.5
4396,Social Media,2025-04-15,,True,False,0,0,0,8,0.0
4397,Paid Ads,2025-01-19,,True,False,0,0,0,12,0.0
4398,Paid Ads,2025-05-20,2025-05-31,False,True,6,10,17,12,766.43
4399,Referrals,2025-02-18,2025-02-28,False,True,2,4,8,4,686.64
4400,Paid Ads,2025-04-21,,True,False,0,0,0,12,0.0
4401,Organic Search,2025-02-21,,False,True,0,0,0,6,0.0
4402,Organic Search,2025-04-13,2025-04-15,False,True,2,5,8,6,575.7
4403,Referrals,2025-02-23,2025-02-24,True,False,3,4,4,4,485.99
4404,Referrals,2025-01-12,2025-01-16,False,True,6,13,19,4,2212.24
4405,Referrals,2025-01-14,2025-01-23,False,True,6,9,10,4,1033.73
4406,Social Media,2025-05-12,,False,True,0,0,0,8,0.0
4407,Referrals,2025-04-17,2025-04-19,False,True,6,11,18,4,1636.08
4408,Paid Ads,2025-02-28,,False,True,0,0,0,12,0.0
4409,Referrals,2025-01-17,2025-01-24,False,True,1,5,7,4,608.08
4410,Referrals,2025-06-17,2025-06-28,False,True,7,9,10,4,1033.06
4411,Social Media,2025-06-15,,True,False,0,0,0,8,0.0
4412,Social Media,2025-05-13,,False,True,0,0,0,8,0.0
4413,Organic Search,2025-02-02,2025-02-13,True,False,2,2,2,6,137.59
4414,Organic Search,2025-04-12,,False,True,0,0,0,6,0.0
4415,Paid Ads,2025-04-16,2025-04-25,False,True,2,5,6,12,227.16
4416,Referrals,2025-01-20,2025-01-24,False,True,2,6,7,4,633.92
4417,Referrals,2025-02-15,,False,True,0,0,0,4,0.0
4418,Referrals,2025-05-30,2025-06-13,False,True,7,13,19,4,1714.97
4419,Paid Ads,2025-02-27,2025-03-13,True,False,1,1,1,12,44.53
4420,Paid Ads,2025-03-19,,True,False,0,0,0,12,0.0
4421,Referrals,2025-06-12,,False,True,0,0,0,4,0.0
4422,Organic Search,2025-06-07,,True,False,0,0,0,6,0.0
4423,Paid Ads,2025-05-06,,True,False,0,0,0,12,0.0
4424,Social Media,2025-05-14,2025-05-15,True,False,1,2,2,8,64.91
4425,Social Media,2025-03-05,,True,False,0,0,0,8,0.0
4426,Organic Search,2025-05-28,,False,True,0,0,0,6,0.0
4427,Organic Search,2025-02-04,2025-02-07,True,False,1,1,1,6,43.94
4428,Organic Search,2025-06-06,2025-06-13,False,True,6,10,11,6,879.25
4429,Organic Search,2025-03-19,2025-03-24,True,False,1,1,1,6,100.12
4430,Paid Ads,2025-02-22,2025-03-01,False,True,2,5,12,12,635.59
4431,Paid Ads,2025-04-11,,True,False,0,0,0,12,0.0
4432,Referrals,2025-01-13,2025-01-16,False,True,5,12,17,4,1240.2
4433,Referrals,2025-03-25,2025-04-06,False,True,4,10,11,4,957.0
4434,Social Media,2025-03-17,2025-03-29,True,False,1,2,2,8,42.71
4435,Paid Ads,2025-01-20,2025-01-25,True,False,1,1,1,12,41.8
4436,Organic Search,2025-02-12,,True,False,0,0,0,6,0.0
4437,Paid Ads,2025-05-25,2025-05-31,True,False,3,4,4,12,175.52
4438,Paid Ads,2025-01-28,2025-02-11,True,False,2,2,2,12,68.56
4439,Referrals,2025-04-16,2025-04-25,False,True,7,10,15,4,1861.77
4440,Organic Search,2025-04-03,,False,True,0,0,0,6,0.0
4441,Social Media,2025-06-17,,False,True,0,0,0,8,0.0
4442,Paid Ads,2025-03-30,2025-04-06,True,False,2,3,3,12,150.14
4443,Paid Ads,2025-06-08,,True,False,0,0,0,12,0.0
4444,Referrals,2025-01-16,2025-01-30,True,False,2,3,3,4,263.45
4445,Paid Ads,2025-04-11,,False,True,0,0,0,12,0.0
4446,Referrals,2025-02-01,2025-02-02,True,False,2,2,2,4,202.47
4447,Referrals,2025-06-15,2025-06-29,False,True,5,9,16,4,1439.55
4448,Paid Ads,2025-05-24,,True,False,0,0,0,12,0.0
4449,Paid Ads,2025-06-29,,True,False,0,0,0,12,0.0
4450,Referrals,2025-03-06,2025-03-15,True,False,2,3,3,4,292.5
4451,Organic Search,2025-05-25,2025-05-27,True,False,2,2,2,6,173.92
4452,Paid Ads,2025-03-17,,True,False,0,0,0,12,0.0
4453,Social Media,2025-03-09,,True,False,0,0,0,8,0.0
4454,Organic Search,2025-03-22,2025-04-05,False,True,2,9,12,6,1046.38
4455,Paid Ads,2025-01-12,,False,True,0,0,0,12,0.0
4456,Referrals,2025-04-22,2025-04-24,False,True,3,8,9,4,764.95
4457,Organic Search,2025-01-22,,True,False,0,0,0,6,0.0
4458,Referrals,2025-03-23,2025-04-06,False,True,2,9,12,4,957.13
4459,Organic Search,2025-02-13,2025-02-18,False,True,2,5,9,6,391.07
4460,Organic Search,2025-02-11,2025-02-13,False,True,3,8,9,6,608.47
4461,Social Media,2025-03-08,,True,False,0,0,0,8,0.0
4462,Organic Search,2025-04-25,,False,True,0,0,0,6,0.0
4463,Referrals,2025-01-04,2025-01-09,True,False,2,3,3,4,337.24
4464,Paid Ads,2025-05-05,2025-05-12,True,False,3,3,3,12,159.16
4465,Paid Ads,2025-04-30,,True,False,0,0,0,12,0.0
4466,Organic Search,2025-06-25,,True,False,0,0,0,6,0.0
4467,Paid Ads,2025-06-06,,False,True,0,0,0,12,0.0
4468,Referrals,2025-03-05,2025-03-15,True,False,1,1,1,4,66.43
4469,Referrals,2025-01-29,2025-02-07,True,False,3,3,3,4,243.37
4470,Social Media,2025-01-04,,True,False,0,0,0,8,0.0
4471,Organic Search,2025-02-22,,True,False,0,0,0,6,0.0
4472,Paid Ads,2025-04-01,,True,False,0,0,0,12,0.0
4473,Referrals,2025-04-22,,False,True,0,0,0,4,0.0
4474,Paid Ads,2025-05-16,2025-05-26,False,True,7,10,15,12,534.86
4475,Paid Ads,2025-03-14,,True,False,0,0,0,12,0.0
4476,Paid Ads,2025-02-05,2025-02-13,False,True,7,12,16,12,643.95
4477,Social Media,2025-03-06,2025-03-19,True,False,1,2,2,8,59.53
4478,Paid Ads,2025-03-24,2025-04-05,False,True,7,10,15,12,812.14
4479,Organic Search,2025-03-08,,False,True,0,0,0,6,0.0
4480,Referrals,2025-02-01,2025-02-14,False,True,2,5,8,4,967.46
4481,Paid Ads,2025-05-28,,True,False,0,0,0,12,0.0
4482,Referrals,2025-01-06,,False,True,0,0,0,4,0.0
4483,Paid Ads,2025-03-27,2025-04-02,True,False,3,3,3,12,125.33
4484,Paid Ads,2025-06-15,,False,True,0,0,0,12,0.0
4485,Social Media,2025-06-16,2025-06-18,False,True,7,9,14,8,634.24
4486,Paid Ads,2025-03-13,,True,False,0,0,0,12,0.0
4487,Referrals,2025-01-10,2025-01-18,True,False,3,4,4,4,368.6
4488,Social Media,2025-05-24,,True,False,0,0,0,8,0.0
4489,Referrals,2025-02-20,2025-03-01,True,False,2,3,3,4,437.3
4490,Organic Search,2025-03-23,,True,False,0,0,0,6,0.0
4491,Referrals,2025-01-14,2025-01-27,False,True,6,12,13,4,911.4
4492,Paid Ads,2025-05-12,,False,True,0,0,0,12,0.0
4493,Referrals,2025-03-19,2025-03-20,False,True,6,9,14,4,1121.03
4494,Referrals,2025-05-28,2025-05-29,False,True,3,9,10,4,953.48
4495,Organic Search,2025-06-04,2025-06-17,True,False,2,3,3,6,278.61
4496,Paid Ads,2025-02-20,,True,False,0,0,0,12,0.0
4497,Organic Search,2025-06-03,2025-06-15,False,True,7,11,16,6,1081.82
4498,Referrals,2025-04-22,2025-04-23,False,True,6,11,12,4,1715.11
4499,Paid Ads,2025-05-05,2025-05-16,False,True,4,8,11,12,587.1
4500,Paid Ads,2025-01-27,,False,True,0,0,0,12,0.0
4501,Referrals,2025-03-11,2025-03-14,False,True,3,8,13,4,1128.11
4502,Organic Search,2025-03-31,2025-04-05,False,True,1,6,7,6,472.75
4503,Referrals,2025-02-13,2025-02-19,False,True,6,12,15,4,1510.26
4504,Organic Search,2025-04-15,2025-04-19,True,False,1,2,2,6,131.56
4505,Paid Ads,2025-05-17,2025-05-28,True,False,3,4,4,12,165.24
4506,Paid Ads,2025-06-09,,True,False,0,0,0,12,0.0
4507,Social Media,2025-03-10,,False,True,0,0,0,8,0.0
4508,Social Media,2025-05-01,,True,False,0,0,0,8,0.0
4509,Organic Search,2025-02-14,,True,False,0,0,0,6,0.0
4510,Referrals,2025-03-14,2025-03-17,False,True,2,3,10,4,505.4
4511,Referrals,2025-05-24,2025-05-27,True,False,3,4,4,4,396.28
4512,Social Media,2025-05-02,2025-05-07,True,False,2,2,2,8,85.58
4513,Organic Search,2025-01-11,,False,True,0,0,0,6,0.0
4514,Social Media,2025-03-14,,False,True,0,0,0,8,0.0
4515,Paid Ads,2025-02-15,,False,True,0,0,0,12,0.0
4516,Paid Ads,2025-06-03,2025-06-07,True,False,1,1,1,12,27.9
4517,Paid Ads,2025-03-02,2025-03-15,True,False,2,2,2,12,94.22
4518,Paid Ads,2025-03-25,2025-03-29,False,True,5,11,18,12,907.38
4519,Social Media,2025-01-04,,True,False,0,0,0,8,0.0
4520,Social Media,2025-06-07,,True,False,0,0,0,8,0.0
4521,Paid Ads,2025-06-09,2025-06-22,True,False,2,3,3,12,133.46
4522,Social Media,2025-04-18,,True,False,0,0,0,8,0.0
4523,Social Media,2025-02-04,2025-02-15,True,False,2,3,3,8,132.25
4524,Paid Ads,2025-02-15,,True,False,0,0,0,12,0.0
4525,Organic Search,2025-02-24,2025-03-10,False,True,7,14,20,6,1595.51
4526,Organic Search,2025-01-05,2025-01-19,True,False,2,3,3,6,211.84
4527,Organic Search,2025-02-24,,False,True,0,0,0,6,0.0
4528,Paid Ads,2025-03-26,,True,False,0,0,0,12,0.0
4529,Paid Ads,2025-06-10,2025-06-22,False,True,7,9,10,12,413.43
4530,Social Media,2025-05-27,,True,False,0,0,0,8,0.0
4531,Referrals,2025-06-19,2025-06-30,False,True,4,9,13,4,1493.52
4532,Organic Search,2025-01-06,2025-01-18,False,True,1,5,8,6,533.17
4533,Paid Ads,2025-04-22,,True,False,0,0,0,12,0.0
4534,Organic Search,2025-03-06,2025-03-10,False,True,7,10,16,6,1330.4
4535,Social Media,2025-02-06,,True,False,0,0,0,8,0.0
4536,Referrals,2025-02-17,2025-03-02,True,False,3,3,3,4,244.42
4537,Organic Search,2025-03-23,2025-03-24,False,True,3,8,10,6,760.95
4538,Organic Search,2025-03-15,,True,False,0,0,0,6,0.0
4539,Social Media,2025-05-24,,True,False,0,0,0,8,0.0
4540,Paid Ads,2025-02-09,,True,False,0,0,0,12,0.0
4541,Organic Search,2025-01-05,,False,True,0,0,0,6,0.0
4542,Referrals,2025-03-06,2025-03-09,False,True,6,10,12,4,1477.74
4543,Organic Search,2025-05-20,,False,True,0,0,0,6,0.0
4544,Organic Search,2025-05-19,2025-05-21,True,False,3,3,3,6,177.65
4545,Referrals,2025-05-16,2025-05-21,False,True,1,2,8,4,894.39
4546,Paid Ads,2025-02-15,,False,True,0,0,0,12,0.0
4547,Paid Ads,2025-01-05,,True,False,0,0,0,12,0.0
4548,Referrals,2025-05-30,2025-06-12,False,True,4,10,17,4,1811.8
4549,Referrals,2025-06-16,,True,False,0,0,0,4,0.0
4550,Paid Ads,2025-06-12,,True,False,0,0,0,12,0.0
4551,Referrals,2025-06-10,,False,True,0,0,0,4,0.0
4552,Social Media,2025-02-24,2025-02-25,False,True,6,8,10,8,286.66
4553,Referrals,2025-03-05,2025-03-19,False,True,5,6,12,4,1141.74
4554,Referrals,2025-05-23,2025-05-25,False,True,5,6,10,4,1118.15
4555,Referrals,2025-01-20,2025-01-26,False,True,5,11,13,4,1674.56
4556,Organic Search,2025-03-21,2025-03-28,False,True,1,4,9,6,591.82
4557,Referrals,2025-06-04,2025-06-09,True,False,1,2,2,4,190.52
4558,Referrals,2025-04-29,2025-05-08,True,False,2,3,3,4,278.17
4559,Organic Search,2025-03-12,,False,True,0,0,0,6,0.0
4560,Referrals,2025-01-10,2025-01-15,False,True,6,11,18,4,1965.21
4561,Paid Ads,2025-01-09,2025-01-10,True,False,1,2,2,12,79.07
4562,Social Media,2025-06-05,,True,False,0,0,0,8,0.0
4563,Organic Search,2025-06-03,2025-06-15,True,False,3,3,3,6,251.41
4564,Organic Search,2025-04-22,,False,True,0,0,0,6,0.0
4565,Paid Ads,2025-02-13,,False,True,0,0,0,12,0.0
4566,Paid Ads,2025-05-28,,False,True,0,0,0,12,0.0
4567,Referrals,2025-03-08,2025-03-18,True,False,1,2,2,4,168.37
4568,Referrals,2025-04-03,2025-04-05,False,True,2,3,4,4,451.77
4569,Organic Search,2025-02-12,2025-02-17,False,True,5,12,16,6,963.32
4570,Paid Ads,2025-01-31,2025-02-11,True,False,2,3,3,12,123.19
4571,Social Media,2025-04-29,,True,False,0,0,0,8,0.0
4572,Paid Ads,2025-02-06,2025-02-12,True,False,3,3,3,12,117.31
4573,Paid Ads,2025-04-10,,False,True,0,0,0,12,0.0
4574,Paid Ads,2025-02-27,,False,True,0,0,0,12,0.0
4575,Paid Ads,2025-02-12,,False,True,0,0,0,12,0.0
4576,Organic Search,2025-03-26,,False,True,0,0,0,6,0.0
4577,Paid Ads,2025-06-18,2025-06-29,True,False,1,2,2,12,102.02
4578,Paid Ads,2025-04-08,,True,False,0,0,0,12,0.0
4579,Referrals,2025-05-11,2025-05-18,False,True,2,7,12,4,1288.42
4580,Referrals,2025-03-31,2025-04-11,False,True,1,8,13,4,1308.04
4581,Paid Ads,2025-04-18,2025-04-25,False,True,6,7,9,12,442.07
4582,Organic Search,2025-05-18,,False,True,0,0,0,6,0.0
4583,Organic Search,2025-06-22,,True,False,0,0,0,6,0.0
4584,Social Media,2025-05-30,,False,True,0,0,0,8,0.0
4585,Paid Ads,2025-05-23,,True,False,0,0,0,12,0.0
4586,Paid Ads,2025-01-27,,True,False,0,0,0,12,0.0
4587,Referrals,2025-04-08,,False,True,0,0,0,4,0.0
4588,Social Media,2025-03-31,2025-04-10,True,False,1,2,2,8,63.51
4589,Referrals,2025-02-27,,False,True,0,0,0,4,0.0
4590,Paid Ads,2025-06-24,2025-07-07,True,False,2,3,3,12,176.74
4591,Organic Search,2025-06-25,2025-07-02,False,True,3,10,11,6,757.08
4592,Social Media,2025-03-11,,True,False,0,0,0,8,0.0
4593,Paid Ads,2025-03-18,,True,False,0,0,0,12,0.0
4594,Social Media,2025-06-09,,True,False,0,0,0,8,0.0
4595,Referrals,2025-01-25,2025-02-07,False,True,7,12,14,4,1366.07
4596,Organic Search,2025-01-03,,True,False,0,0,0,6,0.0
4597,Organic Search,2025-04-03,2025-04-14,False,True,6,10,11,6,762.03
4598,Paid Ads,2025-03-07,2025-03-11,True,False,1,1,1,12,38.69
4599,Organic Search,2025-06-04,,True,False,0,0,0,6,0.0
4600,Paid Ads,2025-01-11,2025-01-23,True,False,2,3,3,12,128.14
4601,Organic Search,2025-05-29,2025-06-05,True,False,1,1,1,6,65.47
4602,Organic Search,2025-06-14,2025-06-24,True,False,2,3,3,6,262.18
4603,Social Media,2025-06-28,,True,False,0,0,0,8,0.0
4604,Social Media,2025-01-03,2025-01-11,True,False,1,2,2,8,81.08
4605,Paid Ads,2025-04-04,,False,True,0,0,0,12,0.0
4606,Referrals,2025-03-02,,False,True,0,0,0,4,0.0
4607,Organic Search,2025-06-18,,False,True,0,0,0,6,0.0
4608,Organic Search,2025-02-15,,True,False,0,0,0,6,0.0
4609,Organic Search,2025-06-18,,True,False,0,0,0,6,0.0
4610,Referrals,2025-04-01,2025-04-15,True,False,2,2,2,4,227.39
4611,Social Media,2025-04-12,2025-04-25,True,False,1,1,1,8,20.7
4612,Social Media,2025-01-21,,True,False,0,0,0,8,0.0
4613,Social Media,2025-04-11,,False,True,0,0,0,8,0.0
4614,Organic Search,2025-02-08,,False,True,0,0,0,6,0.0
4615,Paid Ads,2025-05-21,2025-06-03,True,False,2,2,2,12,70.62
4616,Organic Search,2025-03-13,2025-03-27,True,False,3,3,3,6,168.96
4617,Referrals,2025-05-30,2025-06-13,True,False,3,4,4,4,496.53
4618,Referrals,2025-02-21,2025-03-03,False,True,6,12,16,4,1646.27
4619,Paid Ads,2025-03-24,,True,False,0,0,0,12,0.0
4620,Paid Ads,2025-03-14,2025-03-17,True,False,3,4,4,12,207.09
4621,Referrals,2025-03-19,2025-03-27,False,True,5,9,11,4,1226.65
4622,Referrals,2025-05-20,2025-05-25,False,True,7,12,13,4,1335.36
4623,Social Media,2025-02-09,,False,True,0,0,0,8,0.0
4624,Organic Search,2025-03-30,2025-04-10,False,True,7,9,12,6,817.13
4625,Social Media,2025-02-24,2025-03-10,True,False,1,2,2,8,121.45
4626,Referrals,2025-04-02,2025-04-16,True,False,2,3,3,4,223.78
4627,Paid Ads,2025-03-08,2025-03-18,True,False,3,3,3,12,138.67
4628,Referrals,2025-06-19,2025-06-29,False,True,6,10,11,4,1145.56
4629,Social Media,2025-06-16,2025-06-20,True,False,3,3,3,8,102.6
4630,Social Media,2025-05-10,,True,False,0,0,0,8,0.0
4631,Paid Ads,2025-04-25,2025-05-09,True,False,2,2,2,12,84.83
4632,Paid Ads,2025-04-07,,True,False,0,0,0,12,0.0
4633,Paid Ads,2025-03-28,2025-04-09,True,False,2,3,3,12,124.76
4634,Organic Search,2025-02-21,2025-02-24,False,True,2,5,12,6,539.17
4635,Referrals,2025-03-29,,False,True,0,0,0,4,0.0
4636,Referrals,2025-01-07,,True,False,0,0,0,4,0.0
4637,Referrals,2025-03-06,2025-03-15,False,True,5,11,13,4,956.02
4638,Social Media,2025-06-09,2025-06-20,True,False,3,3,3,8,103.22
4639,Paid Ads,2025-05-11,,False,True,0,0,0,12,0.0
4640,Social Media,2025-03-02,2025-03-09,True,False,1,2,2,8,89.99
4641,Paid Ads,2025-05-12,,False,True,0,0,0,12,0.0
4642,Paid Ads,2025-05-30,2025-06-01,False,True,6,10,16,12,890.52
4643,Paid Ads,2025-02-25,,True,False,0,0,0,12,0.0
4644,Referrals,2025-02-09,2025-02-18,False,True,2,8,10,4,970.27
4645,Organic Search,2025-06-21,2025-06-24,True,False,1,2,2,6,126.71
4646,Paid Ads,2025-01-10,,True,False,0,0,0,12,0.0
4647,Organic Search,2025-03-15,2025-03-16,True,False,3,3,3,6,72.0
4648,Organic Search,2025-01-05,,False,True,0,0,0,6,0.0
4649,Referrals,2025-01-26,2025-02-04,False,True,3,5,9,4,511.29
4650,Paid Ads,2025-04-29,,True,False,0,0,0,12,0.0
4651,Paid Ads,2025-02-05,,True,False,0,0,0,12,0.0
4652,Referrals,2025-05-30,2025-06-12,False,True,7,10,13,4,848.86
4653,Organic Search,2025-02-06,,False,True,0,0,0,6,0.0
4654,Paid Ads,2025-06-29,2025-07-03,True,False,2,3,3,12,103.11
4655,Organic Search,2025-03-07,,False,True,0,0,0,6,0.0
4656,Paid Ads,2025-03-26,2025-04-05,True,False,1,1,1,12,52.13
4657,Organic Search,2025-03-07,2025-03-15,True,False,3,4,4,6,219.92
4658,Paid Ads,2025-02-16,2025-02-21,False,True,6,10,14,12,813.85
4659,Social Media,2025-06-22,2025-07-02,True,False,1,2,2,8,90.16
4660,Paid Ads,2025-05-20,2025-05-22,True,False,3,3,3,12,147.5
4661,Social Media,2025-01-26,,True,False,0,0,0,8,0.0
4662,Social Media,2025-01-02,,True,False,0,0,0,8,0.0
4663,Social Media,2025-06-16,2025-06-18,True,False,1,1,1,8,41.9
4664,Referrals,2025-01-11,,True,False,0,0,0,4,0.0
4665,Referrals,2025-02-26,2025-03-04,False,True,1,6,10,4,1112.22
4666,Social Media,2025-06-06,,False,True,0,0,0,8,0.0
4667,Referrals,2025-06-15,2025-06-27,False,True,1,3,9,4,955.0
4668,Referrals,2025-04-29,2025-05-03,False,True,2,8,10,4,904.73
4669,Paid Ads,2025-06-29,,False,True,0,0,0,12,0.0
4670,Paid Ads,2025-06-19,2025-06-22,True,False,2,2,2,12,75.52
4671,Paid Ads,2025-02-07,2025-02-13,False,True,1,7,13,12,527.47
4672,Social Media,2025-04-12,,True,False,0,0,0,8,0.0
4673,Social Media,2025-05-06,,False,True,0,0,0,8,0.0
4674,Paid Ads,2025-04-05,2025-04-17,True,False,1,1,1,12,21.05
4675,Paid Ads,2025-06-10,,True,False,0,0,0,12,0.0
4676,Referrals,2025-01-05,2025-01-11,False,True,7,14,18,4,1893.31
4677,Organic Search,2025-01-25,2025-02-04,False,True,2,3,9,6,610.71
4678,Paid Ads,2025-04-25,2025-05-04,True,False,2,3,3,12,105.22
4679,Organic Search,2025-03-23,2025-04-06,False,True,7,14,15,6,1343.24
4680,Organic Search,2025-05-13,2025-05-23,True,False,3,4,4,6,344.26
4681,Social Media,2025-01-27,2025-02-04,True,False,3,4,4,8,120.4
4682,Social Media,2025-04-16,2025-04-22,True,False,3,3,3,8,97.48
4683,Paid Ads,2025-06-05,2025-06-10,True,False,1,1,1,12,47.69
4684,Social Media,2025-03-06,,True,False,0,0,0,8,0.0
4685,Referrals,2025-02-10,2025-02-19,False,True,7,11,14,4,1112.75
4686,Paid Ads,2025-06-23,2025-06-26,True,False,1,2,2,12,60.67
4687,Referrals,2025-05-17,,False,True,0,0,0,4,0.0
4688,Social Media,2025-02-21,,False,True,0,0,0,8,0.0
4689,Social Media,2025-06-18,2025-06-21,True,False,2,2,2,8,91.7
4690,Paid Ads,2025-03-09,,True,False,0,0,0,12,0.0
4691,Referrals,2025-01-22,2025-02-02,False,True,3,6,8,4,579.76
4692,Paid Ads,2025-06-20,,False,True,0,0,0,12,0.0
4693,Paid Ads,2025-01-24,,False,True,0,0,0,12,0.0
4694,Organic Search,2025-02-14,,False,True,0,0,0,6,0.0
4695,Paid Ads,2025-01-31,2025-02-06,True,False,2,3,3,12,139.75
4696,Paid Ads,2025-02-25,2025-03-07,True,False,1,2,2,12,90.36
4697,Paid Ads,2025-03-13,2025-03-23,False,True,7,14,16,12,672.05
4698,Paid Ads,2025-06-18,,False,True,0,0,0,12,0.0
4699,Social Media,2025-05-31,,True,False,0,0,0,8,0.0
4700,Organic Search,2025-01-13,2025-01-19,True,False,1,1,1,6,63.32
4701,Paid Ads,2025-01-26,2025-02-06,True,False,3,4,4,12,95.46
4702,Organic Search,2025-05-31,,False,True,0,0,0,6,0.0
4703,Organic Search,2025-01-29,,False,True,0,0,0,6,0.0
4704,Referrals,2025-05-31,2025-06-10,False,True,4,5,7,4,656.33
4705,Organic Search,2025-01-19,2025-01-20,False,True,6,12,14,6,907.09
4706,Social Media,2025-04-09,,False,True,0,0,0,8,0.0
4707,Paid Ads,2025-03-06,,True,False,0,0,0,12,0.0
4708,Referrals,2025-03-26,2025-03-30,False,True,2,3,7,4,642.43
4709,Paid Ads,2025-03-14,,False,True,0,0,0,12,0.0
4710,Social Media,2025-06-14,,True,False,0,0,0,8,0.0
4711,Paid Ads,2025-05-09,2025-05-22,True,False,1,2,2,12,124.82
4712,Organic Search,2025-01-25,2025-01-29,False,True,5,9,16,6,1000.82
4713,Paid Ads,2025-06-22,,True,False,0,0,0,12,0.0
4714,Referrals,2025-06-23,2025-06-24,False,True,7,14,18,4,1493.43
4715,Paid Ads,2025-05-07,,True,False,0,0,0,12,0.0
4716,Paid Ads,2025-05-02,,True,False,0,0,0,12,0.0
4717,Paid Ads,2025-03-07,,False,True,0,0,0,12,0.0
4718,Referrals,2025-06-14,2025-06-25,False,True,7,13,20,4,1634.16
4719,Organic Search,2025-02-13,2025-02-20,True,False,3,4,4,6,233.86
4720,Social Media,2025-05-11,2025-05-21,True,False,2,3,3,8,174.03
4721,Paid Ads,2025-02-22,,False,True,0,0,0,12,0.0
4722,Referrals,2025-06-07,,False,True,0,0,0,4,0.0
4723,Organic Search,2025-06-09,2025-06-22,True,False,2,2,2,6,103.14
4724,Social Media,2025-02-17,2025-03-01,True,False,3,3,3,8,112.56
4725,Paid Ads,2025-03-04,2025-03-17,True,False,2,2,2,12,128.4
4726,Referrals,2025-04-30,,True,False,0,0,0,4,0.0
4727,Referrals,2025-04-22,2025-04-26,False,True,7,11,14,4,1389.33
4728,Social Media,2025-05-12,,False,True,0,0,0,8,0.0
4729,Paid Ads,2025-05-14,2025-05-19,True,False,2,2,2,12,68.71
4730,Referrals,2025-03-05,,False,True,0,0,0,4,0.0
4731,Referrals,2025-05-04,2025-05-15,True,False,2,3,3,4,327.97
4732,Referrals,2025-05-23,,False,True,0,0,0,4,0.0
4733,Social Media,2025-02-19,,True,False,0,0,0,8,0.0
4734,Referrals,2025-06-10,,True,False,0,0,0,4,0.0
4735,Organic Search,2025-03-26,,False,True,0,0,0,6,0.0
4736,Social Media,2025-06-01,,True,False,0,0,0,8,0.0
4737,Social Media,2025-04-10,2025-04-22,True,False,3,3,3,8,125.67
4738,Organic Search,2025-01-13,2025-01-16,False,True,2,6,7,6,513.48
4739,Referrals,2025-04-13,,True,False,0,0,0,4,0.0
4740,Referrals,2025-06-26,2025-06-28,False,True,5,12,17,4,1627.51
4741,Organic Search,2025-04-22,,False,True,0,0,0,6,0.0
4742,Social Media,2025-06-21,2025-07-05,False,True,2,8,15,8,710.8
4743,Organic Search,2025-03-02,2025-03-10,False,True,2,9,16,6,1007.07
4744,Paid Ads,2025-02-16,2025-02-22,False,True,7,11,14,12,516.34
4745,Paid Ads,2025-05-28,,False,True,0,0,0,12,0.0
4746,Social Media,2025-02-23,,False,True,0,0,0,8,0.0
4747,Referrals,2025-02-23,2025-02-27,False,True,5,6,13,4,1572.32
4748,Paid Ads,2025-05-01,,True,False,0,0,0,12,0.0
4749,Social Media,2025-01-16,2025-01-28,False,True,2,8,11,8,364.54
4750,Social Media,2025-02-01,,True,False,0,0,0,8,0.0
4751,Organic Search,2025-03-24,2025-03-28,False,True,3,10,12,6,1004.83
4752,Paid Ads,2025-01-31,,True,False,0,0,0,12,0.0
4753,Paid Ads,2025-02-05,,False,True,0,0,0,12,0.0
4754,Referrals,2025-03-03,2025-03-06,True,False,1,1,1,4,81.13
4755,Paid Ads,2025-03-24,2025-04-02,True,False,2,2,2,12,63.61
4756,Social Media,2025-04-24,,True,False,0,0,0,8,0.0
4757,Paid Ads,2025-04-20,,False,True,0,0,0,12,0.0
4758,Social Media,2025-04-02,2025-04-11,True,False,3,4,4,8,166.2
4759,Organic Search,2025-04-10,2025-04-23,False,True,2,5,10,6,750.53
4760,Referrals,2025-01-28,2025-02-08,False,True,1,7,11,4,1264.17
4761,Social Media,2025-06-26,,True,False,0,0,0,8,0.0
4762,Paid Ads,2025-05-20,2025-05-29,False,True,4,10,13,12,744.78
4763,Referrals,2025-01-06,2025-01-17,True,False,3,3,3,4,338.88
4764,Social Media,2025-06-24,,True,False,0,0,0,8,0.0
4765,Social Media,2025-03-05,,True,False,0,0,0,8,0.0
4766,Organic Search,2025-05-19,,False,True,0,0,0,6,0.0
4767,Referrals,2025-01-20,2025-01-28,False,True,3,4,9,4,793.69
4768,Referrals,2025-04-23,2025-04-26,False,True,4,10,16,4,1381.18
4769,Social Media,2025-04-22,,True,False,0,0,0,8,0.0
4770,Paid Ads,2025-06-18,,True,False,0,0,0,12,0.0
4771,Social Media,2025-02-16,2025-02-23,True,False,1,1,1,8,28.71
4772,Referrals,2025-04-16,,False,True,0,0,0,4,0.0
4773,Paid Ads,2025-02-13,2025-02-27,False,True,4,8,12,12,595.49
4774,Organic Search,2025-03-29,,False,True,0,0,0,6,0.0
4775,Referrals,2025-04-25,,False,True,0,0,0,4,0.0
4776,Organic Search,2025-01-31,,False,True,0,0,0,6,0.0
4777,Social Media,2025-05-12,,True,False,0,0,0,8,0.0
4778,Social Media,2025-05-01,2025-05-08,False,True,3,7,11,8,449.23
4779,Paid Ads,2025-03-12,,True,False,0,0,0,12,0.0
4780,Referrals,2025-05-15,2025-05-22,False,True,7,13,18,4,1429.19
4781,Social Media,2025-04-13,,True,False,0,0,0,8,0.0
4782,Social Media,2025-06-24,,True,False,0,0,0,8,0.0
4783,Referrals,2025-01-17,2025-01-30,True,False,1,2,2,4,124.21
4784,Paid Ads,2025-04-08,,True,False,0,0,0,12,0.0
4785,Organic Search,2025-06-17,2025-06-29,True,False,1,1,1,6,38.94
4786,Social Media,2025-06-20,,False,True,0,0,0,8,0.0
4787,Social Media,2025-05-05,,True,False,0,0,0,8,0.0
4788,Paid Ads,2025-05-15,,True,False,0,0,0,12,0.0
4789,Referrals,2025-06-22,2025-07-01,True,False,1,1,1,4,88.5
4790,Organic Search,2025-02-25,2025-03-03,True,False,1,2,2,6,192.59
4791,Paid Ads,2025-03-14,,True,False,0,0,0,12,0.0
4792,Social Media,2025-03-11,,True,False,0,0,0,8,0.0
4793,Social Media,2025-01-08,2025-01-22,True,False,2,2,2,8,78.29
4794,Organic Search,2025-04-24,2025-05-03,False,True,5,10,12,6,722.82
4795,Referrals,2025-03-17,,True,False,0,0,0,4,0.0
4796,Paid Ads,2025-03-31,2025-04-11,False,True,3,9,15,12,667.65
4797,Organic Search,2025-04-01,2025-04-09,False,True,6,7,10,6,551.87
4798,Referrals,2025-06-13,2025-06-14,False,True,3,6,12,4,1015.98
4799,Social Media,2025-03-12,,True,False,0,0,0,8,0.0
4800,Social Media,2025-03-04,,False,True,0,0,0,8,0.0
4801,Paid Ads,2025-03-18,2025-03-30,False,True,3,5,9,12,237.34
4802,Referrals,2025-01-28,2025-02-06,True,False,2,2,2,4,187.82
4803,Referrals,2025-01-23,2025-01-24,False,True,5,8,10,4,1033.74
4804,Paid Ads,2025-04-22,,False,True,0,0,0,12,0.0
4805,Referrals,2025-01-31,,True,False,0,0,0,4,0.0
4806,Referrals,2025-02-15,2025-02-18,False,True,1,4,5,4,601.6
4807,Organic Search,2025-01-28,2025-02-02,False,True,2,6,13,6,1006.58
4808,Referrals,2025-04-10,2025-04-21,False,True,7,13,16,4,1464.46
4809,Paid Ads,2025-06-09,2025-06-20,True,False,3,4,4,12,210.52
4810,Referrals,2025-05-13,2025-05-25,False,True,7,11,15,4,1760.7
4811,Paid Ads,2025-05-30,,True,False,0,0,0,12,0.0
4812,Social Media,2025-01-17,,False,True,0,0,0,8,0.0
4813,Paid Ads,2025-05-12,2025-05-15,True,False,2,3,3,12,160.42
4814,Referrals,2025-03-17,2025-03-26,True,False,2,2,2,4,232.39
4815,Paid Ads,2025-05-27,,False,True,0,0,0,12,0.0
4816,Paid Ads,2025-05-18,2025-05-22,False,True,1,3,10,12,380.04
4817,Organic Search,2025-01-21,2025-01-29,False,True,6,12,17,6,978.13
4818,Paid Ads,2025-06-23,2025-07-07,True,False,3,3,3,12,115.75
4819,Social Media,2025-03-17,,True,False,0,0,0,8,0.0
4820,Social Media,2025-03-29,,True,False,0,0,0,8,0.0
4821,Social Media,2025-04-14,2025-04-17,True,False,1,2,2,8,55.7
4822,Organic Search,2025-03-25,2025-04-05,False,True,2,9,13,6,761.79
4823,Referrals,2025-03-31,,False,True,0,0,0,4,0.0
4824,Social Media,2025-03-17,,True,False,0,0,0,8,0.0
4825,Referrals,2025-03-23,2025-03-25,False,True,3,9,13,4,1102.13
4826,Referrals,2025-01-29,2025-02-08,False,True,5,10,11,4,596.13
4827,Organic Search,2025-03-12,2025-03-17,True,False,3,4,4,6,271.16
4828,Paid Ads,2025-03-12,,True,False,0,0,0,12,0.0
4829,Social Media,2025-01-30,,True,False,0,0,0,8,0.0
4830,Social Media,2025-05-05,,False,True,0,0,0,8,0.0
4831,Paid Ads,2025-03-30,,False,True,0,0,0,12,0.0
4832,Referrals,2025-01-10,2025-01-12,False,True,2,7,8,4,707.92
4833,Social Media,2025-02-12,2025-02-13,True,False,1,2,2,8,63.43
4834,Paid Ads,2025-06-01,,True,False,0,0,0,12,0.0
4835,Social Media,2025-04-10,,True,False,0,0,0,8,0.0
4836,Paid Ads,2025-06-20,,True,False,0,0,0,12,0.0
4837,Social Media,2025-05-29,,False,True,0,0,0,8,0.0
4838,Paid Ads,2025-05-07,,False,True,0,0,0,12,0.0
4839,Organic Search,2025-05-23,,False,True,0,0,0,6,0.0
4840,Organic Search,2025-02-15,,False,True,0,0,0,6,0.0
4841,Social Media,2025-06-03,2025-06-12,True,False,3,3,3,8,120.5
4842,Social Media,2025-02-10,2025-02-12,True,False,2,3,3,8,116.05
4843,Paid Ads,2025-01-21,,False,True,0,0,0,12,0.0
4844,Referrals,2025-01-11,2025-01-24,False,True,6,13,17,4,1603.68
4845,Referrals,2025-02-19,2025-02-25,False,True,1,2,9,4,965.64
4846,Paid Ads,2025-04-20,,False,True,0,0,0,12,0.0
4847,Social Media,2025-06-02,,True,False,0,0,0,8,0.0
4848,Social Media,2025-03-11,2025-03-12,False,True,3,5,10,8,333.58
4849,Paid Ads,2025-04-02,2025-04-06,False,True,3,5,8,12,415.37
4850,Paid Ads,2025-05-11,,True,False,0,0,0,12,0.0
4851,Social Media,2025-04-25,,True,False,0,0,0,8,0.0
4852,Paid Ads,2025-02-25,,False,True,0,0,0,12,0.0
4853,Referrals,2025-05-05,2025-05-12,False,True,1,4,8,4,560.38
4854,Referrals,2025-03-21,2025-03-23,False,True,3,6,8,4,651.16
4855,Referrals,2025-02-05,2025-02-18,False,True,5,9,14,4,1248.34
4856,Organic Search,2025-06-24,2025-07-04,False,True,6,10,12,6,1029.41
4857,Referrals,2025-06-18,2025-06-23,False,True,7,10,16,4,1729.05
4858,Referrals,2025-04-23,2025-05-01,False,True,3,10,15,4,1432.19
4859,Referrals,2025-02-01,2025-02-08,True,False,1,2,2,4,173.58
4860,Referrals,2025-01-12,,False,True,0,0,0,4,0.0
4861,Social Media,2025-05-17,,True,False,0,0,0,8,0.0
4862,Social Media,2025-03-05,,True,False,0,0,0,8,0.0
4863,Referrals,2025-01-23,2025-01-31,False,True,2,9,10,4,751.66
4864,Paid Ads,2025-06-17,,False,True,0,0,0,12,0.0
4865,Referrals,2025-03-27,2025-04-10,False,True,2,5,10,4,1090.86
4866,Social Media,2025-01-01,,False,True,0,0,0,8,0.0
4867,Referrals,2025-03-21,2025-03-26,False,True,6,7,9,4,744.25
4868,Social Media,2025-01-23,2025-02-05,True,False,2,2,2,8,53.57
4869,Paid Ads,2025-04-21,,False,True,0,0,0,12,0.0
4870,Referrals,2025-05-26,2025-05-30,True,False,3,3,3,4,309.51
4871,Social Media,2025-04-09,,True,False,0,0,0,8,0.0
4872,Paid Ads,2025-06-16,2025-06-30,True,False,2,3,3,12,152.22
4873,Organic Search,2025-02-08,2025-02-12,True,False,1,1,1,6,69.42
4874,Referrals,2025-04-19,2025-04-24,False,True,6,9,12,4,1078.74
4875,Organic Search,2025-01-31,2025-02-09,False,True,2,4,6,6,341.6
4876,Paid Ads,2025-05-12,,False,True,0,0,0,12,0.0
4877,Paid Ads,2025-01-04,2025-01-15,False,True,3,7,10,12,559.07
4878,Organic Search,2025-04-28,,False,True,0,0,0,6,0.0
4879,Paid Ads,2025-06-25,2025-06-26,False,True,6,7,10,12,335.83
4880,Paid Ads,2025-01-04,,True,False,0,0,0,12,0.0
4881,Paid Ads,2025-06-24,2025-06-30,True,False,3,4,4,12,149.61
4882,Organic Search,2025-03-01,,False,True,0,0,0,6,0.0
4883,Referrals,2025-01-28,2025-02-05,True,False,1,2,2,4,248.11
4884,Referrals,2025-01-05,,False,True,0,0,0,4,0.0
4885,Referrals,2025-04-03,,False,True,0,0,0,4,0.0
4886,Referrals,2025-05-17,2025-05-28,False,True,2,7,10,4,721.26
4887,Paid Ads,2025-04-29,,True,False,0,0,0,12,0.0
4888,Social Media,2025-03-28,,True,False,0,0,0,8,0.0
4889,Paid Ads,2025-06-23,,True,False,0,0,0,12,0.0
4890,Social Media,2025-03-27,,False,True,0,0,0,8,0.0
4891,Social Media,2025-05-15,2025-05-17,False,True,5,9,16,8,502.29
4892,Paid Ads,2025-05-17,,False,True,0,0,0,12,0.0
4893,Organic Search,2025-01-28,,True,False,0,0,0,6,0.0
4894,Paid Ads,2025-03-08,,True,False,0,0,0,12,0.0
4895,Organic Search,2025-06-29,,True,False,0,0,0,6,0.0
4896,Referrals,2025-05-12,2025-05-18,False,True,5,7,12,4,1171.43
4897,Organic Search,2025-06-24,,True,False,0,0,0,6,0.0
4898,Organic Search,2025-04-30,2025-05-06,False,True,1,5,12,6,1013.85
4899,Paid Ads,2025-01-26,2025-02-04,False,True,3,9,12,12,512.21
4900,Organic Search,2025-02-20,2025-02-28,False,True,2,3,9,6,764.09
4901,Organic Search,2025-04-02,,False,True,0,0,0,6,0.0
4902,Referrals,2025-01-08,2025-01-15,True,False,1,1,1,4,76.72
4903,Social Media,2025-06-25,,True,False,0,0,0,8,0.0
4904,Social Media,2025-02-03,,True,False,0,0,0,8,0.0
4905,Referrals,2025-04-05,2025-04-10,False,True,7,14,16,4,1807.82
4906,Paid Ads,2025-01-10,,True,False,0,0,0,12,0.0
4907,Paid Ads,2025-02-09,2025-02-22,False,True,1,7,9,12,614.65
4908,Paid Ads,2025-05-04,2025-05-08,False,True,2,5,8,12,288.19
4909,Organic Search,2025-06-06,2025-06-19,False,True,4,7,13,6,807.59
4910,Paid Ads,2025-06-17,,True,False,0,0,0,12,0.0
4911,Referrals,2025-01-24,2025-01-27,False,True,2,7,10,4,1158.22
4912,Paid Ads,2025-06-01,2025-06-12,True,False,2,3,3,12,74.45
4913,Paid Ads,2025-06-03,2025-06-17,False,True,7,11,12,12,588.88
4914,Organic Search,2025-03-27,,False,True,0,0,0,6,0.0
4915,Paid Ads,2025-04-12,,False,True,0,0,0,12,0.0
4916,Referrals,2025-02-06,2025-02-12,True,False,2,3,3,4,332.09
4917,Social Media,2025-04-04,,True,False,0,0,0,8,0.0
4918,Referrals,2025-05-28,,False,True,0,0,0,4,0.0
4919,Social Media,2025-01-22,2025-02-03,False,True,6,13,14,8,520.15
4920,Referrals,2025-05-05,2025-05-06,True,False,3,4,4,4,372.43
4921,Paid Ads,2025-04-29,2025-05-06,True,False,3,4,4,12,148.26
4922,Organic Search,2025-04-16,,False,True,0,0,0,6,0.0
4923,Paid Ads,2025-05-16,,True,False,0,0,0,12,0.0
4924,Organic Search,2025-01-22,,False,True,0,0,0,6,0.0
4925,Paid Ads,2025-05-14,,False,True,0,0,0,12,0.0
4926,Organic Search,2025-02-13,,False,True,0,0,0,6,0.0
4927,Organic Search,2025-02-22,2025-02-24,False,True,6,11,18,6,1449.74
4928,Organic Search,2025-04-01,2025-04-08,False,True,7,12,14,6,1053.86
4929,Organic Search,2025-02-11,2025-02-17,True,False,1,2,2,6,158.64
4930,Referrals,2025-03-23,2025-03-25,False,True,5,7,12,4,1562.89
4931,Paid Ads,2025-02-23,2025-03-03,True,False,1,1,1,12,42.58
4932,Organic Search,2025-06-23,,False,True,0,0,0,6,0.0
4933,Referrals,2025-06-03,2025-06-12,True,False,2,2,2,4,178.54
4934,Paid Ads,2025-05-11,,True,False,0,0,0,12,0.0
4935,Social Media,2025-01-22,2025-02-05,False,True,5,7,13,8,419.97
4936,Organic Search,2025-01-12,2025-01-14,False,True,7,14,21,6,1845.12
4937,Paid Ads,2025-05-16,2025-05-29,True,False,1,1,1,12,53.98
4938,Organic Search,2025-02-15,2025-02-16,False,True,1,5,9,6,696.01
4939,Referrals,2025-03-03,2025-03-10,False,True,1,6,7,4,589.74
4940,Referrals,2025-02-13,2025-02-17,True,False,3,3,3,4,230.83
4941,Referrals,2025-03-22,,False,True,0,0,0,4,0.0
4942,Organic Search,2025-06-12,2025-06-23,False,True,2,5,11,6,658.5
4943,Referrals,2025-05-12,2025-05-26,False,True,6,12,17,4,996.86
4944,Social Media,2025-05-03,,False,True,0,0,0,8,0.0
4945,Paid Ads,2025-06-13,,False,True,0,0,0,12,0.0
4946,Referrals,2025-04-07,2025-04-17,True,False,3,4,4,4,306.52
4947,Referrals,2025-04-23,2025-04-28,False,True,6,8,14,4,1320.56
4948,Social Media,2025-02-24,,True,False,0,0,0,8,0.0
4949,Referrals,2025-03-25,2025-03-26,True,False,3,3,3,4,325.28
4950,Social Media,2025-03-15,,False,True,0,0,0,8,0.0
4951,Referrals,2025-01-03,2025-01-14,False,True,3,10,16,4,1290.79
4952,Paid Ads,2025-05-12,,True,False,0,0,0,12,0.0
4953,Organic Search,2025-02-18,,False,True,0,0,0,6,0.0
4954,Referrals,2025-06-23,,True,False,0,0,0,4,0.0
4955,Organic Search,2025-01-01,2025-01-07,True,False,3,4,4,6,400.79
4956,Referrals,2025-04-14,2025-04-26,False,True,2,9,10,4,983.01
4957,Social Media,2025-05-18,,False,True,0,0,0,8,0.0
4958,Paid Ads,2025-06-26,2025-06-29,True,False,3,4,4,12,164.95
4959,Paid Ads,2025-03-08,,True,False,0,0,0,12,0.0
4960,Organic Search,2025-04-29,2025-05-12,False,True,5,6,8,6,565.34
4961,Organic Search,2025-06-14,,False,True,0,0,0,6,0.0
4962,Social Media,2025-06-10,,True,False,0,0,0,8,0.0
4963,Referrals,2025-02-26,2025-03-12,False,True,1,4,11,4,1259.99
4964,Organic Search,2025-04-21,2025-04-29,True,False,1,2,2,6,130.95
4965,Paid Ads,2025-03-06,,True,False,0,0,0,12,0.0
4966,Paid Ads,2025-03-20,,True,False,0,0,0,12,0.0
4967,Social Media,2025-03-18,2025-03-19,True,False,1,1,1,8,50.66
4968,Social Media,2025-02-28,,True,False,0,0,0,8,0.0
4969,Organic Search,2025-05-09,,True,False,0,0,0,6,0.0
4970,Paid Ads,2025-03-12,,False,True,0,0,0,12,0.0
4971,Paid Ads,2025-06-18,,True,False,0,0,0,12,0.0
4972,Referrals,2025-03-21,,False,True,0,0,0,4,0.0
4973,Paid Ads,2025-02-23,,False,True,0,0,0,12,0.0
4974,Social Media,2025-02-26,,False,True,0,0,0,8,0.0
4975,Paid Ads,2025-04-17,2025-04-21,True,False,1,2,2,12,89.98
4976,Social Media,2025-04-09,,True,False,0,0,0,8,0.0
4977,Organic Search,2025-04-30,,False,True,0,0,0,6,0.0
4978,Referrals,2025-04-22,,False,True,0,0,0,4,0.0
4979,Referrals,2025-01-30,2025-02-06,False,True,5,11,14,4,1163.21
4980,Paid Ads,2025-06-12,,True,False,0,0,0,12,0.0
4981,Paid Ads,2025-04-15,2025-04-21,True,False,1,2,2,12,101.54
4982,Paid Ads,2025-04-29,2025-05-08,True,False,2,2,2,12,56.38
4983,Organic Search,2025-04-04,2025-04-16,False,True,1,6,8,6,758.32
4984,Social Media,2025-02-03,,False,True,0,0,0,8,0.0
4985,Social Media,2025-02-20,2025-03-05,False,True,3,8,12,8,382.75
4986,Paid Ads,2025-05-24,2025-06-07,False,True,3,5,10,12,519.54
4987,Organic Search,2025-06-26,2025-07-06,False,True,4,5,8,6,465.55
4988,Paid Ads,2025-04-30,2025-05-04,True,False,3,4,4,12,171.87
4989,Social Media,2025-02-17,,True,False,0,0,0,8,0.0
4990,Social Media,2025-05-29,2025-06-08,False,True,2,4,6,8,242.57
4991,Social Media,2025-06-01,2025-06-06,True,False,1,1,1,8,31.78
4992,Organic Search,2025-05-15,,True,False,0,0,0,6,0.0
4993,Social Media,2025-01-12,2025-01-15,True,False,2,2,2,8,84.39
4994,Referrals,2025-06-29,2025-07-04,False,True,3,4,6,4,636.01
4995,Paid Ads,2025-04-06,,True,False,0,0,0,12,0.0
4996,Referrals,2025-03-07,,True,False,0,0,0,4,0.0
4997,Referrals,2025-01-05,2025-01-09,False,True,3,7,13,4,1517.05
4998,Paid Ads,2025-04-11,2025-04-16,False,True,5,12,19,12,889.65
4999,Referrals,2025-03-30,2025-04-03,False,True,6,11,15,4,1762.51
5000,Social Media,2025-06-04,,True,False,0,0,0,8,0.0
5001,Organic Search,2025-02-28,2025-03-08,True,False,3,4,4,6,293.27
5002,Social Media,2025-05-15,,False,True,0,0,0,8,0.0
5003,Referrals,2025-03-12,2025-03-16,False,True,2,8,9,4,807.83
5004,Paid Ads,2025-04-01,2025-04-02,True,False,3,3,3,12,122.48
5005,Referrals,2025-02-22,,False,True,0,0,0,4,0.0
5006,Social Media,2025-01-02,,False,True,0,0,0,8,0.0
5007,Organic Search,2025-06-15,2025-06-27,False,True,2,5,9,6,937.05
5008,Social Media,2025-01-10,,True,False,0,0,0,8,0.0
5009,Paid Ads,2025-01-27,,True,False,0,0,0,12,0.0
5010,Paid Ads,2025-01-26,,True,False,0,0,0,12,0.0
5011,Referrals,2025-06-06,2025-06-07,True,False,1,2,2,4,260.66
5012,Paid Ads,2025-05-15,,False,True,0,0,0,12,0.0
5013,Referrals,2025-06-08,,False,True,0,0,0,4,0.0
5014,Paid Ads,2025-04-27,,False,True,0,0,0,12,0.0
5015,Paid Ads,2025-02-26,2025-03-10,False,True,2,6,10,12,382.47
5016,Referrals,2025-04-10,2025-04-14,True,False,3,4,4,4,446.51
5017,Paid Ads,2025-05-23,,True,False,0,0,0,12,0.0
5018,Paid Ads,2025-04-24,,True,False,0,0,0,12,0.0
5019,Referrals,2025-06-01,2025-06-15,False,True,1,3,7,4,535.52
5020,Paid Ads,2025-05-30,2025-06-13,False,True,1,7,13,12,463.84
5021,Social Media,2025-04-12,,True,False,0,0,0,8,0.0
5022,Social Media,2025-01-02,2025-01-11,True,False,2,2,2,8,87.1
5023,Referrals,2025-03-29,,False,True,0,0,0,4,0.0
5024,Paid Ads,2025-02-28,,False,True,0,0,0,12,0.0
5025,Paid Ads,2025-05-02,2025-05-16,True,False,2,2,2,12,101.24
5026,Organic Search,2025-03-06,,True,False,0,0,0,6,0.0
5027,Referrals,2025-05-08,,False,True,0,0,0,4,0.0
5028,Referrals,2025-06-14,2025-06-23,False,True,4,10,14,4,1124.66
5029,Social Media,2025-04-19,,True,False,0,0,0,8,0.0
5030,Referrals,2025-01-21,2025-01-31,False,True,4,9,13,4,1324.27
5031,Referrals,2025-05-10,2025-05-23,True,False,2,2,2,4,170.94
5032,Social Media,2025-01-18,,True,False,0,0,0,8,0.0
5033,Organic Search,2025-06-07,2025-06-15,True,False,1,1,1,6,97.05
5034,Referrals,2025-01-09,,False,True,0,0,0,4,0.0
5035,Paid Ads,2025-04-13,2025-04-18,False,True,1,5,11,12,328.32
5036,Paid Ads,2025-01-12,2025-01-13,False,True,4,8,13,12,656.69
5037,Referrals,2025-02-08,2025-02-20,True,False,1,2,2,4,195.25
5038,Social Media,2025-01-21,,True,False,0,0,0,8,0.0
5039,Paid Ads,2025-03-21,,False,True,0,0,0,12,0.0
5040,Organic Search,2025-02-11,2025-02-22,True,False,2,3,3,6,223.18
5041,Paid Ads,2025-03-14,,False,True,0,0,0,12,0.0
5042,Organic Search,2025-02-19,,False,True,0,0,0,6,0.0
5043,Organic Search,2025-01-26,,False,True,0,0,0,6,0.0
5044,Referrals,2025-04-16,,False,True,0,0,0,4,0.0
5045,Social Media,2025-01-15,,True,False,0,0,0,8,0.0
5046,Paid Ads,2025-03-14,,True,False,0,0,0,12,0.0
5047,Paid Ads,2025-01-15,,False,True,0,0,0,12,0.0
5048,Paid Ads,2025-01-17,2025-01-29,True,False,3,4,4,12,212.43
5049,Referrals,2025-01-16,,False,True,0,0,0,4,0.0
5050,Organic Search,2025-06-01,2025-06-07,True,False,2,3,3,6,230.63
5051,Social Media,2025-04-09,,True,False,0,0,0,8,0.0
5052,Referrals,2025-01-28,,True,False,0,0,0,4,0.0
5053,Paid Ads,2025-04-27,2025-04-30,False,True,4,9,12,12,693.4
5054,Paid Ads,2025-05-03,2025-05-13,False,True,5,6,9,12,527.59
5055,Organic Search,2025-02-04,,False,True,0,0,0,6,0.0
5056,Referrals,2025-06-22,2025-06-24,False,True,2,9,11,4,976.0
5057,Social Media,2025-01-08,,False,True,0,0,0,8,0.0
5058,Paid Ads,2025-05-04,,False,True,0,0,0,12,0.0
5059,Social Media,2025-02-06,,True,False,0,0,0,8,0.0
5060,Organic Search,2025-06-18,2025-06-23,False,True,6,8,12,6,1106.5
5061,Paid Ads,2025-06-26,,True,False,0,0,0,12,0.0
5062,Organic Search,2025-01-02,2025-01-03,False,True,7,9,11,6,733.27
5063,Referrals,2025-06-03,2025-06-17,False,True,4,6,9,4,1113.82
5064,Organic Search,2025-06-02,,False,True,0,0,0,6,0.0
5065,Referrals,2025-03-05,,False,True,0,0,0,4,0.0
5066,Referrals,2025-06-25,,True,False,0,0,0,4,0.0
5067,Social Media,2025-05-20,,True,False,0,0,0,8,0.0
5068,Paid Ads,2025-05-28,2025-06-05,True,False,1,1,1,12,50.37
5069,Paid Ads,2025-01-08,2025-01-18,True,False,3,3,3,12,119.93
5070,Paid Ads,2025-01-06,,True,False,0,0,0,12,0.0
5071,Social Media,2025-01-02,2025-01-10,True,False,1,1,1,8,46.87
5072,Paid Ads,2025-05-03,2025-05-05,False,True,1,3,7,12,409.35
5073,Referrals,2025-05-04,2025-05-18,False,True,4,6,13,4,1681.0
5074,Organic Search,2025-03-25,,False,True,0,0,0,6,0.0
5075,Social Media,2025-05-25,,True,False,0,0,0,8,0.0
5076,Paid Ads,2025-03-27,,True,False,0,0,0,12,0.0
5077,Organic Search,2025-06-07,2025-06-15,False,True,6,12,14,6,821.23
5078,Referrals,2025-02-17,2025-02-28,False,True,5,11,17,4,1546.21
5079,Organic Search,2025-06-07,2025-06-08,False,True,7,10,11,6,689.85
5080,Referrals,2025-03-30,2025-04-12,False,True,4,5,11,4,1189.6
5081,Paid Ads,2025-05-26,2025-05-29,True,False,2,2,2,12,93.24
5082,Social Media,2025-06-16,2025-06-21,True,False,3,4,4,8,169.35
5083,Social Media,2025-03-23,,False,True,0,0,0,8,0.0
5084,Referrals,2025-04-17,2025-04-21,True,False,2,3,3,4,353.39
5085,Paid Ads,2025-05-18,,False,True,0,0,0,12,0.0
5086,Paid Ads,2025-04-15,,True,False,0,0,0,12,0.0
5087,Paid Ads,2025-05-31,2025-06-08,True,False,1,1,1,12,46.47
5088,Paid Ads,2025-05-14,2025-05-16,False,True,1,3,5,12,199.51
5089,Organic Search,2025-05-27,2025-05-31,False,True,6,7,11,6,620.91
5090,Paid Ads,2025-01-20,2025-01-22,False,True,4,11,14,12,692.74
5091,Referrals,2025-04-21,2025-04-28,True,False,3,3,3,4,321.42
5092,Paid Ads,2025-02-24,,False,True,0,0,0,12,0.0
5093,Social Media,2025-06-20,2025-06-29,False,True,6,11,16,8,839.91
5094,Paid Ads,2025-04-18,,True,False,0,0,0,12,0.0
5095,Social Media,2025-05-12,,True,False,0,0,0,8,0.0
5096,Paid Ads,2025-03-05,,False,True,0,0,0,12,0.0
5097,Organic Search,2025-04-30,2025-05-07,True,False,2,2,2,6,125.16
5098,Organic Search,2025-05-09,2025-05-13,True,False,1,1,1,6,84.31
5099,Paid Ads,2025-03-06,2025-03-10,False,True,6,7,9,12,243.88
5100,Organic Search,2025-05-26,2025-05-31,True,False,1,1,1,6,79.55
5101,Referrals,2025-03-24,2025-04-03,False,True,4,5,8,4,875.9
5102,Organic Search,2025-05-25,2025-06-03,False,True,4,11,18,6,1653.61
5103,Social Media,2025-02-07,,True,False,0,0,0,8,0.0
5104,Organic Search,2025-05-19,2025-05-29,False,True,1,7,13,6,787.34
5105,Social Media,2025-01-30,,False,True,0,0,0,8,0.0
5106,Social Media,2025-03-26,2025-03-28,False,True,4,6,7,8,310.31
5107,Paid Ads,2025-03-13,,False,True,0,0,0,12,0.0
5108,Referrals,2025-05-09,2025-05-20,False,True,6,9,12,4,1238.17
5109,Referrals,2025-04-29,2025-05-05,False,True,7,9,16,4,1121.62
5110,Paid Ads,2025-04-06,2025-04-07,False,True,3,4,10,12,329.41
5111,Paid Ads,2025-03-12,2025-03-25,False,True,5,12,18,12,549.94
5112,Referrals,2025-05-21,2025-05-29,True,False,1,1,1,4,106.54
5113,Referrals,2025-06-28,2025-07-04,False,True,4,6,7,4,529.92
5114,Paid Ads,2025-06-02,,True,False,0,0,0,12,0.0
5115,Referrals,2025-06-14,,True,False,0,0,0,4,0.0
5116,Referrals,2025-03-29,,True,False,0,0,0,4,0.0
5117,Organic Search,2025-01-20,,False,True,0,0,0,6,0.0
5118,Organic Search,2025-04-05,2025-04-15,False,True,6,8,12,6,1108.82
5119,Organic Search,2025-01-05,,False,True,0,0,0,6,0.0
5120,Organic Search,2025-06-10,2025-06-14,False,True,1,8,13,6,1056.41
5121,Referrals,2025-04-07,2025-04-20,False,True,5,10,17,4,1294.9
5122,Social Media,2025-03-19,,True,False,0,0,0,8,0.0
5123,Social Media,2025-03-01,2025-03-12,True,False,2,3,3,8,113.39
5124,Social Media,2025-01-13,,False,True,0,0,0,8,0.0
5125,Organic Search,2025-05-11,,True,False,0,0,0,6,0.0
5126,Paid Ads,2025-03-20,2025-03-27,True,False,2,3,3,12,148.11
5127,Referrals,2025-01-08,2025-01-12,False,True,6,10,12,4,1405.93
5128,Referrals,2025-01-04,2025-01-07,False,True,7,13,14,4,1571.83
5129,Paid Ads,2025-01-12,,True,False,0,0,0,12,0.0
5130,Referrals,2025-06-03,2025-06-11,True,False,2,3,3,4,311.48
5131,Social Media,2025-03-23,2025-04-01,True,False,1,2,2,8,73.31
5132,Paid Ads,2025-01-20,,False,True,0,0,0,12,0.0
5133,Paid Ads,2025-02-10,,False,True,0,0,0,12,0.0
5134,Paid Ads,2025-05-12,,True,False,0,0,0,12,0.0
5135,Referrals,2025-06-07,2025-06-18,True,False,2,2,2,4,149.71
5136,Referrals,2025-03-24,2025-04-01,False,True,2,6,9,4,692.7
5137,Referrals,2025-01-13,2025-01-25,True,False,1,1,1,4,74.92
5138,Social Media,2025-06-03,2025-06-06,True,False,1,1,1,8,43.67
5139,Organic Search,2025-06-12,2025-06-16,False,True,1,8,10,6,591.62
5140,Social Media,2025-03-07,2025-03-17,False,True,3,7,12,8,411.93
5141,Organic Search,2025-04-29,2025-05-03,True,False,2,3,3,6,267.57
5142,Referrals,2025-02-04,,False,True,0,0,0,4,0.0
5143,Organic Search,2025-04-27,2025-05-09,False,True,6,9,15,6,1229.32
5144,Referrals,2025-05-02,2025-05-13,False,True,7,10,15,4,1413.88
5145,Referrals,2025-02-16,2025-02-27,False,True,7,10,17,4,1362.82
5146,Referrals,2025-06-03,2025-06-12,False,True,1,4,10,4,584.16
5147,Social Media,2025-05-18,,True,False,0,0,0,8,0.0
5148,Social Media,2025-01-24,,True,False,0,0,0,8,0.0
5149,Referrals,2025-06-22,2025-06-29,False,True,5,12,14,4,1705.34
5150,Organic Search,2025-03-09,2025-03-20,True,False,1,2,2,6,104.11
5151,Paid Ads,2025-05-02,,True,False,0,0,0,12,0.0
5152,Paid Ads,2025-02-10,,False,True,0,0,0,12,0.0
5153,Organic Search,2025-01-28,2025-01-29,True,False,1,1,1,6,58.97
5154,Organic Search,2025-01-27,,False,True,0,0,0,6,0.0
5155,Referrals,2025-04-05,2025-04-14,False,True,3,7,13,4,1017.66
5156,Paid Ads,2025-02-10,,False,True,0,0,0,12,0.0
5157,Referrals,2025-05-06,,True,False,0,0,0,4,0.0
5158,Paid Ads,2025-05-26,,True,False,0,0,0,12,0.0
5159,Organic Search,2025-01-26,,True,False,0,0,0,6,0.0
5160,Referrals,2025-05-24,2025-06-06,True,False,2,3,3,4,315.25
5161,Social Media,2025-03-04,,False,True,0,0,0,8,0.0
5162,Organic Search,2025-04-17,,True,False,0,0,0,6,0.0
5163,Referrals,2025-02-26,,False,True,0,0,0,4,0.0
5164,Social Media,2025-06-04,2025-06-14,False,True,2,7,8,8,340.28
5165,Paid Ads,2025-03-22,,True,False,0,0,0,12,0.0
5166,Referrals,2025-05-01,2025-05-11,False,True,1,5,9,4,601.67
5167,Paid Ads,2025-01-30,2025-01-31,True,False,3,4,4,12,175.92
5168,Organic Search,2025-06-21,2025-07-04,True,False,1,1,1,6,79.62
5169,Paid Ads,2025-01-02,2025-01-14,True,False,1,2,2,12,112.85
5170,Paid Ads,2025-01-04,,False,True,0,0,0,12,0.0
5171,Referrals,2025-06-02,2025-06-06,False,True,4,9,16,4,1333.12
5172,Paid Ads,2025-05-13,2025-05-23,True,False,2,3,3,12,129.58
5173,Social Media,2025-06-21,,True,False,0,0,0,8,0.0
5174,Referrals,2025-03-20,2025-04-02,True,False,2,3,3,4,228.89
5175,Social Media,2025-06-06,,True,False,0,0,0,8,0.0
5176,Organic Search,2025-01-29,2025-02-07,False,True,7,9,12,6,964.89
5177,Paid Ads,2025-03-12,2025-03-20,True,False,3,4,4,12,194.77
5178,Referrals,2025-02-08,2025-02-21,False,True,5,12,16,4,1191.4
5179,Referrals,2025-03-17,2025-03-21,False,True,6,11,18,4,2158.41
5180,Paid Ads,2025-04-15,2025-04-21,False,True,7,8,9,12,396.01
5181,Organic Search,2025-03-05,2025-03-16,False,True,7,10,14,6,1013.44
5182,Referrals,2025-04-20,2025-04-30,False,True,5,7,14,4,1286.14
5183,Referrals,2025-05-28,2025-06-03,True,False,2,3,3,4,320.99
5184,Paid Ads,2025-04-18,,False,True,0,0,0,12,0.0
5185,Paid Ads,2025-02-25,,True,False,0,0,0,12,0.0
5186,Social Media,2025-06-02,,False,True,0,0,0,8,0.0
5187,Paid Ads,2025-05-24,2025-06-07,True,False,3,3,3,12,135.05
5188,Social Media,2025-05-29,2025-06-05,True,False,2,3,3,8,94.1
5189,Social Media,2025-03-25,,True,False,0,0,0,8,0.0
5190,Organic Search,2025-05-25,2025-05-28,False,True,6,13,17,6,1195.74
5191,Social Media,2025-02-26,2025-03-07,True,False,2,2,2,8,84.68
5192,Paid Ads,2025-06-10,,False,True,0,0,0,12,0.0
5193,Paid Ads,2025-04-30,,True,False,0,0,0,12,0.0
5194,Organic Search,2025-01-04,,True,False,0,0,0,6,0.0
5195,Referrals,2025-02-27,2025-03-07,True,False,1,2,2,4,237.87
5196,Referrals,2025-02-07,2025-02-13,False,True,3,4,9,4,853.58
5197,Referrals,2025-02-16,2025-02-19,False,True,5,10,17,4,1012.2
5198,Paid Ads,2025-03-30,,True,False,0,0,0,12,0.0
5199,Social Media,2025-03-02,,False,True,0,0,0,8,0.0
5200,Social Media,2025-01-03,,True,False,0,0,0,8,0.0
5201,Paid Ads,2025-06-07,2025-06-10,True,False,3,3,3,12,141.24
5202,Organic Search,2025-05-05,2025-05-08,False,True,6,8,14,6,772.82
5203,Paid Ads,2025-02-28,,True,False,0,0,0,12,0.0
5204,Paid Ads,2025-05-29,,False,True,0,0,0,12,0.0
5205,Referrals,2025-03-25,2025-04-02,False,True,1,6,8,4,614.65
5206,Referrals,2025-02-14,,True,False,0,0,0,4,0.0
5207,Referrals,2025-01-26,2025-02-09,False,True,5,11,18,4,2052.2
5208,Paid Ads,2025-01-26,2025-02-06,False,True,6,7,8,12,447.3
5209,Organic Search,2025-04-11,,True,False,0,0,0,6,0.0
5210,Paid Ads,2025-02-15,2025-02-24,False,True,7,11,17,12,588.65
5211,Social Media,2025-03-12,2025-03-25,True,False,3,4,4,8,194.67
5212,Organic Search,2025-01-20,,False,True,0,0,0,6,0.0
5213,Paid Ads,2025-03-03,,True,False,0,0,0,12,0.0
5214,Referrals,2025-03-24,2025-04-07,False,True,1,8,13,4,1877.86
5215,Referrals,2025-05-27,2025-06-02,False,True,6,10,11,4,994.38
5216,Paid Ads,2025-03-14,,True,False,0,0,0,12,0.0
5217,Organic Search,2025-02-21,2025-03-06,False,True,6,8,10,6,898.32
5218,Paid Ads,2025-03-20,2025-03-31,False,True,3,9,16,12,763.69
5219,Paid Ads,2025-06-20,,False,True,0,0,0,12,0.0
5220,Referrals,2025-05-29,2025-06-10,True,False,1,1,1,4,124.89
5221,Paid Ads,2025-02-08,2025-02-22,False,True,4,8,11,12,572.83
5222,Referrals,2025-01-02,2025-01-03,False,True,7,14,18,4,1558.3
5223,Organic Search,2025-02-06,2025-02-08,True,False,2,2,2,6,143.64
5224,Paid Ads,2025-02-18,,True,False,0,0,0,12,0.0
5225,Social Media,2025-05-02,,False,True,0,0,0,8,0.0
5226,Referrals,2025-02-06,2025-02-15,False,True,6,13,20,4,2179.75
5227,Paid Ads,2025-01-27,,True,False,0,0,0,12,0.0
5228,Referrals,2025-01-07,2025-01-17,False,True,2,8,12,4,1309.53
5229,Referrals,2025-04-23,2025-05-07,False,True,4,11,14,4,1519.86
5230,Social Media,2025-02-27,2025-03-07,True,False,1,2,2,8,52.75
5231,Organic Search,2025-04-16,2025-04-21,False,True,5,10,14,6,1006.92
5232,Organic Search,2025-01-22,2025-02-02,True,False,2,3,3,6,125.18
5233,Paid Ads,2025-05-25,,False,True,0,0,0,12,0.0
5234,Organic Search,2025-05-13,,True,False,0,0,0,6,0.0
5235,Paid Ads,2025-06-03,,False,True,0,0,0,12,0.0
5236,Social Media,2025-03-19,,False,True,0,0,0,8,0.0
5237,Paid Ads,2025-02-26,2025-03-12,True,False,1,2,2,12,101.23
5238,Referrals,2025-03-24,2025-04-03,True,False,1,2,2,4,190.59
5239,Paid Ads,2025-03-20,2025-03-22,True,False,3,4,4,12,195.11
5240,Paid Ads,2025-04-16,,True,False,0,0,0,12,0.0
5241,Paid Ads,2025-05-29,2025-06-06,True,False,2,2,2,12,82.82
5242,Organic Search,2025-02-15,2025-02-25,False,True,7,13,19,6,1541.99
5243,Social Media,2025-05-30,,False,True,0,0,0,8,0.0
5244,Paid Ads,2025-01-23,2025-02-01,False,True,4,6,7,12,352.92
5245,Paid Ads,2025-06-02,,True,False,0,0,0,12,0.0
5246,Organic Search,2025-03-09,,False,True,0,0,0,6,0.0
5247,Social Media,2025-04-04,,True,False,0,0,0,8,0.0
5248,Paid Ads,2025-03-18,2025-03-31,True,False,2,2,2,12,107.63
5249,Referrals,2025-01-10,,True,False,0,0,0,4,0.0
5250,Paid Ads,2025-04-24,2025-04-26,False,True,1,4,10,12,489.68
5251,Social Media,2025-04-03,,False,True,0,0,0,8,0.0
5252,Paid Ads,2025-01-28,2025-02-02,True,False,2,2,2,12,88.49
5253,Referrals,2025-05-12,2025-05-24,False,True,1,4,11,4,1134.38
5254,Organic Search,2025-02-14,2025-02-17,False,True,3,7,10,6,666.99
5255,Paid Ads,2025-06-05,2025-06-11,True,False,3,4,4,12,219.31
5256,Organic Search,2025-03-31,,False,True,0,0,0,6,0.0
5257,Organic Search,2025-03-22,,False,True,0,0,0,6,0.0
5258,Paid Ads,2025-06-24,,True,False,0,0,0,12,0.0
5259,Referrals,2025-05-20,2025-05-25,False,True,5,10,15,4,1376.17
5260,Paid Ads,2025-02-03,,True,False,0,0,0,12,0.0
5261,Referrals,2025-05-02,2025-05-07,False,True,5,11,18,4,1604.76
5262,Referrals,2025-06-18,2025-07-01,False,True,2,8,9,4,969.47
5263,Social Media,2025-05-22,,True,False,0,0,0,8,0.0
5264,Referrals,2025-04-24,2025-05-03,True,False,2,2,2,4,161.64
5265,Paid Ads,2025-04-19,2025-04-24,False,True,7,8,15,12,792.21
5266,Organic Search,2025-02-01,2025-02-02,True,False,1,2,2,6,103.8
5267,Referrals,2025-06-25,2025-06-26,False,True,7,8,9,4,793.99
5268,Organic Search,2025-03-10,,True,False,0,0,0,6,0.0
5269,Social Media,2025-03-02,,False,True,0,0,0,8,0.0
5270,Paid Ads,2025-06-25,2025-06-29,True,False,1,1,1,12,50.15
5271,Referrals,2025-06-08,2025-06-20,False,True,2,8,15,4,1222.48
5272,Paid Ads,2025-04-26,2025-04-28,True,False,2,3,3,12,130.04
5273,Social Media,2025-05-03,2025-05-08,False,True,4,6,8,8,271.36
5274,Paid Ads,2025-01-12,2025-01-15,False,True,7,10,14,12,653.23
5275,Paid Ads,2025-02-28,,True,False,0,0,0,12,0.0
5276,Paid Ads,2025-06-25,2025-07-05,True,False,3,3,3,12,144.97
5277,Paid Ads,2025-05-22,2025-05-30,True,False,2,2,2,12,66.49
5278,Social Media,2025-05-24,,False,True,0,0,0,8,0.0
5279,Paid Ads,2025-04-08,,True,False,0,0,0,12,0.0
5280,Referrals,2025-02-21,,False,True,0,0,0,4,0.0
5281,Referrals,2025-02-02,2025-02-03,True,False,3,3,3,4,356.26
5282,Social Media,2025-04-24,,True,False,0,0,0,8,0.0
5283,Referrals,2025-01-03,2025-01-07,False,True,5,10,16,4,932.96
5284,Referrals,2025-04-26,,False,True,0,0,0,4,0.0
5285,Referrals,2025-04-11,,False,True,0,0,0,4,0.0
5286,Social Media,2025-03-05,2025-03-19,False,True,1,2,8,8,125.52
5287,Referrals,2025-05-16,2025-05-28,True,False,3,3,3,4,278.54
5288,Social Media,2025-04-19,2025-04-22,True,False,2,3,3,8,136.21
5289,Paid Ads,2025-05-12,,True,False,0,0,0,12,0.0
5290,Referrals,2025-01-07,,False,True,0,0,0,4,0.0
5291,Social Media,2025-02-20,,False,True,0,0,0,8,0.0
5292,Paid Ads,2025-04-12,2025-04-26,True,False,2,3,3,12,108.11
5293,Referrals,2025-06-20,2025-06-25,False,True,2,3,7,4,822.78
5294,Organic Search,2025-02-08,,False,True,0,0,0,6,0.0
5295,Paid Ads,2025-06-25,2025-06-28,True,False,3,3,3,12,187.44
5296,Social Media,2025-01-08,2025-01-10,True,False,2,3,3,8,137.11
5297,Paid Ads,2025-06-24,,True,False,0,0,0,12,0.0
5298,Organic Search,2025-06-26,2025-07-10,False,True,7,11,13,6,896.07
5299,Referrals,2025-04-25,2025-04-29,True,False,2,3,3,4,335.8
5300,Referrals,2025-05-15,2025-05-29,True,False,2,3,3,4,273.69
5301,Paid Ads,2025-01-03,,False,True,0,0,0,12,0.0
5302,Paid Ads,2025-02-20,,True,False,0,0,0,12,0.0
5303,Social Media,2025-02-27,,True,False,0,0,0,8,0.0
5304,Paid Ads,2025-06-21,,False,True,0,0,0,12,0.0
5305,Paid Ads,2025-05-24,,True,False,0,0,0,12,0.0
5306,Referrals,2025-02-17,2025-03-02,False,True,4,10,16,4,959.36
5307,Referrals,2025-01-26,,False,True,0,0,0,4,0.0
5308,Referrals,2025-05-21,2025-05-29,True,False,1,2,2,4,230.27
5309,Organic Search,2025-05-04,2025-05-13,False,True,4,7,11,6,1056.88
5310,Referrals,2025-06-26,2025-07-05,False,True,1,8,12,4,1364.46
5311,Paid Ads,2025-04-18,2025-04-25,False,True,3,9,14,12,606.33
5312,Paid Ads,2025-06-17,2025-07-01,True,False,3,3,3,12,110.89
5313,Referrals,2025-06-11,2025-06-23,False,True,6,9,11,4,895.33
5314,Paid Ads,2025-06-23,2025-06-30,True,False,1,1,1,12,36.78
5315,Referrals,2025-01-16,2025-01-24,False,True,3,10,11,4,918.6
5316,Organic Search,2025-05-04,,True,False,0,0,0,6,0.0
5317,Referrals,2025-03-05,2025-03-12,False,True,3,7,12,4,1249.68
5318,Referrals,2025-03-02,,False,True,0,0,0,4,0.0
5319,Referrals,2025-02-23,2025-02-26,False,True,2,8,10,4,831.19
5320,Organic Search,2025-04-08,,False,True,0,0,0,6,0.0
5321,Paid Ads,2025-05-15,,True,False,0,0,0,12,0.0
5322,Referrals,2025-01-02,2025-01-16,False,True,6,8,11,4,1359.38
5323,Paid Ads,2025-04-26,,True,False,0,0,0,12,0.0
5324,Referrals,2025-05-29,2025-06-12,False,True,5,11,18,4,1685.67
5325,Paid Ads,2025-03-15,,False,True,0,0,0,12,0.0
5326,Social Media,2025-02-11,,True,False,0,0,0,8,0.0
5327,Paid Ads,2025-06-07,,True,False,0,0,0,12,0.0
5328,Organic Search,2025-01-25,2025-01-27,True,False,2,3,3,6,193.26
5329,Organic Search,2025-02-24,,True,False,0,0,0,6,0.0
5330,Paid Ads,2025-05-02,2025-05-13,False,True,4,5,6,12,304.22
5331,Paid Ads,2025-05-14,,False,True,0,0,0,12,0.0
5332,Social Media,2025-02-25,,True,False,0,0,0,8,0.0
5333,Social Media,2025-05-13,,False,True,0,0,0,8,0.0
5334,Paid Ads,2025-06-22,2025-07-05,True,False,3,4,4,12,221.65
5335,Organic Search,2025-01-09,2025-01-15,True,False,1,2,2,6,175.48
5336,Referrals,2025-04-02,2025-04-06,True,False,3,3,3,4,205.55
5337,Organic Search,2025-03-02,2025-03-13,False,True,1,2,7,6,611.81
5338,Referrals,2025-04-21,2025-05-01,False,True,3,6,12,4,944.74
5339,Referrals,2025-04-16,2025-04-18,False,True,7,10,16,4,1854.44
5340,Organic Search,2025-05-29,2025-05-30,False,True,7,8,9,6,510.52
5341,Referrals,2025-06-11,2025-06-17,False,True,2,7,12,4,1398.79
5342,Referrals,2025-03-21,2025-04-01,False,True,2,6,13,4,1510.15
5343,Paid Ads,2025-03-01,,True,False,0,0,0,12,0.0
5344,Referrals,2025-04-19,2025-05-03,False,True,4,7,8,4,593.71
5345,Organic Search,2025-03-21,2025-03-25,False,True,1,3,7,6,312.61
5346,Paid Ads,2025-06-04,,True,False,0,0,0,12,0.0
5347,Social Media,2025-03-29,,False,True,0,0,0,8,0.0
5348,Paid Ads,2025-06-20,2025-07-01,False,True,4,10,14,12,558.84
5349,Paid Ads,2025-01-27,2025-01-30,True,False,2,2,2,12,38.56
5350,Social Media,2025-04-11,2025-04-17,True,False,1,2,2,8,90.33
5351,Referrals,2025-01-27,2025-02-08,False,True,6,13,19,4,2143.2
5352,Organic Search,2025-05-19,2025-05-23,False,True,4,11,17,6,1129.64
5353,Social Media,2025-01-25,,True,False,0,0,0,8,0.0
5354,Social Media,2025-02-16,2025-02-23,True,False,1,2,2,8,99.85
5355,Organic Search,2025-01-29,,False,True,0,0,0,6,0.0
5356,Social Media,2025-03-28,,True,False,0,0,0,8,0.0
5357,Referrals,2025-03-01,2025-03-09,False,True,2,3,7,4,554.95
5358,Paid Ads,2025-02-09,2025-02-12,True,False,2,3,3,12,154.22
5359,Referrals,2025-05-23,2025-05-25,False,True,5,6,11,4,998.13
5360,Referrals,2025-02-25,2025-03-01,False,True,1,7,9,4,755.51
5361,Paid Ads,2025-05-07,,True,False,0,0,0,12,0.0
5362,Social Media,2025-01-27,,False,True,0,0,0,8,0.0
5363,Referrals,2025-03-31,2025-04-03,True,False,1,2,2,4,233.28
5364,Paid Ads,2025-06-19,2025-06-27,False,True,7,14,16,12,541.12
5365,Social Media,2025-06-23,2025-06-30,True,False,2,2,2,8,65.99
5366,Paid Ads,2025-06-28,,True,False,0,0,0,12,0.0
5367,Organic Search,2025-04-20,2025-04-25,False,True,3,8,10,6,888.47
5368,Organic Search,2025-04-11,2025-04-23,False,True,1,3,9,6,617.2
5369,Social Media,2025-01-11,,False,True,0,0,0,8,0.0
5370,Referrals,2025-04-04,,False,True,0,0,0,4,0.0
5371,Social Media,2025-01-10,2025-01-13,True,False,3,3,3,8,121.57
5372,Referrals,2025-04-21,,False,True,0,0,0,4,0.0
5373,Social Media,2025-02-15,2025-02-23,False,True,7,9,14,8,567.56
5374,Paid Ads,2025-04-10,2025-04-24,False,True,5,9,11,12,430.38
5375,Social Media,2025-05-15,,False,True,0,0,0,8,0.0
5376,Paid Ads,2025-06-18,,True,False,0,0,0,12,0.0
5377,Organic Search,2025-03-29,,False,True,0,0,0,6,0.0
5378,Paid Ads,2025-05-21,,True,False,0,0,0,12,0.0
5379,Referrals,2025-01-17,2025-01-22,False,True,1,7,11,4,1104.74
5380,Organic Search,2025-04-09,,False,True,0,0,0,6,0.0
5381,Paid Ads,2025-01-16,2025-01-19,False,True,7,12,14,12,328.87
5382,Social Media,2025-02-06,,True,False,0,0,0,8,0.0
5383,Paid Ads,2025-05-19,,True,False,0,0,0,12,0.0
5384,Organic Search,2025-02-03,2025-02-15,True,False,3,3,3,6,202.99
5385,Paid Ads,2025-04-08,2025-04-21,True,False,2,2,2,12,94.12
5386,Paid Ads,2025-03-24,2025-04-06,True,False,2,2,2,12,78.38
5387,Referrals,2025-05-20,2025-05-24,False,True,2,7,9,4,644.44
5388,Organic Search,2025-02-18,2025-03-03,False,True,2,6,13,6,734.06
5389,Referrals,2025-05-27,2025-06-02,True,False,2,2,2,4,163.31
5390,Referrals,2025-01-03,2025-01-14,False,True,6,8,11,4,1121.54
5391,Referrals,2025-03-30,2025-04-13,False,True,4,7,14,4,1073.87
5392,Paid Ads,2025-04-28,2025-05-10,True,False,3,4,4,12,198.5
5393,Paid Ads,2025-05-06,2025-05-19,False,True,1,6,10,12,394.68
5394,Paid Ads,2025-04-29,,True,False,0,0,0,12,0.0
5395,Paid Ads,2025-04-24,2025-05-05,False,True,2,4,8,12,436.11
5396,Social Media,2025-03-30,2025-04-10,True,False,3,3,3,8,144.51
5397,Organic Search,2025-05-29,2025-06-09,True,False,1,2,2,6,123.59
5398,Referrals,2025-06-05,2025-06-08,True,False,1,2,2,4,73.9
5399,Referrals,2025-03-02,,False,True,0,0,0,4,0.0
5400,Paid Ads,2025-02-06,,True,False,0,0,0,12,0.0
5401,Organic Search,2025-02-14,2025-02-26,False,True,4,5,8,6,617.43
5402,Paid Ads,2025-05-31,2025-06-03,True,False,2,3,3,12,139.67
5403,Social Media,2025-06-22,2025-06-25,True,False,3,4,4,8,172.25
5404,Referrals,2025-03-13,2025-03-26,False,True,6,10,16,4,1861.66
5405,Referrals,2025-04-16,2025-04-27,False,True,1,3,4,4,344.04
5406,Social Media,2025-03-02,2025-03-15,True,False,1,1,1,8,28.26
5407,Social Media,2025-04-04,,False,True,0,0,0,8,0.0
5408,Referrals,2025-01-03,2025-01-13,False,True,5,9,12,4,1705.59
5409,Paid Ads,2025-02-12,2025-02-14,False,True,2,7,9,12,439.25
5410,Paid Ads,2025-03-09,2025-03-21,True,False,2,3,3,12,89.3
5411,Social Media,2025-06-17,,False,True,0,0,0,8,0.0
5412,Organic Search,2025-06-03,2025-06-14,True,False,2,2,2,6,154.91
5413,Paid Ads,2025-03-01,,False,True,0,0,0,12,0.0
5414,Social Media,2025-06-02,,True,False,0,0,0,8,0.0
5415,Organic Search,2025-06-10,,True,False,0,0,0,6,0.0
5416,Organic Search,2025-03-05,,False,True,0,0,0,6,0.0
5417,Referrals,2025-04-07,,False,True,0,0,0,4,0.0
5418,Referrals,2025-05-14,2025-05-21,False,True,2,4,10,4,939.65
5419,Referrals,2025-06-24,2025-07-04,True,False,1,2,2,4,198.53
5420,Social Media,2025-02-22,,True,False,0,0,0,8,0.0
5421,Referrals,2025-02-05,2025-02-17,False,True,2,6,11,4,1273.14
5422,Paid Ads,2025-04-27,,True,False,0,0,0,12,0.0
5423,Referrals,2025-05-20,,True,False,0,0,0,4,0.0
5424,Paid Ads,2025-03-20,,False,True,0,0,0,12,0.0
5425,Referrals,2025-01-16,2025-01-25,True,False,2,3,3,4,324.43
5426,Social Media,2025-05-18,,True,False,0,0,0,8,0.0
5427,Social Media,2025-01-29,2025-01-31,True,False,3,3,3,8,133.26
5428,Social Media,2025-04-29,,False,True,0,0,0,8,0.0
5429,Referrals,2025-03-04,,False,True,0,0,0,4,0.0
5430,Referrals,2025-02-28,,True,False,0,0,0,4,0.0
5431,Referrals,2025-01-07,2025-01-11,True,False,2,3,3,4,315.39
5432,Paid Ads,2025-03-14,,False,True,0,0,0,12,0.0
5433,Social Media,2025-06-17,,True,False,0,0,0,8,0.0
5434,Organic Search,2025-03-29,2025-04-04,False,True,4,11,15,6,1173.71
5435,Social Media,2025-03-08,,False,True,0,0,0,8,0.0
5436,Organic Search,2025-01-22,,True,False,0,0,0,6,0.0
5437,Organic Search,2025-04-05,2025-04-06,True,False,2,2,2,6,192.63
5438,Paid Ads,2025-02-22,,True,False,0,0,0,12,0.0
5439,Paid Ads,2025-05-19,,True,False,0,0,0,12,0.0
5440,Paid Ads,2025-04-20,,True,False,0,0,0,12,0.0
5441,Referrals,2025-03-31,2025-04-06,False,True,2,4,9,4,726.37
5442,Social Media,2025-05-13,,True,False,0,0,0,8,0.0
5443,Paid Ads,2025-02-01,2025-02-11,True,False,3,3,3,12,111.21
5444,Organic Search,2025-04-07,,False,True,0,0,0,6,0.0
5445,Organic Search,2025-02-27,,False,True,0,0,0,6,0.0
5446,Organic Search,2025-06-17,2025-06-30,True,False,1,1,1,6,91.17
5447,Social Media,2025-01-13,2025-01-23,True,False,2,3,3,8,128.36
5448,Social Media,2025-04-15,,True,False,0,0,0,8,0.0
5449,Paid Ads,2025-01-08,,True,False,0,0,0,12,0.0
5450,Social Media,2025-06-09,,True,False,0,0,0,8,0.0
5451,Organic Search,2025-04-09,,False,True,0,0,0,6,0.0
5452,Paid Ads,2025-03-22,2025-03-25,False,True,1,7,10,12,478.95
5453,Referrals,2025-03-17,2025-03-23,True,False,2,3,3,4,354.68
5454,Referrals,2025-02-25,2025-02-27,False,True,7,8,11,4,1383.77
5455,Referrals,2025-06-10,2025-06-12,False,True,4,9,12,4,842.14
5456,Organic Search,2025-04-27,2025-05-10,True,False,2,3,3,6,181.2
5457,Social Media,2025-01-07,2025-01-10,True,False,2,3,3,8,130.25
5458,Referrals,2025-01-12,,False,True,0,0,0,4,0.0
5459,Social Media,2025-06-21,2025-06-28,True,False,2,3,3,8,142.79
5460,Paid Ads,2025-03-18,,True,False,0,0,0,12,0.0
5461,Referrals,2025-05-30,2025-05-31,False,True,7,8,14,4,1362.16
5462,Paid Ads,2025-03-03,2025-03-07,False,True,2,6,12,12,564.92
5463,Organic Search,2025-06-17,2025-06-28,False,True,7,8,9,6,628.32
5464,Organic Search,2025-03-15,2025-03-22,False,True,7,14,17,6,714.41
5465,Paid Ads,2025-01-14,,True,False,0,0,0,12,0.0
5466,Paid Ads,2025-05-20,,True,False,0,0,0,12,0.0
5467,Referrals,2025-02-10,2025-02-24,False,True,7,10,11,4,1069.16
5468,Social Media,2025-06-13,,True,False,0,0,0,8,0.0
5469,Paid Ads,2025-04-10,2025-04-22,True,False,2,2,2,12,104.62
5470,Social Media,2025-04-23,,True,False,0,0,0,8,0.0
5471,Paid Ads,2025-04-18,,False,True,0,0,0,12,0.0
5472,Paid Ads,2025-06-06,,True,False,0,0,0,12,0.0
5473,Referrals,2025-01-16,2025-01-22,True,False,2,2,2,4,183.07
5474,Social Media,2025-06-20,,False,True,0,0,0,8,0.0
5475,Paid Ads,2025-05-14,,True,False,0,0,0,12,0.0
5476,Referrals,2025-03-30,2025-04-11,True,False,1,2,2,4,194.93
5477,Social Media,2025-03-31,,False,True,0,0,0,8,0.0
5478,Organic Search,2025-05-26,2025-06-07,True,False,1,1,1,6,79.14
5479,Referrals,2025-02-06,2025-02-07,False,True,4,6,12,4,1022.63
5480,Paid Ads,2025-06-27,2025-06-30,True,False,2,3,3,12,87.93
5481,Paid Ads,2025-04-24,,False,True,0,0,0,12,0.0
5482,Social Media,2025-02-12,,True,False,0,0,0,8,0.0
5483,Paid Ads,2025-02-02,2025-02-09,True,False,2,2,2,12,96.2
5484,Referrals,2025-06-07,2025-06-15,False,True,5,7,14,4,1655.2
5485,Paid Ads,2025-04-24,2025-05-03,True,False,3,3,3,12,106.12
5486,Referrals,2025-06-16,2025-06-20,False,True,4,10,12,4,1170.97
5487,Organic Search,2025-04-10,2025-04-16,True,False,1,1,1,6,55.1
5488,Referrals,2025-06-27,2025-06-28,False,True,3,7,9,4,625.62
5489,Organic Search,2025-02-18,2025-02-20,True,False,1,2,2,6,142.72
5490,Organic Search,2025-02-07,,False,True,0,0,0,6,0.0
5491,Social Media,2025-05-17,2025-05-23,True,False,1,2,2,8,67.36
5492,Paid Ads,2025-05-11,,False,True,0,0,0,12,0.0
5493,Organic Search,2025-03-01,,True,False,0,0,0,6,0.0
5494,Referrals,2025-06-02,2025-06-16,False,True,4,7,8,4,797.46
5495,Organic Search,2025-06-20,2025-06-21,False,True,5,8,13,6,731.04
5496,Paid Ads,2025-04-08,2025-04-13,False,True,2,4,7,12,293.43
5497,Paid Ads,2025-06-27,,False,True,0,0,0,12,0.0
5498,Paid Ads,2025-05-07,,True,False,0,0,0,12,0.0
5499,Social Media,2025-06-28,,True,False,0,0,0,8,0.0
5500,Paid Ads,2025-05-25,2025-06-04,True,False,2,3,3,12,119.01
5501,Social Media,2025-06-04,,True,False,0,0,0,8,0.0
5502,Referrals,2025-04-18,2025-04-20,False,True,3,5,9,4,872.67
5503,Organic Search,2025-06-11,2025-06-13,True,False,2,2,2,6,165.36
5504,Referrals,2025-02-17,2025-02-23,True,False,1,2,2,4,199.35
5505,Organic Search,2025-05-04,2025-05-18,False,True,4,8,12,6,874.0
5506,Organic Search,2025-03-10,2025-03-21,False,True,1,2,5,6,323.46
5507,Social Media,2025-01-11,,True,False,0,0,0,8,0.0
5508,Organic Search,2025-05-25,2025-06-04,True,False,3,3,3,6,170.51
5509,Organic Search,2025-03-10,2025-03-14,False,True,2,6,12,6,738.87
5510,Paid Ads,2025-03-23,,False,True,0,0,0,12,0.0
5511,Referrals,2025-05-01,,False,True,0,0,0,4,0.0
5512,Referrals,2025-04-27,2025-05-01,False,True,6,12,15,4,1903.9
5513,Paid Ads,2025-02-12,,True,False,0,0,0,12,0.0
5514,Social Media,2025-05-11,2025-05-19,True,False,1,1,1,8,41.61
5515,Social Media,2025-05-05,,True,False,0,0,0,8,0.0
5516,Paid Ads,2025-02-27,,False,True,0,0,0,12,0.0
5517,Social Media,2025-02-14,,True,False,0,0,0,8,0.0
5518,Social Media,2025-01-27,2025-02-08,True,False,1,2,2,8,81.34
5519,Paid Ads,2025-04-23,2025-05-01,True,False,3,4,4,12,167.82
5520,Paid Ads,2025-05-09,,True,False,0,0,0,12,0.0
5521,Referrals,2025-01-14,,False,True,0,0,0,4,0.0
5522,Social Media,2025-01-22,,False,True,0,0,0,8,0.0
5523,Organic Search,2025-03-08,2025-03-19,False,True,3,5,11,6,628.52
5524,Social Media,2025-06-04,2025-06-14,True,False,1,1,1,8,42.27
5525,Organic Search,2025-02-01,2025-02-14,False,True,1,5,10,6,873.61
5526,Organic Search,2025-05-18,2025-05-28,False,True,4,9,11,6,691.72
5527,Organic Search,2025-01-19,,False,True,0,0,0,6,0.0
5528,Paid Ads,2025-03-24,2025-04-07,False,True,5,8,10,12,409.57
5529,Paid Ads,2025-02-26,,True,False,0,0,0,12,0.0
5530,Referrals,2025-02-01,,True,False,0,0,0,4,0.0
5531,Social Media,2025-01-25,2025-02-03,False,True,1,3,5,8,169.95
5532,Referrals,2025-01-06,2025-01-17,False,True,1,4,11,4,812.68
5533,Paid Ads,2025-01-03,2025-01-05,False,True,1,7,14,12,788.89
5534,Paid Ads,2025-01-04,,True,False,0,0,0,12,0.0
5535,Paid Ads,2025-05-27,,True,False,0,0,0,12,0.0
5536,Organic Search,2025-01-09,2025-01-15,True,False,1,2,2,6,148.3
5537,Organic Search,2025-04-12,,True,False,0,0,0,6,0.0
5538,Social Media,2025-03-18,,True,False,0,0,0,8,0.0
5539,Referrals,2025-06-28,2025-06-29,False,True,6,11,14,4,1152.3
5540,Paid Ads,2025-02-24,2025-03-07,False,True,1,7,14,12,726.49
5541,Organic Search,2025-01-29,2025-02-08,True,False,1,2,2,6,165.36
5542,Paid Ads,2025-01-27,,False,True,0,0,0,12,0.0
5543,Paid Ads,2025-06-11,,False,True,0,0,0,12,0.0
5544,Social Media,2025-06-10,,False,True,0,0,0,8,0.0
5545,Referrals,2025-05-02,2025-05-04,True,False,1,1,1,4,99.04
5546,Social Media,2025-05-13,,True,False,0,0,0,8,0.0
5547,Social Media,2025-05-25,,True,False,0,0,0,8,0.0
5548,Referrals,2025-06-01,2025-06-13,True,False,2,2,2,4,205.49
5549,Referrals,2025-05-17,2025-05-26,False,True,6,7,12,4,640.19
5550,Paid Ads,2025-03-01,2025-03-10,True,False,3,4,4,12,206.35
5551,Social Media,2025-03-22,,True,False,0,0,0,8,0.0
5552,Referrals,2025-06-11,,False,True,0,0,0,4,0.0
5553,Referrals,2025-05-04,2025-05-17,True,False,3,3,3,4,289.09
5554,Referrals,2025-01-11,2025-01-19,True,False,1,1,1,4,116.69
5555,Organic Search,2025-06-18,,False,True,0,0,0,6,0.0
5556,Organic Search,2025-06-23,2025-07-06,False,True,5,9,14,6,850.69
5557,Paid Ads,2025-01-26,,True,False,0,0,0,12,0.0
5558,Paid Ads,2025-04-12,2025-04-21,True,False,3,3,3,12,103.97
5559,Social Media,2025-01-10,2025-01-19,True,False,2,3,3,8,168.66
5560,Referrals,2025-03-18,2025-03-22,True,False,1,1,1,4,129.19
5561,Paid Ads,2025-05-02,2025-05-16,False,True,6,8,12,12,639.56
5562,Paid Ads,2025-01-21,,True,False,0,0,0,12,0.0
5563,Paid Ads,2025-04-04,,True,False,0,0,0,12,0.0
5564,Organic Search,2025-01-03,,False,True,0,0,0,6,0.0
5565,Paid Ads,2025-05-03,,True,False,0,0,0,12,0.0
5566,Referrals,2025-04-18,,True,False,0,0,0,4,0.0
5567,Organic Search,2025-02-19,,False,True,0,0,0,6,0.0
5568,Paid Ads,2025-05-17,,True,False,0,0,0,12,0.0
5569,Referrals,2025-01-23,,True,False,0,0,0,4,0.0
5570,Referrals,2025-05-22,2025-06-03,False,True,6,9,13,4,1007.26
5571,Paid Ads,2025-02-17,,False,True,0,0,0,12,0.0
5572,Organic Search,2025-04-10,2025-04-24,True,False,3,3,3,6,220.84
5573,Paid Ads,2025-03-28,2025-04-02,True,False,3,3,3,12,110.83
5574,Referrals,2025-01-28,,False,True,0,0,0,4,0.0
5575,Organic Search,2025-01-09,2025-01-18,True,False,1,2,2,6,135.68
5576,Paid Ads,2025-03-06,2025-03-08,False,True,2,4,10,12,571.79
5577,Paid Ads,2025-04-10,2025-04-15,False,True,7,11,18,12,779.5
5578,Referrals,2025-06-07,2025-06-08,False,True,3,10,15,4,1642.58
5579,Referrals,2025-04-07,2025-04-13,False,True,4,8,13,4,1331.81
5580,Social Media,2025-03-16,,False,True,0,0,0,8,0.0
5581,Referrals,2025-04-10,2025-04-13,True,False,3,3,3,4,227.41
5582,Referrals,2025-03-06,2025-03-10,False,True,1,6,9,4,796.05
5583,Referrals,2025-01-04,2025-01-14,False,True,3,4,9,4,533.66
5584,Referrals,2025-04-04,2025-04-13,False,True,7,9,15,4,1436.46
5585,Social Media,2025-01-27,,True,False,0,0,0,8,0.0
5586,Paid Ads,2025-01-09,,True,False,0,0,0,12,0.0
5587,Paid Ads,2025-01-11,,True,False,0,0,0,12,0.0
5588,Referrals,2025-02-12,2025-02-26,False,True,7,10,11,4,1128.09
5589,Referrals,2025-03-16,2025-03-23,False,True,1,6,7,4,806.7
5590,Paid Ads,2025-05-30,,False,True,0,0,0,12,0.0
5591,Referrals,2025-03-11,2025-03-13,False,True,5,6,9,4,1323.24
5592,Paid Ads,2025-06-20,2025-07-04,True,False,3,4,4,12,130.89
5593,Organic Search,2025-02-14,2025-02-16,True,False,1,1,1,6,45.48
5594,Social Media,2025-01-21,2025-02-04,False,True,4,11,17,8,721.6
5595,Referrals,2025-02-14,,False,True,0,0,0,4,0.0
5596,Referrals,2025-02-09,2025-02-22,True,False,1,1,1,4,65.33
5597,Paid Ads,2025-05-07,,False,True,0,0,0,12,0.0
5598,Paid Ads,2025-04-06,2025-04-14,False,True,6,9,15,12,813.29
5599,Paid Ads,2025-05-03,,True,False,0,0,0,12,0.0
5600,Paid Ads,2025-02-28,,True,False,0,0,0,12,0.0
5601,Social Media,2025-02-01,,False,True,0,0,0,8,0.0
5602,Referrals,2025-01-01,2025-01-13,False,True,2,8,15,4,1522.55
5603,Social Media,2025-01-15,,True,False,0,0,0,8,0.0
5604,Social Media,2025-01-22,,True,False,0,0,0,8,0.0
5605,Referrals,2025-05-16,,False,True,0,0,0,4,0.0
5606,Paid Ads,2025-04-27,,False,True,0,0,0,12,0.0
5607,Paid Ads,2025-06-21,,True,False,0,0,0,12,0.0
5608,Social Media,2025-01-22,,True,False,0,0,0,8,0.0
5609,Paid Ads,2025-05-09,,False,True,0,0,0,12,0.0
5610,Referrals,2025-04-24,2025-04-29,True,False,1,2,2,4,163.18
5611,Paid Ads,2025-05-21,,True,False,0,0,0,12,0.0
5612,Paid Ads,2025-06-07,,False,True,0,0,0,12,0.0
5613,Paid Ads,2025-01-20,2025-01-23,True,False,1,1,1,12,36.16
5614,Referrals,2025-03-25,2025-04-07,False,True,1,6,10,4,682.94
5615,Referrals,2025-02-21,2025-02-28,False,True,3,10,15,4,1194.57
5616,Organic Search,2025-03-20,2025-03-24,False,True,4,9,11,6,944.42
5617,Paid Ads,2025-06-25,,True,False,0,0,0,12,0.0
5618,Paid Ads,2025-01-09,,True,False,0,0,0,12,0.0
5619,Organic Search,2025-05-20,,False,True,0,0,0,6,0.0
5620,Social Media,2025-04-09,,True,False,0,0,0,8,0.0
5621,Referrals,2025-06-29,2025-07-07,False,True,6,12,14,4,1427.65
5622,Social Media,2025-03-10,2025-03-15,True,False,1,1,1,8,43.14
5623,Paid Ads,2025-02-22,,False,True,0,0,0,12,0.0
5624,Referrals,2025-05-11,2025-05-25,True,False,3,3,3,4,320.72
5625,Referrals,2025-04-06,2025-04-07,False,True,1,4,6,4,498.69
5626,Organic Search,2025-06-17,2025-06-30,True,False,1,1,1,6,76.43
5627,Social Media,2025-06-10,,True,False,0,0,0,8,0.0
5628,Social Media,2025-06-19,2025-06-30,False,True,5,9,12,8,365.31
5629,Referrals,2025-02-17,2025-03-03,True,False,3,3,3,4,221.27
5630,Referrals,2025-05-18,,False,True,0,0,0,4,0.0
5631,Referrals,2025-04-18,2025-04-21,True,False,2,3,3,4,285.62
5632,Referrals,2025-05-18,,False,True,0,0,0,4,0.0
5633,Social Media,2025-05-07,2025-05-10,True,False,2,3,3,8,132.67
5634,Paid Ads,2025-05-27,,True,False,0,0,0,12,0.0
5635,Referrals,2025-04-17,2025-04-27,False,True,5,10,11,4,1442.23
5636,Social Media,2025-04-29,,True,False,0,0,0,8,0.0
5637,Paid Ads,2025-02-25,,True,False,0,0,0,12,0.0
5638,Paid Ads,2025-03-17,,False,True,0,0,0,12,0.0
5639,Referrals,2025-03-14,,True,False,0,0,0,4,0.0
5640,Organic Search,2025-05-28,2025-06-10,False,True,3,4,6,6,416.82
5641,Paid Ads,2025-01-01,2025-01-07,True,False,3,3,3,12,143.69
5642,Organic Search,2025-06-22,,False,True,0,0,0,6,0.0
5643,Organic Search,2025-04-20,2025-04-24,False,True,4,8,12,6,685.11
5644,Referrals,2025-01-31,2025-02-06,False,True,3,5,6,4,585.75
5645,Paid Ads,2025-05-11,2025-05-15,True,False,2,3,3,12,102.34
5646,Organic Search,2025-05-12,2025-05-19,False,True,3,4,7,6,468.69
5647,Paid Ads,2025-04-22,2025-04-27,True,False,1,1,1,12,53.62
5648,Social Media,2025-05-27,2025-05-31,True,False,3,3,3,8,143.89
5649,Social Media,2025-05-02,2025-05-07,True,False,3,3,3,8,102.59
5650,Paid Ads,2025-04-15,2025-04-18,False,True,1,5,8,12,380.66
5651,Paid Ads,2025-04-15,2025-04-29,False,True,3,9,15,12,550.86
5652,Paid Ads,2025-05-21,2025-05-25,True,False,1,1,1,12,52.24
5653,Paid Ads,2025-01-10,,False,True,0,0,0,12,0.0
5654,Paid Ads,2025-05-10,,True,False,0,0,0,12,0.0
5655,Referrals,2025-05-22,,True,False,0,0,0,4,0.0
5656,Paid Ads,2025-06-27,2025-06-28,True,False,2,3,3,12,158.3
5657,Social Media,2025-06-08,,False,True,0,0,0,8,0.0
5658,Paid Ads,2025-01-13,2025-01-18,True,False,3,3,3,12,83.83
5659,Social Media,2025-04-16,,True,False,0,0,0,8,0.0
5660,Paid Ads,2025-04-23,2025-05-04,False,True,2,5,11,12,576.28
5661,Paid Ads,2025-02-22,2025-02-28,False,True,5,8,12,12,494.16
5662,Social Media,2025-01-17,,False,True,0,0,0,8,0.0
5663,Organic Search,2025-04-20,2025-05-04,False,True,2,3,5,6,315.96
5664,Organic Search,2025-04-17,2025-04-27,True,False,3,3,3,6,239.09
5665,Paid Ads,2025-04-17,,False,True,0,0,0,12,0.0
5666,Organic Search,2025-01-06,,False,True,0,0,0,6,0.0
5667,Organic Search,2025-06-01,2025-06-09,False,True,2,8,10,6,778.13
5668,Paid Ads,2025-01-09,,True,False,0,0,0,12,0.0
5669,Paid Ads,2025-06-17,,True,False,0,0,0,12,0.0
5670,Paid Ads,2025-04-24,2025-05-03,True,False,1,2,2,12,89.07
5671,Organic Search,2025-02-13,2025-02-18,True,False,2,3,3,6,241.95
5672,Paid Ads,2025-01-30,,True,False,0,0,0,12,0.0
5673,Paid Ads,2025-06-26,2025-07-03,True,False,1,1,1,12,46.38
5674,Organic Search,2025-01-27,2025-01-29,False,True,1,5,11,6,364.31
5675,Referrals,2025-06-17,2025-06-27,False,True,7,10,15,4,1382.7
5676,Paid Ads,2025-01-03,,True,False,0,0,0,12,0.0
5677,Paid Ads,2025-04-25,,True,False,0,0,0,12,0.0
5678,Referrals,2025-05-17,2025-05-25,False,True,3,6,12,4,1169.08
5679,Paid Ads,2025-02-16,,False,True,0,0,0,12,0.0
5680,Social Media,2025-01-13,2025-01-19,True,False,2,2,2,8,87.92
5681,Referrals,2025-02-05,2025-02-18,False,True,5,9,10,4,1093.81
5682,Social Media,2025-01-07,,True,False,0,0,0,8,0.0
5683,Organic Search,2025-01-04,2025-01-17,False,True,6,9,11,6,528.4
5684,Organic Search,2025-04-01,2025-04-07,True,False,3,4,4,6,188.01
5685,Social Media,2025-04-12,,True,False,0,0,0,8,0.0
5686,Referrals,2025-02-10,,False,True,0,0,0,4,0.0
5687,Organic Search,2025-05-30,2025-06-03,True,False,1,1,1,6,28.63
5688,Social Media,2025-01-24,2025-02-07,False,True,5,11,17,8,995.87
5689,Referrals,2025-06-03,2025-06-10,False,True,7,11,14,4,1579.9
5690,Paid Ads,2025-02-22,,False,True,0,0,0,12,0.0
5691,Referrals,2025-04-15,2025-04-19,False,True,3,5,6,4,367.4
5692,Organic Search,2025-04-30,2025-05-11,True,False,3,4,4,6,281.44
5693,Paid Ads,2025-02-01,,True,False,0,0,0,12,0.0
5694,Paid Ads,2025-03-31,2025-04-08,False,True,2,4,10,12,418.45
5695,Social Media,2025-06-23,,True,False,0,0,0,8,0.0
5696,Organic Search,2025-02-19,2025-02-23,True,False,3,3,3,6,237.4
5697,Referrals,2025-01-20,,True,False,0,0,0,4,0.0
5698,Organic Search,2025-03-25,2025-03-27,False,True,7,13,20,6,1300.37
5699,Social Media,2025-04-13,,False,True,0,0,0,8,0.0
5700,Referrals,2025-01-28,,False,True,0,0,0,4,0.0
5701,Referrals,2025-02-25,,False,True,0,0,0,4,0.0
5702,Referrals,2025-06-14,,False,True,0,0,0,4,0.0
5703,Organic Search,2025-04-23,2025-04-26,False,True,7,10,13,6,895.22
5704,Paid Ads,2025-06-05,2025-06-15,True,False,1,2,2,12,66.59
5705,Referrals,2025-05-10,2025-05-11,False,True,4,7,11,4,785.12
5706,Paid Ads,2025-03-21,,True,False,0,0,0,12,0.0
5707,Referrals,2025-01-27,2025-02-02,False,True,7,14,19,4,1355.91
5708,Organic Search,2025-05-11,2025-05-18,True,False,1,2,2,6,113.68
5709,Organic Search,2025-02-17,2025-02-27,True,False,3,4,4,6,165.66
5710,Social Media,2025-01-19,2025-01-21,True,False,3,3,3,8,150.53
5711,Referrals,2025-04-15,,True,False,0,0,0,4,0.0
5712,Organic Search,2025-02-26,,False,True,0,0,0,6,0.0
5713,Social Media,2025-05-20,,False,True,0,0,0,8,0.0
5714,Social Media,2025-05-26,2025-05-29,False,True,6,8,11,8,547.13
5715,Referrals,2025-02-06,2025-02-18,False,True,3,6,7,4,584.16
5716,Social Media,2025-01-08,,True,False,0,0,0,8,0.0
5717,Social Media,2025-01-12,,True,False,0,0,0,8,0.0
5718,Social Media,2025-02-19,,False,True,0,0,0,8,0.0
5719,Referrals,2025-04-19,2025-05-02,True,False,1,1,1,4,69.7
5720,Social Media,2025-05-18,,False,True,0,0,0,8,0.0
5721,Organic Search,2025-01-08,2025-01-20,True,False,2,3,3,6,271.41
5722,Social Media,2025-05-25,,True,False,0,0,0,8,0.0
5723,Organic Search,2025-06-19,2025-06-28,False,True,7,13,19,6,1381.6
5724,Social Media,2025-02-07,,True,False,0,0,0,8,0.0
5725,Referrals,2025-05-28,2025-06-09,False,True,7,13,18,4,2162.11
5726,Referrals,2025-01-12,2025-01-24,False,True,7,11,13,4,1028.01
5727,Social Media,2025-01-12,,True,False,0,0,0,8,0.0
5728,Paid Ads,2025-06-21,,True,False,0,0,0,12,0.0
5729,Referrals,2025-03-10,2025-03-11,True,False,2,3,3,4,347.9
5730,Referrals,2025-05-12,2025-05-20,True,False,1,1,1,4,103.13
5731,Referrals,2025-04-03,2025-04-17,False,True,5,10,12,4,1527.32
5732,Paid Ads,2025-05-17,2025-05-21,True,False,1,2,2,12,116.17
5733,Paid Ads,2025-03-27,,True,False,0,0,0,12,0.0
5734,Referrals,2025-05-24,2025-06-05,False,True,7,14,21,4,1560.05
5735,Organic Search,2025-02-06,,False,True,0,0,0,6,0.0
5736,Referrals,2025-02-24,2025-02-27,False,True,6,11,15,4,1426.42
5737,Social Media,2025-04-26,,True,False,0,0,0,8,0.0
5738,Referrals,2025-03-17,2025-03-25,False,True,2,4,10,4,1196.24
5739,Referrals,2025-01-12,,False,True,0,0,0,4,0.0
5740,Social Media,2025-03-15,,False,True,0,0,0,8,0.0
5741,Organic Search,2025-05-12,2025-05-23,False,True,2,4,6,6,297.71
5742,Organic Search,2025-02-11,2025-02-25,False,True,4,11,13,6,1098.46
5743,Paid Ads,2025-05-31,2025-06-13,False,True,5,6,13,12,681.44
5744,Paid Ads,2025-04-06,2025-04-19,True,False,3,4,4,12,171.69
5745,Social Media,2025-04-28,2025-05-09,True,False,3,4,4,8,154.73
5746,Paid Ads,2025-06-26,,True,False,0,0,0,12,0.0
5747,Organic Search,2025-06-08,2025-06-19,False,True,3,8,11,6,751.01
5748,Paid Ads,2025-02-20,,False,True,0,0,0,12,0.0
5749,Paid Ads,2025-04-20,2025-04-23,True,False,3,3,3,12,133.9
5750,Social Media,2025-02-10,,True,False,0,0,0,8,0.0
5751,Referrals,2025-02-21,2025-03-07,True,False,1,2,2,4,182.91
5752,Organic Search,2025-01-20,2025-01-25,True,False,2,2,2,6,177.13
5753,Organic Search,2025-05-16,,False,True,0,0,0,6,0.0
5754,Referrals,2025-05-24,2025-05-30,False,True,7,10,13,4,1183.5
5755,Paid Ads,2025-02-21,,True,False,0,0,0,12,0.0
5756,Organic Search,2025-01-09,2025-01-23,False,True,7,14,17,6,968.25
5757,Referrals,2025-05-21,,False,True,0,0,0,4,0.0
5758,Paid Ads,2025-04-09,2025-04-15,True,False,2,3,3,12,117.17
5759,Paid Ads,2025-01-02,2025-01-06,False,True,4,11,16,12,716.05
5760,Referrals,2025-05-30,2025-06-10,False,True,7,14,15,4,1574.44
5761,Paid Ads,2025-03-10,,True,False,0,0,0,12,0.0
5762,Referrals,2025-05-02,2025-05-07,False,True,1,8,12,4,1510.94
5763,Social Media,2025-05-09,,True,False,0,0,0,8,0.0
5764,Referrals,2025-01-24,2025-01-26,True,False,2,3,3,4,345.79
5765,Referrals,2025-01-16,2025-01-22,False,True,6,11,16,4,1344.26
5766,Social Media,2025-05-08,2025-05-09,True,False,2,3,3,8,181.13
5767,Referrals,2025-01-13,2025-01-20,False,True,4,6,13,4,1575.93
5768,Referrals,2025-04-01,,False,True,0,0,0,4,0.0
5769,Organic Search,2025-03-19,2025-03-21,True,False,1,1,1,6,64.56
5770,Referrals,2025-06-13,2025-06-24,True,False,2,3,3,4,285.63
5771,Paid Ads,2025-02-19,,False,True,0,0,0,12,0.0
5772,Organic Search,2025-04-02,2025-04-10,True,False,3,3,3,6,173.93
5773,Social Media,2025-01-20,,True,False,0,0,0,8,0.0
5774,Paid Ads,2025-05-21,,True,False,0,0,0,12,0.0
5775,Social Media,2025-03-08,,True,False,0,0,0,8,0.0
5776,Referrals,2025-04-25,2025-04-27,False,True,5,10,13,4,1542.63
5777,Referrals,2025-06-01,2025-06-11,False,True,2,5,9,4,644.26
5778,Referrals,2025-02-04,2025-02-13,True,False,1,1,1,4,80.14
5779,Organic Search,2025-02-20,2025-03-01,True,False,2,3,3,6,259.28
5780,Social Media,2025-06-14,,True,False,0,0,0,8,0.0
5781,Paid Ads,2025-03-08,,True,False,0,0,0,12,0.0
5782,Paid Ads,2025-04-14,2025-04-25,True,False,2,2,2,12,86.65
5783,Referrals,2025-04-15,2025-04-27,False,True,4,9,16,4,1320.45
5784,Organic Search,2025-05-14,2025-05-28,True,False,2,2,2,6,157.37
5785,Paid Ads,2025-05-18,,True,False,0,0,0,12,0.0
5786,Social Media,2025-03-19,2025-03-27,True,False,2,2,2,8,102.95
5787,Paid Ads,2025-03-18,,True,False,0,0,0,12,0.0
5788,Paid Ads,2025-03-16,2025-03-26,True,False,1,2,2,12,88.04
5789,Paid Ads,2025-04-02,2025-04-13,True,False,2,2,2,12,94.31
5790,Paid Ads,2025-01-08,,True,False,0,0,0,12,0.0
5791,Referrals,2025-03-02,2025-03-14,False,True,1,3,4,4,331.93
5792,Paid Ads,2025-05-22,2025-06-03,False,True,6,8,11,12,319.97
5793,Organic Search,2025-01-04,2025-01-12,True,False,3,3,3,6,185.38
5794,Organic Search,2025-04-02,2025-04-03,True,False,2,2,2,6,143.33
5795,Organic Search,2025-06-10,2025-06-16,False,True,6,9,15,6,1229.39
5796,Referrals,2025-03-07,2025-03-18,True,False,2,2,2,4,175.28
5797,Organic Search,2025-05-09,2025-05-19,True,False,3,3,3,6,241.92
5798,Referrals,2025-01-22,2025-01-27,False,True,5,6,12,4,1050.71
5799,Organic Search,2025-05-26,,True,False,0,0,0,6,0.0
5800,Paid Ads,2025-06-03,,True,False,0,0,0,12,0.0
5801,Social Media,2025-05-12,,False,True,0,0,0,8,0.0
5802,Organic Search,2025-02-15,2025-02-27,True,False,3,3,3,6,195.31
5803,Social Media,2025-01-03,,True,False,0,0,0,8,0.0
5804,Referrals,2025-05-19,,False,True,0,0,0,4,0.0
5805,Organic Search,2025-03-22,,False,True,0,0,0,6,0.0
5806,Organic Search,2025-04-13,,False,True,0,0,0,6,0.0
5807,Organic Search,2025-06-24,2025-07-01,True,False,1,1,1,6,39.36
5808,Paid Ads,2025-06-02,2025-06-05,True,False,3,4,4,12,129.03
5809,Organic Search,2025-02-05,2025-02-08,False,True,1,6,9,6,781.27
5810,Organic Search,2025-01-28,2025-02-04,False,True,7,10,15,6,929.73
5811,Paid Ads,2025-03-15,2025-03-24,True,False,1,2,2,12,83.47
5812,Social Media,2025-01-09,,False,True,0,0,0,8,0.0
5813,Referrals,2025-06-26,2025-07-01,False,True,2,6,13,4,1068.9
5814,Paid Ads,2025-06-15,2025-06-18,True,False,1,2,2,12,112.75
5815,Social Media,2025-06-25,,True,False,0,0,0,8,0.0
5816,Referrals,2025-01-26,2025-02-06,False,True,3,8,15,4,1542.26
5817,Social Media,2025-04-06,,True,False,0,0,0,8,0.0
5818,Paid Ads,2025-04-12,2025-04-26,True,False,3,3,3,12,105.52
5819,Paid Ads,2025-05-01,,False,True,0,0,0,12,0.0
5820,Referrals,2025-03-20,2025-03-30,False,True,1,8,12,4,1141.03
5821,Referrals,2025-03-30,2025-04-06,False,True,1,8,15,4,2130.09
5822,Organic Search,2025-04-15,,True,False,0,0,0,6,0.0
5823,Paid Ads,2025-03-22,2025-03-26,True,False,3,4,4,12,226.29
5824,Referrals,2025-05-18,2025-05-30,True,False,1,1,1,4,128.81
5825,Referrals,2025-01-12,,True,False,0,0,0,4,0.0
5826,Social Media,2025-02-25,2025-03-05,False,True,4,5,9,8,360.32
5827,Paid Ads,2025-04-22,,True,False,0,0,0,12,0.0
5828,Paid Ads,2025-04-30,2025-05-01,True,False,2,3,3,12,95.28
5829,Organic Search,2025-03-30,2025-04-05,False,True,6,9,13,6,936.1
5830,Paid Ads,2025-06-17,,True,False,0,0,0,12,0.0
5831,Referrals,2025-02-19,2025-02-21,False,True,5,9,11,4,925.67
5832,Organic Search,2025-02-18,,True,False,0,0,0,6,0.0
5833,Paid Ads,2025-02-25,2025-03-09,True,False,2,3,3,12,125.18
5834,Organic Search,2025-05-17,,False,True,0,0,0,6,0.0
5835,Organic Search,2025-03-31,2025-04-06,True,False,1,2,2,6,157.01
5836,Paid Ads,2025-04-22,2025-04-28,True,False,2,3,3,12,163.67
5837,Paid Ads,2025-01-07,2025-01-17,True,False,3,4,4,12,180.24
5838,Social Media,2025-01-28,,True,False,0,0,0,8,0.0
5839,Organic Search,2025-03-03,2025-03-13,False,True,6,10,16,6,889.91
5840,Referrals,2025-02-16,2025-02-24,False,True,2,4,11,4,1031.85
5841,Social Media,2025-04-06,,False,True,0,0,0,8,0.0
5842,Paid Ads,2025-04-26,,False,True,0,0,0,12,0.0
5843,Referrals,2025-02-11,2025-02-14,True,False,2,2,2,4,165.45
5844,Social Media,2025-03-10,,False,True,0,0,0,8,0.0
5845,Social Media,2025-04-17,,True,False,0,0,0,8,0.0
5846,Paid Ads,2025-02-12,2025-02-16,False,True,7,12,14,12,659.48
5847,Organic Search,2025-05-01,2025-05-05,False,True,4,5,10,6,738.25
5848,Referrals,2025-02-19,2025-03-04,False,True,2,7,11,4,1128.46
5849,Paid Ads,2025-01-14,,True,False,0,0,0,12,0.0
5850,Social Media,2025-02-17,,True,False,0,0,0,8,0.0
5851,Paid Ads,2025-04-23,,True,False,0,0,0,12,0.0
5852,Organic Search,2025-01-03,,False,True,0,0,0,6,0.0
5853,Social Media,2025-02-08,2025-02-12,True,False,3,4,4,8,171.52
5854,Organic Search,2025-06-05,,False,True,0,0,0,6,0.0
5855,Referrals,2025-04-09,2025-04-18,True,False,2,2,2,4,175.15
5856,Organic Search,2025-01-20,2025-01-23,False,True,7,13,19,6,1371.77
5857,Referrals,2025-04-20,,False,True,0,0,0,4,0.0
5858,Paid Ads,2025-03-09,2025-03-22,False,True,1,6,9,12,409.45
5859,Paid Ads,2025-01-18,,True,False,0,0,0,12,0.0
5860,Referrals,2025-01-15,2025-01-25,False,True,3,10,12,4,1124.18
5861,Referrals,2025-03-22,2025-04-02,False,True,1,6,10,4,1142.38
5862,Paid Ads,2025-04-01,2025-04-12,True,False,2,2,2,12,81.91
5863,Paid Ads,2025-01-26,,True,False,0,0,0,12,0.0
5864,Social Media,2025-03-30,,False,True,0,0,0,8,0.0
5865,Paid Ads,2025-02-12,,False,True,0,0,0,12,0.0
5866,Organic Search,2025-06-22,2025-07-06,False,True,1,5,6,6,460.19
5867,Organic Search,2025-06-10,2025-06-20,True,False,3,4,4,6,177.33
5868,Social Media,2025-03-04,2025-03-16,True,False,3,3,3,8,88.05
5869,Referrals,2025-06-22,,False,True,0,0,0,4,0.0
5870,Referrals,2025-04-08,2025-04-09,False,True,6,8,10,4,1031.78
5871,Referrals,2025-02-27,2025-03-08,True,False,3,3,3,4,274.94
5872,Social Media,2025-04-22,,True,False,0,0,0,8,0.0
5873,Paid Ads,2025-02-01,2025-02-05,True,False,3,3,3,12,142.91
5874,Referrals,2025-03-11,2025-03-22,False,True,4,9,12,4,1037.17
5875,Social Media,2025-02-01,,False,True,0,0,0,8,0.0
5876,Referrals,2025-03-16,2025-03-23,False,True,2,6,9,4,423.87
5877,Paid Ads,2025-05-06,2025-05-08,True,False,2,3,3,12,106.67
5878,Social Media,2025-02-22,,True,False,0,0,0,8,0.0
5879,Paid Ads,2025-06-22,,False,True,0,0,0,12,0.0
5880,Referrals,2025-05-25,2025-05-26,False,True,3,7,10,4,945.39
5881,Paid Ads,2025-04-04,,False,True,0,0,0,12,0.0
5882,Organic Search,2025-04-04,2025-04-17,True,False,3,3,3,6,150.51
5883,Organic Search,2025-02-11,2025-02-16,True,False,1,1,1,6,73.12
5884,Referrals,2025-06-01,2025-06-09,False,True,7,13,20,4,1760.36
5885,Organic Search,2025-03-03,2025-03-17,True,False,1,1,1,6,90.71
5886,Paid Ads,2025-02-09,,True,False,0,0,0,12,0.0
5887,Referrals,2025-02-18,2025-02-28,True,False,1,1,1,4,106.95
5888,Paid Ads,2025-01-07,2025-01-21,False,True,2,4,5,12,257.89
5889,Social Media,2025-06-13,,True,False,0,0,0,8,0.0
5890,Paid Ads,2025-02-11,,True,False,0,0,0,12,0.0
5891,Paid Ads,2025-02-24,2025-02-27,False,True,1,3,7,12,187.53
5892,Organic Search,2025-01-09,2025-01-11,False,True,5,8,14,6,1095.01
5893,Organic Search,2025-02-12,,False,True,0,0,0,6,0.0
5894,Paid Ads,2025-05-09,,False,True,0,0,0,12,0.0
5895,Paid Ads,2025-06-17,2025-06-20,False,True,3,5,8,12,323.27
5896,Paid Ads,2025-02-22,2025-03-08,False,True,1,6,11,12,459.36
5897,Paid Ads,2025-05-07,2025-05-21,False,True,4,11,14,12,419.11
5898,Referrals,2025-04-11,2025-04-18,False,True,4,5,9,4,713.73
5899,Organic Search,2025-04-23,2025-04-25,True,False,2,2,2,6,201.93
5900,Social Media,2025-02-20,,True,False,0,0,0,8,0.0
5901,Paid Ads,2025-03-28,,False,True,0,0,0,12,0.0
5902,Referrals,2025-01-08,2025-01-18,False,True,4,10,16,4,1174.75
5903,Organic Search,2025-01-04,2025-01-15,False,True,3,10,13,6,657.52
5904,Paid Ads,2025-05-14,2025-05-16,False,True,3,4,7,12,288.81
5905,Social Media,2025-06-11,2025-06-22,True,False,2,3,3,8,149.03
5906,Referrals,2025-04-16,2025-04-28,False,True,2,7,11,4,1092.91
5907,Paid Ads,2025-05-31,,True,False,0,0,0,12,0.0
5908,Referrals,2025-03-07,2025-03-09,True,False,1,2,2,4,193.94
5909,Organic Search,2025-02-17,,True,False,0,0,0,6,0.0
5910,Paid Ads,2025-04-01,,True,False,0,0,0,12,0.0
5911,Organic Search,2025-02-14,2025-02-20,False,True,2,5,12,6,989.19
5912,Referrals,2025-03-21,2025-04-01,False,True,3,8,9,4,1323.48
5913,Paid Ads,2025-05-20,,True,False,0,0,0,12,0.0
5914,Organic Search,2025-03-30,2025-04-13,True,False,2,2,2,6,150.78
5915,Organic Search,2025-03-12,,False,True,0,0,0,6,0.0
5916,Paid Ads,2025-04-16,2025-04-24,True,False,2,2,2,12,87.61
5917,Referrals,2025-04-29,2025-05-06,False,True,7,11,18,4,2138.4
5918,Social Media,2025-01-27,2025-02-08,True,False,3,3,3,8,94.41
5919,Paid Ads,2025-05-16,,False,True,0,0,0,12,0.0
5920,Paid Ads,2025-04-16,,True,False,0,0,0,12,0.0
5921,Organic Search,2025-05-06,,False,True,0,0,0,6,0.0
5922,Referrals,2025-01-23,2025-01-26,True,False,1,2,2,4,216.07
5923,Social Media,2025-03-03,,False,True,0,0,0,8,0.0
5924,Paid Ads,2025-04-06,2025-04-16,False,True,2,5,10,12,631.27
5925,Organic Search,2025-04-09,2025-04-18,False,True,4,10,11,6,886.91
5926,Referrals,2025-06-10,2025-06-11,True,False,1,1,1,4,79.46
5927,Organic Search,2025-05-22,2025-05-28,False,True,3,7,11,6,973.92
5928,Paid Ads,2025-01-16,,False,True,0,0,0,12,0.0
5929,Paid Ads,2025-01-08,,False,True,0,0,0,12,0.0
5930,Social Media,2025-05-03,2025-05-10,True,False,2,2,2,8,59.55
5931,Social Media,2025-05-01,,False,True,0,0,0,8,0.0
5932,Paid Ads,2025-02-12,2025-02-17,True,False,3,3,3,12,155.0
5933,Organic Search,2025-01-17,2025-01-30,False,True,1,7,13,6,837.96
5934,Paid Ads,2025-01-01,,True,False,0,0,0,12,0.0
5935,Social Media,2025-01-24,,True,False,0,0,0,8,0.0
5936,Paid Ads,2025-04-11,,True,False,0,0,0,12,0.0
5937,Social Media,2025-05-31,,True,False,0,0,0,8,0.0
5938,Paid Ads,2025-02-26,2025-03-08,False,True,6,13,19,12,797.81
5939,Referrals,2025-03-06,2025-03-07,False,True,4,5,11,4,1038.14
5940,Referrals,2025-05-14,2025-05-21,True,False,2,2,2,4,210.22
5941,Paid Ads,2025-01-28,2025-02-05,True,False,2,2,2,12,103.54
5942,Social Media,2025-03-26,2025-04-05,True,False,1,2,2,8,78.93
5943,Referrals,2025-03-30,2025-04-09,False,True,5,12,15,4,1630.33
5944,Paid Ads,2025-04-12,,True,False,0,0,0,12,0.0
5945,Paid Ads,2025-03-16,,True,False,0,0,0,12,0.0
5946,Social Media,2025-02-26,2025-03-07,True,False,3,3,3,8,167.13
5947,Organic Search,2025-06-19,,False,True,0,0,0,6,0.0
5948,Paid Ads,2025-03-17,,True,False,0,0,0,12,0.0
5949,Social Media,2025-06-28,,False,True,0,0,0,8,0.0
5950,Social Media,2025-01-29,,True,False,0,0,0,8,0.0
5951,Social Media,2025-02-04,,True,False,0,0,0,8,0.0
5952,Organic Search,2025-06-11,,False,True,0,0,0,6,0.0
5953,Referrals,2025-04-16,,False,True,0,0,0,4,0.0
5954,Organic Search,2025-04-17,2025-04-19,True,False,1,1,1,6,61.18
5955,Referrals,2025-05-12,2025-05-19,False,True,7,9,13,4,920.85
5956,Referrals,2025-02-03,,False,True,0,0,0,4,0.0
5957,Paid Ads,2025-05-29,,True,False,0,0,0,12,0.0
5958,Referrals,2025-06-21,2025-07-04,False,True,5,8,9,4,537.52
5959,Organic Search,2025-06-08,2025-06-10,True,False,2,3,3,6,220.05
5960,Referrals,2025-03-03,,False,True,0,0,0,4,0.0
5961,Paid Ads,2025-05-06,2025-05-14,True,False,2,3,3,12,109.62
5962,Social Media,2025-01-17,,True,False,0,0,0,8,0.0
5963,Social Media,2025-05-08,,True,False,0,0,0,8,0.0
5964,Paid Ads,2025-04-12,,False,True,0,0,0,12,0.0
5965,Referrals,2025-01-18,2025-01-23,False,True,2,8,14,4,1179.29
5966,Referrals,2025-06-23,2025-06-27,False,True,2,4,7,4,738.44
5967,Referrals,2025-01-27,2025-02-01,False,True,2,9,15,4,1492.67
5968,Social Media,2025-04-16,,True,False,0,0,0,8,0.0
5969,Social Media,2025-06-04,,True,False,0,0,0,8,0.0
5970,Organic Search,2025-01-06,2025-01-18,True,False,2,2,2,6,169.78
5971,Referrals,2025-02-04,2025-02-17,True,False,2,3,3,4,297.85
5972,Paid Ads,2025-06-15,,False,True,0,0,0,12,0.0
5973,Referrals,2025-04-02,2025-04-07,True,False,3,3,3,4,303.38
5974,Paid Ads,2025-02-01,2025-02-09,True,False,3,4,4,12,171.16
5975,Paid Ads,2025-04-18,2025-04-24,False,True,3,5,12,12,490.24
5976,Referrals,2025-02-16,,True,False,0,0,0,4,0.0
5977,Paid Ads,2025-06-25,,True,False,0,0,0,12,0.0
5978,Paid Ads,2025-04-27,,True,False,0,0,0,12,0.0
5979,Social Media,2025-02-07,,True,False,0,0,0,8,0.0
5980,Paid Ads,2025-04-24,,True,False,0,0,0,12,0.0
5981,Paid Ads,2025-06-01,,False,True,0,0,0,12,0.0
5982,Social Media,2025-01-24,,True,False,0,0,0,8,0.0
5983,Social Media,2025-06-06,2025-06-15,True,False,1,2,2,8,80.52
5984,Social Media,2025-01-06,,True,False,0,0,0,8,0.0
5985,Paid Ads,2025-05-22,,True,False,0,0,0,12,0.0
5986,Referrals,2025-02-05,,False,True,0,0,0,4,0.0
5987,Paid Ads,2025-01-03,,True,False,0,0,0,12,0.0
5988,Organic Search,2025-03-09,,False,True,0,0,0,6,0.0
5989,Paid Ads,2025-01-23,2025-01-24,True,False,2,2,2,12,106.59
5990,Referrals,2025-03-26,2025-04-06,False,True,7,10,16,4,2046.28
5991,Paid Ads,2025-03-24,2025-03-27,False,True,1,2,3,12,167.43
5992,Social Media,2025-02-02,,True,False,0,0,0,8,0.0
5993,Paid Ads,2025-05-07,,True,False,0,0,0,12,0.0
5994,Paid Ads,2025-06-03,,True,False,0,0,0,12,0.0
5995,Organic Search,2025-06-10,2025-06-12,True,False,1,1,1,6,81.18
5996,Social Media,2025-01-16,2025-01-17,True,False,1,2,2,8,65.95
5997,Referrals,2025-03-17,2025-03-23,True,False,2,3,3,4,285.66
5998,Referrals,2025-06-24,2025-07-04,False,True,4,6,13,4,1126.41
5999,Referrals,2025-01-14,2025-01-19,False,True,7,12,19,4,1057.85
6000,Referrals,2025-04-25,2025-04-30,False,True,4,10,16,4,1528.51
6001,Referrals,2025-03-27,2025-04-08,False,True,1,6,11,4,856.63
6002,Paid Ads,2025-02-06,,False,True,0,0,0,12,0.0
6003,Paid Ads,2025-05-21,,True,False,0,0,0,12,0.0
6004,Paid Ads,2025-06-21,2025-06-23,True,False,3,4,4,12,224.62
6005,Paid Ads,2025-03-02,2025-03-13,False,True,3,8,11,12,494.39
6006,Organic Search,2025-05-30,,False,True,0,0,0,6,0.0
6007,Social Media,2025-05-05,,False,True,0,0,0,8,0.0
6008,Organic Search,2025-03-10,2025-03-18,False,True,5,7,13,6,695.88
6009,Paid Ads,2025-04-17,2025-04-18,True,False,1,2,2,12,67.32
6010,Organic Search,2025-02-22,2025-03-03,True,False,2,3,3,6,199.11
6011,Organic Search,2025-05-18,,True,False,0,0,0,6,0.0
6012,Referrals,2025-05-10,2025-05-20,False,True,4,8,15,4,1359.93
6013,Paid Ads,2025-03-13,2025-03-23,False,True,7,11,12,12,495.7
6014,Paid Ads,2025-03-23,,True,False,0,0,0,12,0.0
6015,Referrals,2025-01-14,,False,True,0,0,0,4,0.0
6016,Paid Ads,2025-05-30,,True,False,0,0,0,12,0.0
6017,Paid Ads,2025-06-13,,True,False,0,0,0,12,0.0
6018,Paid Ads,2025-05-02,2025-05-14,False,True,3,4,6,12,212.68
6019,Referrals,2025-04-22,2025-04-24,False,True,5,9,13,4,1425.97
6020,Paid Ads,2025-04-08,2025-04-12,False,True,7,8,10,12,453.72
6021,Paid Ads,2025-02-24,2025-03-10,True,False,2,2,2,12,81.71
6022,Paid Ads,2025-01-28,,True,False,0,0,0,12,0.0
6023,Paid Ads,2025-05-27,2025-06-06,False,True,4,7,10,12,449.38
6024,Social Media,2025-02-24,,False,True,0,0,0,8,0.0
6025,Referrals,2025-05-29,2025-06-11,True,False,1,1,1,4,89.3
6026,Social Media,2025-01-31,,True,False,0,0,0,8,0.0
6027,Paid Ads,2025-02-25,2025-03-08,False,True,6,12,18,12,596.79
6028,Paid Ads,2025-06-05,,False,True,0,0,0,12,0.0
6029,Paid Ads,2025-03-28,,False,True,0,0,0,12,0.0
6030,Paid Ads,2025-04-27,2025-05-04,True,False,3,4,4,12,207.84
6031,Referrals,2025-03-24,2025-03-29,False,True,5,7,13,4,1238.3
6032,Paid Ads,2025-01-15,,True,False,0,0,0,12,0.0
6033,Organic Search,2025-02-17,2025-02-24,False,True,6,9,12,6,872.06
6034,Referrals,2025-03-22,2025-03-31,False,True,5,9,16,4,1624.73
6035,Referrals,2025-02-26,2025-02-27,True,False,3,3,3,4,326.88
6036,Paid Ads,2025-01-28,2025-02-05,True,False,1,1,1,12,55.44
6037,Paid Ads,2025-04-24,,True,False,0,0,0,12,0.0
6038,Social Media,2025-03-21,,False,True,0,0,0,8,0.0
6039,Social Media,2025-04-10,,True,False,0,0,0,8,0.0
6040,Organic Search,2025-04-29,,True,False,0,0,0,6,0.0
6041,Organic Search,2025-02-25,,False,True,0,0,0,6,0.0
6042,Paid Ads,2025-02-13,,True,False,0,0,0,12,0.0
6043,Social Media,2025-05-12,2025-05-18,False,True,3,9,15,8,581.46
6044,Organic Search,2025-05-12,2025-05-14,True,False,3,4,4,6,336.03
6045,Paid Ads,2025-01-06,,True,False,0,0,0,12,0.0
6046,Referrals,2025-03-26,,True,False,0,0,0,4,0.0
6047,Social Media,2025-03-22,,False,True,0,0,0,8,0.0
6048,Referrals,2025-01-10,2025-01-15,False,True,1,3,7,4,806.79
6049,Paid Ads,2025-04-03,2025-04-15,False,True,6,12,17,12,556.27
6050,Referrals,2025-06-13,2025-06-26,True,False,3,4,4,4,383.51
6051,Referrals,2025-04-17,2025-04-23,False,True,1,2,4,4,317.76
6052,Paid Ads,2025-05-11,,False,True,0,0,0,12,0.0
6053,Paid Ads,2025-04-04,2025-04-08,True,False,3,3,3,12,133.0
6054,Paid Ads,2025-01-04,,False,True,0,0,0,12,0.0
6055,Paid Ads,2025-01-30,2025-01-31,False,True,3,7,14,12,832.5
6056,Organic Search,2025-01-29,2025-02-09,False,True,3,4,7,6,564.2
6057,Referrals,2025-03-27,2025-04-10,False,True,1,6,10,4,862.76
6058,Organic Search,2025-01-23,2025-01-31,True,False,1,1,1,6,66.65
6059,Referrals,2025-04-18,2025-05-01,False,True,4,5,11,4,1113.12
6060,Social Media,2025-05-06,,True,False,0,0,0,8,0.0
6061,Social Media,2025-05-09,,True,False,0,0,0,8,0.0
6062,Paid Ads,2025-04-04,,True,False,0,0,0,12,0.0
6063,Paid Ads,2025-06-25,,False,True,0,0,0,12,0.0
6064,Paid Ads,2025-05-02,,True,False,0,0,0,12,0.0
6065,Social Media,2025-02-16,,True,False,0,0,0,8,0.0
6066,Social Media,2025-02-09,2025-02-17,False,True,2,8,10,8,455.23
6067,Referrals,2025-05-20,2025-05-24,False,True,6,7,10,4,903.73
6068,Social Media,2025-05-11,,True,False,0,0,0,8,0.0
6069,Referrals,2025-06-10,2025-06-18,False,True,6,11,16,4,1795.05
6070,Paid Ads,2025-03-03,,False,True,0,0,0,12,0.0
6071,Social Media,2025-04-18,,True,False,0,0,0,8,0.0
6072,Paid Ads,2025-01-28,,False,True,0,0,0,12,0.0
6073,Social Media,2025-01-02,,True,False,0,0,0,8,0.0
6074,Paid Ads,2025-02-20,,True,False,0,0,0,12,0.0
6075,Paid Ads,2025-04-23,,False,True,0,0,0,12,0.0
6076,Paid Ads,2025-02-11,2025-02-23,True,False,2,2,2,12,101.9
6077,Referrals,2025-04-29,2025-05-13,False,True,3,6,9,4,1011.83
6078,Paid Ads,2025-03-24,,False,True,0,0,0,12,0.0
6079,Referrals,2025-03-23,2025-04-06,False,True,6,12,15,4,1453.56
6080,Social Media,2025-01-03,,False,True,0,0,0,8,0.0
6081,Social Media,2025-03-27,2025-04-01,True,False,3,4,4,8,72.1
6082,Paid Ads,2025-04-03,,True,False,0,0,0,12,0.0
6083,Paid Ads,2025-02-03,,True,False,0,0,0,12,0.0
6084,Paid Ads,2025-04-01,,False,True,0,0,0,12,0.0
6085,Social Media,2025-01-11,,False,True,0,0,0,8,0.0
6086,Paid Ads,2025-03-16,,False,True,0,0,0,12,0.0
6087,Paid Ads,2025-04-16,,True,False,0,0,0,12,0.0
6088,Referrals,2025-04-02,2025-04-13,False,True,1,4,7,4,699.29
6089,Organic Search,2025-03-07,2025-03-21,False,True,2,4,6,6,427.33
6090,Organic Search,2025-03-07,,True,False,0,0,0,6,0.0
6091,Organic Search,2025-01-04,2025-01-09,True,False,2,3,3,6,224.13
6092,Social Media,2025-04-12,2025-04-26,True,False,3,3,3,8,106.01
6093,Referrals,2025-06-16,,False,True,0,0,0,4,0.0
6094,Paid Ads,2025-01-14,,False,True,0,0,0,12,0.0
6095,Referrals,2025-02-22,2025-03-03,True,False,3,3,3,4,309.56
6096,Referrals,2025-06-19,2025-06-30,False,True,4,8,13,4,1217.85
6097,Social Media,2025-02-08,,True,False,0,0,0,8,0.0
6098,Organic Search,2025-05-23,,False,True,0,0,0,6,0.0
6099,Referrals,2025-03-03,2025-03-09,False,True,4,7,11,4,1067.61
6100,Referrals,2025-02-01,2025-02-09,False,True,3,8,15,4,1170.53
6101,Social Media,2025-02-14,2025-02-25,False,True,5,7,10,8,421.66
6102,Organic Search,2025-06-29,2025-07-10,True,False,2,2,2,6,105.51
6103,Paid Ads,2025-05-26,,True,False,0,0,0,12,0.0
6104,Paid Ads,2025-02-27,,False,True,0,0,0,12,0.0
6105,Social Media,2025-03-16,,True,False,0,0,0,8,0.0
6106,Paid Ads,2025-02-19,,False,True,0,0,0,12,0.0
6107,Paid Ads,2025-06-16,,False,True,0,0,0,12,0.0
6108,Organic Search,2025-03-03,,True,False,0,0,0,6,0.0
6109,Paid Ads,2025-03-22,,True,False,0,0,0,12,0.0
6110,Paid Ads,2025-05-14,,True,False,0,0,0,12,0.0
6111,Referrals,2025-01-28,2025-01-30,False,True,1,3,10,4,916.34
6112,Referrals,2025-04-21,2025-04-30,True,False,2,2,2,4,181.49
6113,Paid Ads,2025-03-07,2025-03-11,True,False,1,1,1,12,54.98
6114,Social Media,2025-01-05,2025-01-10,True,False,3,4,4,8,194.79
6115,Organic Search,2025-03-19,2025-03-22,False,True,2,4,6,6,486.58
6116,Social Media,2025-05-30,,True,False,0,0,0,8,0.0
6117,Social Media,2025-06-02,2025-06-15,True,False,3,4,4,8,174.79
6118,Social Media,2025-03-11,,True,False,0,0,0,8,0.0
6119,Paid Ads,2025-02-07,2025-02-19,True,False,3,4,4,12,151.53
6120,Social Media,2025-01-23,,True,False,0,0,0,8,0.0
6121,Paid Ads,2025-01-29,2025-02-03,False,True,7,13,18,12,703.71
6122,Paid Ads,2025-06-17,,True,False,0,0,0,12,0.0
6123,Paid Ads,2025-02-11,2025-02-21,True,False,1,2,2,12,66.8
6124,Social Media,2025-03-19,,False,True,0,0,0,8,0.0
6125,Referrals,2025-03-11,,False,True,0,0,0,4,0.0
6126,Paid Ads,2025-01-05,2025-01-18,False,True,2,6,11,12,470.2
6127,Organic Search,2025-06-28,,False,True,0,0,0,6,0.0
6128,Organic Search,2025-04-11,2025-04-14,False,True,2,8,11,6,668.77
6129,Social Media,2025-04-29,,True,False,0,0,0,8,0.0
6130,Organic Search,2025-02-24,2025-03-08,True,False,1,1,1,6,43.64
6131,Referrals,2025-02-27,2025-03-04,False,True,4,7,11,4,1248.43
6132,Social Media,2025-03-15,,True,False,0,0,0,8,0.0
6133,Paid Ads,2025-01-24,2025-01-28,True,False,2,2,2,12,82.75
6134,Social Media,2025-03-19,,False,True,0,0,0,8,0.0
6135,Organic Search,2025-02-15,2025-02-19,False,True,6,11,17,6,1192.31
6136,Organic Search,2025-06-08,2025-06-18,True,False,1,2,2,6,190.16
6137,Paid Ads,2025-03-13,2025-03-22,True,False,1,2,2,12,68.59
6138,Organic Search,2025-03-06,2025-03-07,True,False,1,1,1,6,87.8
6139,Paid Ads,2025-03-17,2025-03-31,False,True,6,11,16,12,664.73
6140,Referrals,2025-01-26,2025-02-05,True,False,2,2,2,4,240.45
6141,Referrals,2025-06-12,2025-06-22,True,False,2,3,3,4,274.9
6142,Social Media,2025-04-06,,True,False,0,0,0,8,0.0
6143,Referrals,2025-01-23,2025-01-28,False,True,1,4,10,4,1031.38
6144,Referrals,2025-05-07,2025-05-21,False,True,6,9,14,4,1609.15
6145,Organic Search,2025-05-16,2025-05-26,True,False,2,2,2,6,124.82
6146,Referrals,2025-04-01,2025-04-12,False,True,6,8,10,4,1033.72
6147,Paid Ads,2025-04-29,,False,True,0,0,0,12,0.0
6148,Social Media,2025-06-05,,True,False,0,0,0,8,0.0
6149,Social Media,2025-03-01,,True,False,0,0,0,8,0.0
6150,Social Media,2025-05-15,2025-05-19,False,True,3,10,14,8,454.8
6151,Paid Ads,2025-01-23,,True,False,0,0,0,12,0.0
6152,Social Media,2025-06-27,,True,False,0,0,0,8,0.0
6153,Social Media,2025-03-11,,True,False,0,0,0,8,0.0
6154,Social Media,2025-04-13,,True,False,0,0,0,8,0.0
6155,Social Media,2025-03-17,,True,False,0,0,0,8,0.0
6156,Paid Ads,2025-02-04,,True,False,0,0,0,12,0.0
6157,Organic Search,2025-04-10,,True,False,0,0,0,6,0.0
6158,Social Media,2025-05-05,,True,False,0,0,0,8,0.0
6159,Referrals,2025-06-01,,False,True,0,0,0,4,0.0
6160,Paid Ads,2025-04-06,,False,True,0,0,0,12,0.0
6161,Organic Search,2025-04-25,2025-05-01,False,True,7,14,20,6,1617.84
6162,Organic Search,2025-03-06,,True,False,0,0,0,6,0.0
6163,Social Media,2025-03-21,2025-04-02,False,True,6,7,14,8,591.46
6164,Referrals,2025-01-29,2025-02-08,True,False,2,3,3,4,416.46
6165,Paid Ads,2025-06-26,2025-07-04,True,False,3,4,4,12,226.39
6166,Social Media,2025-01-07,2025-01-13,True,False,1,2,2,8,82.53
6167,Organic Search,2025-04-20,,True,False,0,0,0,6,0.0
6168,Paid Ads,2025-05-27,2025-06-07,False,True,4,11,16,12,685.66
6169,Social Media,2025-03-19,2025-03-27,True,False,3,4,4,8,173.2
6170,Referrals,2025-01-17,,False,True,0,0,0,4,0.0
6171,Social Media,2025-05-28,,True,False,0,0,0,8,0.0
6172,Paid Ads,2025-06-23,,False,True,0,0,0,12,0.0
6173,Social Media,2025-01-02,2025-01-15,True,False,1,2,2,8,42.72
6174,Social Media,2025-05-05,,True,False,0,0,0,8,0.0
6175,Social Media,2025-06-24,2025-07-01,True,False,1,2,2,8,61.06
6176,Social Media,2025-03-26,,True,False,0,0,0,8,0.0
6177,Paid Ads,2025-05-10,2025-05-14,True,False,2,2,2,12,108.83
6178,Paid Ads,2025-05-29,,True,False,0,0,0,12,0.0
6179,Referrals,2025-04-03,,False,True,0,0,0,4,0.0
6180,Paid Ads,2025-02-24,2025-03-03,False,True,5,9,16,12,839.79
6181,Paid Ads,2025-03-15,2025-03-25,True,False,3,4,4,12,206.3
6182,Paid Ads,2025-04-07,,True,False,0,0,0,12,0.0
6183,Social Media,2025-01-07,,True,False,0,0,0,8,0.0
6184,Paid Ads,2025-01-21,,True,False,0,0,0,12,0.0
6185,Social Media,2025-01-29,,True,False,0,0,0,8,0.0
6186,Social Media,2025-04-05,,True,False,0,0,0,8,0.0
6187,Social Media,2025-03-25,2025-03-30,True,False,3,3,3,8,67.4
6188,Paid Ads,2025-04-17,,True,False,0,0,0,12,0.0
6189,Referrals,2025-03-17,2025-03-21,False,True,2,4,7,4,538.41
6190,Referrals,2025-03-22,2025-03-23,False,True,2,9,13,4,1129.2
6191,Organic Search,2025-01-06,,True,False,0,0,0,6,0.0
6192,Paid Ads,2025-06-09,,True,False,0,0,0,12,0.0
6193,Referrals,2025-01-07,2025-01-13,False,True,5,6,8,4,649.8
6194,Social Media,2025-04-04,,False,True,0,0,0,8,0.0
6195,Paid Ads,2025-01-05,,True,False,0,0,0,12,0.0
6196,Paid Ads,2025-03-22,,False,True,0,0,0,12,0.0
6197,Social Media,2025-03-28,2025-04-10,True,False,1,1,1,8,38.64
6198,Organic Search,2025-05-21,2025-05-31,False,True,5,12,14,6,799.0
6199,Paid Ads,2025-02-05,2025-02-13,True,False,2,2,2,12,114.54
6200,Paid Ads,2025-01-01,,True,False,0,0,0,12,0.0
6201,Social Media,2025-05-25,,True,False,0,0,0,8,0.0
6202,Organic Search,2025-03-04,,False,True,0,0,0,6,0.0
6203,Organic Search,2025-03-20,2025-03-22,False,True,2,9,16,6,1356.68
6204,Social Media,2025-05-16,,True,False,0,0,0,8,0.0
6205,Organic Search,2025-03-18,,False,True,0,0,0,6,0.0
6206,Social Media,2025-06-05,,True,False,0,0,0,8,0.0
6207,Paid Ads,2025-03-31,,True,False,0,0,0,12,0.0
6208,Organic Search,2025-06-13,,False,True,0,0,0,6,0.0
6209,Social Media,2025-03-03,,True,False,0,0,0,8,0.0
6210,Paid Ads,2025-04-25,,True,False,0,0,0,12,0.0
6211,Paid Ads,2025-01-11,2025-01-16,True,False,3,4,4,12,189.18
6212,Social Media,2025-03-01,,True,False,0,0,0,8,0.0
6213,Social Media,2025-01-03,,True,False,0,0,0,8,0.0
6214,Social Media,2025-02-21,,True,False,0,0,0,8,0.0
6215,Paid Ads,2025-02-13,2025-02-20,False,True,3,7,11,12,384.27
6216,Social Media,2025-04-17,,True,False,0,0,0,8,0.0
6217,Social Media,2025-03-18,2025-03-30,True,False,1,1,1,8,24.28
6218,Social Media,2025-02-11,,True,False,0,0,0,8,0.0
6219,Referrals,2025-01-17,2025-01-26,False,True,4,11,16,4,1861.06
6220,Paid Ads,2025-03-08,2025-03-22,True,False,3,4,4,12,245.48
6221,Paid Ads,2025-04-25,2025-04-30,True,False,1,2,2,12,78.44
6222,Paid Ads,2025-03-08,,True,False,0,0,0,12,0.0
6223,Paid Ads,2025-02-07,2025-02-09,False,True,4,7,13,12,572.97
6224,Organic Search,2025-05-10,,False,True,0,0,0,6,0.0
6225,Organic Search,2025-06-16,2025-06-23,True,False,1,1,1,6,71.74
6226,Paid Ads,2025-03-28,,True,False,0,0,0,12,0.0
6227,Social Media,2025-01-24,2025-02-06,False,True,5,6,12,8,450.42
6228,Paid Ads,2025-06-03,2025-06-08,False,True,2,6,10,12,423.02
6229,Organic Search,2025-03-25,2025-04-02,True,False,2,2,2,6,171.02
6230,Paid Ads,2025-05-18,,True,False,0,0,0,12,0.0
6231,Organic Search,2025-04-22,2025-04-25,False,True,6,7,8,6,363.19
6232,Paid Ads,2025-02-18,,True,False,0,0,0,12,0.0
6233,Social Media,2025-05-25,,True,False,0,0,0,8,0.0
6234,Referrals,2025-05-04,,True,False,0,0,0,4,0.0
6235,Paid Ads,2025-04-23,2025-05-01,True,False,1,2,2,12,86.52
6236,Organic Search,2025-02-26,,False,True,0,0,0,6,0.0
6237,Referrals,2025-06-10,2025-06-18,True,False,2,2,2,4,238.01
6238,Paid Ads,2025-02-13,,False,True,0,0,0,12,0.0
6239,Referrals,2025-02-25,2025-03-04,False,True,7,9,10,4,782.91
6240,Social Media,2025-02-24,2025-03-02,True,False,1,1,1,8,51.61
6241,Referrals,2025-03-05,,False,True,0,0,0,4,0.0
6242,Organic Search,2025-03-17,,False,True,0,0,0,6,0.0
6243,Paid Ads,2025-03-17,,False,True,0,0,0,12,0.0
6244,Organic Search,2025-06-04,2025-06-05,True,False,3,3,3,6,234.52
6245,Paid Ads,2025-02-01,,False,True,0,0,0,12,0.0
6246,Social Media,2025-04-06,2025-04-14,True,False,1,2,2,8,86.74
6247,Social Media,2025-04-10,,True,False,0,0,0,8,0.0
6248,Paid Ads,2025-01-29,2025-02-02,False,True,7,9,15,12,584.13
6249,Paid Ads,2025-04-06,,True,False,0,0,0,12,0.0
6250,Paid Ads,2025-03-05,,False,True,0,0,0,12,0.0
6251,Referrals,2025-02-05,2025-02-09,False,True,7,8,11,4,693.07
6252,Social Media,2025-04-05,,True,False,0,0,0,8,0.0
6253,Paid Ads,2025-05-31,2025-06-10,True,False,3,3,3,12,156.74
6254,Referrals,2025-01-24,2025-01-28,False,True,4,5,11,4,911.02
6255,Social Media,2025-02-14,2025-02-21,False,True,2,9,11,8,475.38
6256,Social Media,2025-06-27,2025-07-09,True,False,3,4,4,8,167.98
6257,Paid Ads,2025-03-04,2025-03-15,False,True,3,8,13,12,609.74
6258,Paid Ads,2025-05-23,2025-05-28,False,True,7,13,17,12,626.36
6259,Social Media,2025-03-08,,True,False,0,0,0,8,0.0
6260,Referrals,2025-01-16,2025-01-18,False,True,5,11,14,4,1254.39
6261,Social Media,2025-06-11,,False,True,0,0,0,8,0.0
6262,Social Media,2025-06-03,,False,True,0,0,0,8,0.0
6263,Paid Ads,2025-05-29,2025-06-08,True,False,2,3,3,12,73.79
6264,Organic Search,2025-03-25,2025-04-01,False,True,7,13,20,6,1666.05
6265,Paid Ads,2025-03-23,,False,True,0,0,0,12,0.0
6266,Paid Ads,2025-05-17,2025-05-22,True,False,1,1,1,12,50.82
6267,Paid Ads,2025-06-20,,True,False,0,0,0,12,0.0
6268,Organic Search,2025-01-15,2025-01-24,True,False,3,3,3,6,189.94
6269,Paid Ads,2025-01-22,,True,False,0,0,0,12,0.0
6270,Paid Ads,2025-05-11,2025-05-17,False,True,5,10,14,12,630.39
6271,Paid Ads,2025-06-21,,True,False,0,0,0,12,0.0
6272,Social Media,2025-04-02,,True,False,0,0,0,8,0.0
6273,Social Media,2025-01-31,2025-02-13,False,True,3,8,11,8,477.02
6274,Social Media,2025-03-11,,True,False,0,0,0,8,0.0
6275,Referrals,2025-01-13,,False,True,0,0,0,4,0.0
6276,Paid Ads,2025-04-06,2025-04-17,False,True,4,9,15,12,786.17
6277,Referrals,2025-01-02,2025-01-11,True,False,2,3,3,4,302.3
6278,Organic Search,2025-04-12,,False,True,0,0,0,6,0.0
6279,Referrals,2025-01-30,,True,False,0,0,0,4,0.0
6280,Paid Ads,2025-04-18,,True,False,0,0,0,12,0.0
6281,Organic Search,2025-01-02,,True,False,0,0,0,6,0.0
6282,Paid Ads,2025-01-28,,True,False,0,0,0,12,0.0
6283,Referrals,2025-01-11,2025-01-17,False,True,7,12,18,4,2028.02
6284,Referrals,2025-05-12,2025-05-16,False,True,2,8,13,4,1455.28
6285,Social Media,2025-06-17,,False,True,0,0,0,8,0.0
6286,Paid Ads,2025-06-06,,True,False,0,0,0,12,0.0
6287,Referrals,2025-03-30,2025-04-04,False,True,3,5,11,4,805.72
6288,Paid Ads,2025-02-07,,False,True,0,0,0,12,0.0
6289,Referrals,2025-05-08,,False,True,0,0,0,4,0.0
6290,Social Media,2025-01-22,2025-01-30,True,False,3,4,4,8,176.47
6291,Referrals,2025-06-16,2025-06-28,False,True,4,7,11,4,957.62
6292,Referrals,2025-06-15,2025-06-17,True,False,3,3,3,4,293.52
6293,Social Media,2025-01-19,2025-01-28,True,False,2,2,2,8,77.76
6294,Social Media,2025-05-21,,True,False,0,0,0,8,0.0
6295,Paid Ads,2025-02-28,,True,False,0,0,0,12,0.0
6296,Organic Search,2025-01-07,2025-01-14,True,False,3,4,4,6,324.63
6297,Social Media,2025-05-18,2025-05-30,True,False,1,2,2,8,100.86
6298,Organic Search,2025-05-19,2025-05-20,True,False,3,4,4,6,269.83
6299,Paid Ads,2025-05-18,,False,True,0,0,0,12,0.0
6300,Referrals,2025-02-23,2025-03-01,False,True,1,3,4,4,377.53
6301,Organic Search,2025-04-01,,True,False,0,0,0,6,0.0
6302,Paid Ads,2025-01-06,2025-01-10,False,True,1,4,6,12,262.28
6303,Paid Ads,2025-04-25,2025-05-01,True,False,1,2,2,12,93.82
6304,Paid Ads,2025-04-09,,True,False,0,0,0,12,0.0
6305,Paid Ads,2025-05-26,,True,False,0,0,0,12,0.0
6306,Referrals,2025-02-14,,True,False,0,0,0,4,0.0
6307,Referrals,2025-05-24,2025-05-31,False,True,6,10,17,4,1339.7
6308,Referrals,2025-01-27,,False,True,0,0,0,4,0.0
6309,Social Media,2025-02-21,,True,False,0,0,0,8,0.0
6310,Referrals,2025-05-21,2025-05-27,True,False,1,2,2,4,216.18
6311,Paid Ads,2025-01-06,,False,True,0,0,0,12,0.0
6312,Social Media,2025-06-14,,True,False,0,0,0,8,0.0
6313,Organic Search,2025-06-07,2025-06-10,False,True,2,4,10,6,622.92
6314,Paid Ads,2025-02-25,,False,True,0,0,0,12,0.0
6315,Paid Ads,2025-04-15,,True,False,0,0,0,12,0.0
6316,Paid Ads,2025-05-09,,True,False,0,0,0,12,0.0
6317,Social Media,2025-05-25,,True,False,0,0,0,8,0.0
6318,Social Media,2025-06-28,,False,True,0,0,0,8,0.0
6319,Referrals,2025-02-05,2025-02-14,False,True,2,3,10,4,1024.59
6320,Referrals,2025-04-14,2025-04-27,False,True,6,7,10,4,683.32
6321,Organic Search,2025-04-28,,True,False,0,0,0,6,0.0
6322,Referrals,2025-02-26,,False,True,0,0,0,4,0.0
6323,Paid Ads,2025-02-04,2025-02-12,False,True,2,6,13,12,536.48
6324,Referrals,2025-03-19,2025-03-23,False,True,3,6,11,4,1090.72
6325,Referrals,2025-05-22,2025-06-05,True,False,3,3,3,4,352.25
6326,Organic Search,2025-06-12,2025-06-21,False,True,2,8,12,6,717.18
6327,Referrals,2025-01-13,,False,True,0,0,0,4,0.0
6328,Social Media,2025-05-06,,True,False,0,0,0,8,0.0
6329,Paid Ads,2025-05-06,2025-05-08,True,False,1,2,2,12,87.64
6330,Paid Ads,2025-01-23,2025-02-06,True,False,2,2,2,12,94.65
6331,Referrals,2025-06-19,2025-06-28,True,False,1,1,1,4,93.1
6332,Social Media,2025-04-25,2025-04-26,True,False,3,3,3,8,138.54
6333,Social Media,2025-04-18,,True,False,0,0,0,8,0.0
6334,Paid Ads,2025-06-02,2025-06-15,True,False,3,3,3,12,143.57
6335,Organic Search,2025-01-21,2025-01-22,True,False,2,2,2,6,143.48
6336,Social Media,2025-03-02,,False,True,0,0,0,8,0.0
6337,Social Media,2025-05-29,2025-06-01,True,False,1,1,1,8,35.46
6338,Social Media,2025-04-13,,True,False,0,0,0,8,0.0
6339,Referrals,2025-01-29,2025-02-02,True,False,1,1,1,4,124.68
6340,Paid Ads,2025-01-20,,False,True,0,0,0,12,0.0
6341,Organic Search,2025-03-30,2025-04-09,False,True,4,6,9,6,645.47
6342,Organic Search,2025-03-01,,False,True,0,0,0,6,0.0
6343,Paid Ads,2025-05-25,,False,True,0,0,0,12,0.0
6344,Paid Ads,2025-04-17,2025-05-01,True,False,2,3,3,12,132.0
6345,Paid Ads,2025-03-29,,True,False,0,0,0,12,0.0
6346,Referrals,2025-04-22,,False,True,0,0,0,4,0.0
6347,Social Media,2025-04-13,,False,True,0,0,0,8,0.0
6348,Referrals,2025-04-07,2025-04-09,False,True,1,6,11,4,1153.26
6349,Paid Ads,2025-05-29,,True,False,0,0,0,12,0.0
6350,Organic Search,2025-05-26,2025-06-02,False,True,5,9,14,6,1031.74
6351,Paid Ads,2025-04-09,,True,False,0,0,0,12,0.0
6352,Paid Ads,2025-01-20,,True,False,0,0,0,12,0.0
6353,Organic Search,2025-03-20,2025-03-26,True,False,3,4,4,6,290.52
6354,Referrals,2025-03-07,2025-03-21,True,False,2,2,2,4,214.79
6355,Social Media,2025-04-15,,True,False,0,0,0,8,0.0
6356,Referrals,2025-05-04,2025-05-16,False,True,4,7,9,4,1078.91
6357,Organic Search,2025-01-24,,False,True,0,0,0,6,0.0
6358,Referrals,2025-06-15,2025-06-19,True,False,2,3,3,4,365.07
6359,Paid Ads,2025-03-23,2025-03-24,True,False,1,2,2,12,93.31
6360,Referrals,2025-03-27,2025-03-29,True,False,1,2,2,4,114.31
6361,Social Media,2025-04-19,2025-04-30,True,False,1,1,1,8,30.88
6362,Organic Search,2025-01-30,,False,True,0,0,0,6,0.0
6363,Organic Search,2025-05-19,,False,True,0,0,0,6,0.0
6364,Referrals,2025-01-05,2025-01-06,True,False,1,2,2,4,174.65
6365,Referrals,2025-01-19,2025-01-29,True,False,3,3,3,4,276.2
6366,Organic Search,2025-01-29,,True,False,0,0,0,6,0.0
6367,Referrals,2025-01-30,2025-02-10,False,True,7,14,15,4,1415.1
6368,Paid Ads,2025-01-07,,True,False,0,0,0,12,0.0
6369,Organic Search,2025-01-25,2025-02-03,True,False,1,2,2,6,148.13
6370,Paid Ads,2025-03-31,,True,False,0,0,0,12,0.0
6371,Referrals,2025-05-08,2025-05-11,False,True,4,5,10,4,1062.1
6372,Referrals,2025-05-11,2025-05-19,False,True,1,2,6,4,600.05
6373,Paid Ads,2025-05-05,2025-05-17,False,True,5,9,13,12,598.43
6374,Referrals,2025-04-29,2025-05-06,True,False,3,3,3,4,388.3
6375,Paid Ads,2025-03-15,2025-03-16,True,False,1,1,1,12,48.18
6376,Referrals,2025-03-04,2025-03-15,False,True,3,5,8,4,608.43
6377,Referrals,2025-03-20,,False,True,0,0,0,4,0.0
6378,Social Media,2025-04-26,2025-05-10,True,False,1,1,1,8,35.36
6379,Organic Search,2025-06-29,,True,False,0,0,0,6,0.0
6380,Paid Ads,2025-06-04,,True,False,0,0,0,12,0.0
6381,Paid Ads,2025-01-11,,False,True,0,0,0,12,0.0
6382,Paid Ads,2025-04-29,,True,False,0,0,0,12,0.0
6383,Social Media,2025-06-22,,False,True,0,0,0,8,0.0
6384,Paid Ads,2025-04-13,2025-04-22,True,False,3,3,3,12,124.59
6385,Social Media,2025-03-04,,True,False,0,0,0,8,0.0
6386,Social Media,2025-05-22,,True,False,0,0,0,8,0.0
6387,Social Media,2025-02-25,,False,True,0,0,0,8,0.0
6388,Paid Ads,2025-05-13,,True,False,0,0,0,12,0.0
6389,Referrals,2025-02-21,2025-02-27,False,True,4,8,9,4,525.0
6390,Social Media,2025-06-14,2025-06-26,True,False,3,3,3,8,135.94
6391,Referrals,2025-03-20,2025-04-02,True,False,3,4,4,4,302.13
6392,Organic Search,2025-02-28,,True,False,0,0,0,6,0.0
6393,Paid Ads,2025-05-05,,True,False,0,0,0,12,0.0
6394,Paid Ads,2025-04-11,,True,False,0,0,0,12,0.0
6395,Social Media,2025-05-31,,True,False,0,0,0,8,0.0
6396,Referrals,2025-03-09,2025-03-18,False,True,3,5,8,4,1026.7
6397,Referrals,2025-05-09,2025-05-20,False,True,1,2,5,4,460.62
6398,Organic Search,2025-02-13,2025-02-19,False,True,4,11,12,6,485.1
6399,Referrals,2025-04-18,2025-04-20,True,False,1,2,2,4,161.54
6400,Paid Ads,2025-04-30,,True,False,0,0,0,12,0.0
6401,Social Media,2025-06-14,,False,True,0,0,0,8,0.0
6402,Organic Search,2025-04-14,2025-04-15,False,True,5,11,15,6,848.86
6403,Paid Ads,2025-03-29,,False,True,0,0,0,12,0.0
6404,Organic Search,2025-03-05,2025-03-10,False,True,7,14,18,6,1271.09
6405,Referrals,2025-04-26,,False,True,0,0,0,4,0.0
6406,Referrals,2025-04-12,2025-04-25,False,True,6,7,14,4,989.18
6407,Organic Search,2025-05-12,,True,False,0,0,0,6,0.0
6408,Organic Search,2025-05-10,,True,False,0,0,0,6,0.0
6409,Organic Search,2025-06-28,2025-07-11,False,True,4,8,10,6,725.62
6410,Referrals,2025-03-07,2025-03-21,False,True,2,7,11,4,1118.64
6411,Organic Search,2025-05-23,2025-05-28,False,True,6,11,16,6,1441.57
6412,Paid Ads,2025-06-18,,True,False,0,0,0,12,0.0
6413,Referrals,2025-06-27,2025-06-29,False,True,3,10,12,4,1357.82
6414,Referrals,2025-01-16,,True,False,0,0,0,4,0.0
6415,Referrals,2025-05-19,2025-05-22,False,True,7,12,15,4,1315.45
6416,Referrals,2025-05-11,2025-05-16,False,True,2,6,12,4,1114.73
6417,Social Media,2025-05-03,,False,True,0,0,0,8,0.0
6418,Referrals,2025-01-22,2025-01-23,False,True,6,10,15,4,1677.65
6419,Organic Search,2025-01-30,,True,False,0,0,0,6,0.0
6420,Paid Ads,2025-02-20,,True,False,0,0,0,12,0.0
6421,Referrals,2025-03-19,2025-03-23,False,True,1,2,4,4,199.32
6422,Social Media,2025-05-27,2025-05-28,False,True,7,9,11,8,350.86
6423,Paid Ads,2025-06-19,2025-06-20,True,False,3,4,4,12,177.85
6424,Paid Ads,2025-02-07,2025-02-08,True,False,2,2,2,12,90.39
6425,Social Media,2025-04-30,,True,False,0,0,0,8,0.0
6426,Paid Ads,2025-01-27,,False,True,0,0,0,12,0.0
6427,Social Media,2025-01-11,2025-01-15,True,False,2,3,3,8,122.16
6428,Social Media,2025-03-12,,False,True,0,0,0,8,0.0
6429,Referrals,2025-02-03,2025-02-05,False,True,2,6,7,4,784.12
6430,Referrals,2025-04-06,2025-04-14,False,True,2,7,13,4,1341.47
6431,Organic Search,2025-01-04,2025-01-09,False,True,5,11,12,6,993.57
6432,Referrals,2025-02-20,2025-03-04,True,False,3,3,3,4,308.3
6433,Organic Search,2025-03-22,2025-04-05,False,True,6,10,15,6,1012.53
6434,Organic Search,2025-05-01,,False,True,0,0,0,6,0.0
6435,Paid Ads,2025-04-11,,True,False,0,0,0,12,0.0
6436,Social Media,2025-05-05,2025-05-10,False,True,1,3,9,8,286.44
6437,Paid Ads,2025-05-07,2025-05-20,False,True,1,5,10,12,333.33
6438,Paid Ads,2025-01-24,2025-02-01,True,False,1,1,1,12,65.32
6439,Paid Ads,2025-04-14,2025-04-24,True,False,3,3,3,12,112.93
6440,Referrals,2025-02-07,2025-02-09,False,True,6,12,18,4,1189.78
6441,Referrals,2025-01-06,2025-01-09,True,False,1,1,1,4,69.7
6442,Paid Ads,2025-05-20,,True,False,0,0,0,12,0.0
6443,Paid Ads,2025-06-09,,True,False,0,0,0,12,0.0
6444,Referrals,2025-06-21,2025-06-24,True,False,3,3,3,4,255.47
6445,Social Media,2025-06-13,,False,True,0,0,0,8,0.0
6446,Referrals,2025-02-24,2025-03-10,False,True,7,9,10,4,1004.47
6447,Referrals,2025-06-12,2025-06-24,True,False,1,2,2,4,191.24
6448,Referrals,2025-01-01,2025-01-10,True,False,1,1,1,4,89.12
6449,Social Media,2025-01-10,,True,False,0,0,0,8,0.0
6450,Social Media,2025-03-10,2025-03-15,False,True,5,9,13,8,603.02
6451,Paid Ads,2025-05-23,,False,True,0,0,0,12,0.0
6452,Paid Ads,2025-05-06,2025-05-13,True,False,3,4,4,12,200.33
6453,Organic Search,2025-01-09,2025-01-17,True,False,3,3,3,6,229.91
6454,Organic Search,2025-02-24,,True,False,0,0,0,6,0.0
6455,Referrals,2025-02-17,,False,True,0,0,0,4,0.0
6456,Social Media,2025-02-24,2025-03-05,False,True,2,8,14,8,498.86
6457,Organic Search,2025-03-17,2025-03-25,False,True,6,11,12,6,762.98
6458,Paid Ads,2025-04-24,,False,True,0,0,0,12,0.0
6459,Paid Ads,2025-01-11,,False,True,0,0,0,12,0.0
6460,Paid Ads,2025-04-06,2025-04-10,True,False,3,3,3,12,66.72
6461,Social Media,2025-03-01,,True,False,0,0,0,8,0.0
6462,Organic Search,2025-06-02,2025-06-04,True,False,3,4,4,6,291.34
6463,Organic Search,2025-05-21,2025-05-31,False,True,3,8,14,6,940.01
6464,Social Media,2025-06-06,2025-06-10,True,False,3,4,4,8,114.41
6465,Organic Search,2025-03-29,,False,True,0,0,0,6,0.0
6466,Social Media,2025-05-05,2025-05-13,True,False,3,4,4,8,172.15
6467,Social Media,2025-04-13,2025-04-19,True,False,3,4,4,8,130.3
6468,Paid Ads,2025-04-24,,False,True,0,0,0,12,0.0
6469,Paid Ads,2025-01-16,,True,False,0,0,0,12,0.0
6470,Paid Ads,2025-04-26,2025-05-09,False,True,4,11,18,12,916.76
6471,Referrals,2025-01-06,,False,True,0,0,0,4,0.0
6472,Social Media,2025-04-26,,True,False,0,0,0,8,0.0
6473,Paid Ads,2025-05-11,,False,True,0,0,0,12,0.0
6474,Paid Ads,2025-04-17,2025-04-26,True,False,2,2,2,12,84.2
6475,Referrals,2025-04-12,2025-04-17,False,True,3,9,10,4,775.58
6476,Paid Ads,2025-01-09,2025-01-20,True,False,2,2,2,12,108.39
6477,Organic Search,2025-03-18,,False,True,0,0,0,6,0.0
6478,Paid Ads,2025-02-18,2025-02-27,True,False,3,4,4,12,185.22
6479,Referrals,2025-04-15,2025-04-23,False,True,6,8,9,4,721.17
6480,Social Media,2025-04-03,2025-04-04,True,False,2,3,3,8,115.44
6481,Paid Ads,2025-05-18,,False,True,0,0,0,12,0.0
6482,Paid Ads,2025-05-28,2025-05-31,False,True,1,4,11,12,523.46
6483,Paid Ads,2025-06-21,2025-07-04,False,True,6,12,15,12,590.26
6484,Referrals,2025-03-06,,False,True,0,0,0,4,0.0
6485,Paid Ads,2025-01-04,2025-01-16,True,False,3,3,3,12,118.64
6486,Referrals,2025-04-25,2025-04-30,True,False,3,3,3,4,240.83
6487,Organic Search,2025-06-05,,True,False,0,0,0,6,0.0
6488,Organic Search,2025-05-09,2025-05-23,True,False,3,4,4,6,239.79
6489,Social Media,2025-06-05,,True,False,0,0,0,8,0.0
6490,Referrals,2025-01-07,2025-01-21,False,True,7,11,18,4,1954.49
6491,Paid Ads,2025-03-26,2025-04-08,False,True,7,14,16,12,800.13
6492,Paid Ads,2025-02-07,,True,False,0,0,0,12,0.0
6493,Paid Ads,2025-06-13,2025-06-17,True,False,2,2,2,12,107.86
6494,Paid Ads,2025-02-28,2025-03-06,True,False,1,1,1,12,35.44
6495,Organic Search,2025-05-06,2025-05-15,True,False,1,2,2,6,146.81
6496,Paid Ads,2025-03-19,2025-03-31,False,True,4,6,13,12,663.36
6497,Social Media,2025-04-05,,True,False,0,0,0,8,0.0
6498,Referrals,2025-04-05,2025-04-11,True,False,2,3,3,4,272.16
6499,Paid Ads,2025-02-20,2025-02-28,True,False,3,4,4,12,120.2
6500,Organic Search,2025-05-29,,True,False,0,0,0,6,0.0
6501,Paid Ads,2025-05-10,2025-05-22,False,True,5,10,16,12,749.9
6502,Social Media,2025-01-18,2025-02-01,True,False,2,2,2,8,82.78
6503,Paid Ads,2025-02-24,,True,False,0,0,0,12,0.0
6504,Referrals,2025-03-12,2025-03-24,False,True,5,8,12,4,1098.51
6505,Paid Ads,2025-05-22,2025-05-29,True,False,1,1,1,12,49.6
6506,Social Media,2025-06-28,,True,False,0,0,0,8,0.0
6507,Paid Ads,2025-05-31,2025-06-10,True,False,3,4,4,12,229.59
6508,Social Media,2025-05-21,,True,False,0,0,0,8,0.0
6509,Social Media,2025-03-06,,True,False,0,0,0,8,0.0
6510,Paid Ads,2025-06-09,2025-06-22,True,False,1,1,1,12,54.9
6511,Referrals,2025-04-01,2025-04-03,False,True,3,10,14,4,1477.76
6512,Referrals,2025-05-11,2025-05-15,False,True,7,13,20,4,1832.49
6513,Organic Search,2025-03-28,2025-04-09,False,True,1,3,8,6,616.12
6514,Organic Search,2025-05-23,2025-06-06,False,True,3,6,10,6,991.99
6515,Referrals,2025-02-25,2025-03-08,False,True,6,7,8,4,727.93
6516,Referrals,2025-05-31,2025-06-13,True,False,2,3,3,4,287.16
6517,Referrals,2025-01-07,,False,True,0,0,0,4,0.0
6518,Referrals,2025-03-07,,False,True,0,0,0,4,0.0
6519,Paid Ads,2025-06-29,,False,True,0,0,0,12,0.0
6520,Organic Search,2025-01-29,,False,True,0,0,0,6,0.0
6521,Referrals,2025-05-18,2025-05-20,True,False,3,4,4,4,310.68
6522,Paid Ads,2025-02-14,,True,False,0,0,0,12,0.0
6523,Social Media,2025-05-27,,True,False,0,0,0,8,0.0
6524,Social Media,2025-02-16,2025-02-22,True,False,2,2,2,8,74.08
6525,Referrals,2025-03-02,2025-03-05,True,False,1,1,1,4,99.06
6526,Organic Search,2025-05-31,,True,False,0,0,0,6,0.0
6527,Organic Search,2025-04-25,2025-04-28,False,True,1,6,10,6,592.61
6528,Organic Search,2025-01-11,2025-01-17,False,True,5,10,16,6,970.34
6529,Referrals,2025-03-17,,False,True,0,0,0,4,0.0
6530,Paid Ads,2025-05-19,2025-05-31,True,False,2,2,2,12,94.65
6531,Referrals,2025-03-17,2025-03-21,True,False,3,4,4,4,422.74
6532,Organic Search,2025-04-17,,True,False,0,0,0,6,0.0
6533,Organic Search,2025-02-04,2025-02-14,False,True,1,3,9,6,625.7
6534,Organic Search,2025-01-24,2025-01-29,True,False,1,1,1,6,84.24
6535,Paid Ads,2025-05-17,2025-05-28,False,True,5,8,10,12,484.01
6536,Referrals,2025-06-12,2025-06-25,False,True,4,8,14,4,1695.53
6537,Paid Ads,2025-03-04,,True,False,0,0,0,12,0.0
6538,Referrals,2025-05-07,2025-05-16,False,True,1,2,3,4,269.84
6539,Referrals,2025-03-23,2025-03-31,False,True,3,7,10,4,1144.3
6540,Referrals,2025-01-05,2025-01-10,True,False,3,3,3,4,366.08
6541,Organic Search,2025-06-16,2025-06-23,False,True,6,13,18,6,1367.41
6542,Paid Ads,2025-05-23,,False,True,0,0,0,12,0.0
6543,Referrals,2025-06-01,2025-06-06,False,True,3,8,12,4,1281.18
6544,Paid Ads,2025-01-05,2025-01-18,True,False,1,1,1,12,52.61
6545,Paid Ads,2025-02-10,,True,False,0,0,0,12,0.0
6546,Paid Ads,2025-01-06,,True,False,0,0,0,12,0.0
6547,Paid Ads,2025-02-09,,False,True,0,0,0,12,0.0
6548,Paid Ads,2025-03-28,,True,False,0,0,0,12,0.0
6549,Organic Search,2025-06-26,2025-06-28,False,True,6,10,11,6,873.8
6550,Paid Ads,2025-01-16,2025-01-20,False,True,6,9,11,12,477.09
6551,Paid Ads,2025-06-23,,True,False,0,0,0,12,0.0
6552,Referrals,2025-05-06,2025-05-12,True,False,3,3,3,4,239.68
6553,Referrals,2025-01-21,2025-01-22,True,False,1,2,2,4,223.08
6554,Social Media,2025-06-13,,False,True,0,0,0,8,0.0
6555,Organic Search,2025-04-20,2025-04-24,True,False,1,1,1,6,76.27
6556,Paid Ads,2025-02-21,,False,True,0,0,0,12,0.0
6557,Paid Ads,2025-04-11,,True,False,0,0,0,12,0.0
6558,Paid Ads,2025-01-27,,True,False,0,0,0,12,0.0
6559,Organic Search,2025-01-21,,True,False,0,0,0,6,0.0
6560,Organic Search,2025-01-20,2025-01-25,True,False,3,3,3,6,261.05
6561,Referrals,2025-05-09,2025-05-18,True,False,2,2,2,4,168.26
6562,Social Media,2025-03-25,2025-04-04,True,False,3,3,3,8,124.06
6563,Paid Ads,2025-06-07,2025-06-08,True,False,3,3,3,12,158.49
6564,Organic Search,2025-02-12,,False,True,0,0,0,6,0.0
6565,Organic Search,2025-03-25,,False,True,0,0,0,6,0.0
6566,Paid Ads,2025-06-24,,False,True,0,0,0,12,0.0
6567,Paid Ads,2025-04-10,,False,True,0,0,0,12,0.0
6568,Organic Search,2025-04-15,2025-04-26,False,True,7,8,14,6,1012.18
6569,Referrals,2025-04-08,2025-04-16,False,True,4,5,9,4,841.23
6570,Referrals,2025-02-25,2025-02-27,False,True,6,8,11,4,1267.79
6571,Paid Ads,2025-01-14,,False,True,0,0,0,12,0.0
6572,Organic Search,2025-05-26,2025-06-09,True,False,2,3,3,6,147.74
6573,Referrals,2025-05-05,2025-05-19,False,True,7,9,11,4,1100.93
6574,Organic Search,2025-02-22,,False,True,0,0,0,6,0.0
6575,Referrals,2025-01-27,2025-02-05,False,True,2,3,10,4,1075.41
6576,Social Media,2025-01-23,,True,False,0,0,0,8,0.0
6577,Paid Ads,2025-01-11,2025-01-23,False,True,6,7,14,12,723.71
6578,Organic Search,2025-05-31,2025-06-12,True,False,3,4,4,6,304.84
6579,Paid Ads,2025-04-06,2025-04-11,True,False,3,3,3,12,129.74
6580,Referrals,2025-03-05,,True,False,0,0,0,4,0.0
6581,Social Media,2025-05-01,,True,False,0,0,0,8,0.0
6582,Referrals,2025-06-01,2025-06-08,True,False,1,2,2,4,169.93
6583,Paid Ads,2025-04-29,2025-05-03,True,False,2,3,3,12,134.11
6584,Social Media,2025-06-27,,True,False,0,0,0,8,0.0
6585,Referrals,2025-01-06,2025-01-11,False,True,6,9,10,4,690.99
6586,Paid Ads,2025-02-23,,False,True,0,0,0,12,0.0
6587,Organic Search,2025-01-19,2025-01-20,False,True,3,9,13,6,847.17
6588,Referrals,2025-04-28,2025-05-11,False,True,5,9,16,4,1900.03
6589,Social Media,2025-03-14,,False,True,0,0,0,8,0.0
6590,Social Media,2025-03-17,,True,False,0,0,0,8,0.0
6591,Paid Ads,2025-05-09,,True,False,0,0,0,12,0.0
6592,Organic Search,2025-03-23,2025-04-01,False,True,4,6,7,6,579.98
6593,Social Media,2025-01-26,,True,False,0,0,0,8,0.0
6594,Organic Search,2025-01-22,2025-01-25,False,True,3,10,17,6,1125.19
6595,Paid Ads,2025-01-28,,True,False,0,0,0,12,0.0
6596,Paid Ads,2025-02-23,2025-03-07,True,False,1,1,1,12,34.73
6597,Organic Search,2025-02-14,,True,False,0,0,0,6,0.0
6598,Paid Ads,2025-04-04,2025-04-07,True,False,1,2,2,12,89.88
6599,Organic Search,2025-04-24,,True,False,0,0,0,6,0.0
6600,Paid Ads,2025-06-09,2025-06-11,True,False,3,3,3,12,133.22
6601,Paid Ads,2025-03-12,2025-03-15,True,False,3,3,3,12,154.36
6602,Referrals,2025-03-28,2025-04-03,False,True,2,8,10,4,1374.59
6603,Referrals,2025-05-28,2025-06-03,False,True,1,7,12,4,968.94
6604,Social Media,2025-02-16,2025-02-19,True,False,1,1,1,8,43.81
6605,Social Media,2025-06-09,,True,False,0,0,0,8,0.0
6606,Social Media,2025-05-15,,True,False,0,0,0,8,0.0
6607,Referrals,2025-06-19,2025-06-27,False,True,1,3,5,4,454.67
6608,Social Media,2025-05-26,2025-05-27,True,False,1,2,2,8,68.9
6609,Referrals,2025-05-15,2025-05-29,False,True,5,12,15,4,1263.4
6610,Paid Ads,2025-05-15,2025-05-21,False,True,6,11,12,12,509.61
6611,Social Media,2025-03-28,,True,False,0,0,0,8,0.0
6612,Referrals,2025-06-06,2025-06-14,True,False,2,3,3,4,216.96
6613,Social Media,2025-06-07,,True,False,0,0,0,8,0.0
6614,Social Media,2025-05-07,,True,False,0,0,0,8,0.0
6615,Referrals,2025-05-05,,False,True,0,0,0,4,0.0
6616,Organic Search,2025-01-03,2025-01-12,False,True,5,6,9,6,597.43
6617,Paid Ads,2025-01-09,,True,False,0,0,0,12,0.0
6618,Paid Ads,2025-01-27,,False,True,0,0,0,12,0.0
6619,Referrals,2025-04-13,2025-04-27,False,True,7,12,19,4,1728.68
6620,Organic Search,2025-03-08,,True,False,0,0,0,6,0.0
6621,Social Media,2025-04-10,,True,False,0,0,0,8,0.0
6622,Organic Search,2025-06-29,,True,False,0,0,0,6,0.0
6623,Organic Search,2025-01-17,,False,True,0,0,0,6,0.0
6624,Referrals,2025-04-07,2025-04-10,True,False,1,1,1,4,98.91
6625,Paid Ads,2025-06-26,,True,False,0,0,0,12,0.0
6626,Paid Ads,2025-06-06,2025-06-18,True,False,3,3,3,12,84.51
6627,Referrals,2025-03-17,2025-03-29,False,True,6,8,10,4,613.16
6628,Paid Ads,2025-06-19,2025-06-28,True,False,2,2,2,12,111.17
6629,Referrals,2025-04-21,2025-05-03,False,True,7,14,17,4,1502.9
6630,Referrals,2025-02-19,2025-02-28,False,True,5,6,11,4,1086.89
6631,Paid Ads,2025-05-17,2025-05-19,True,False,2,3,3,12,145.75
6632,Paid Ads,2025-01-25,,False,True,0,0,0,12,0.0
6633,Social Media,2025-03-12,,True,False,0,0,0,8,0.0
6634,Organic Search,2025-01-29,2025-02-02,True,False,2,3,3,6,208.35
6635,Paid Ads,2025-04-28,,True,False,0,0,0,12,0.0
6636,Referrals,2025-03-25,2025-04-01,False,True,5,10,14,4,1231.96
6637,Paid Ads,2025-02-10,,True,False,0,0,0,12,0.0
6638,Paid Ads,2025-01-24,2025-01-28,False,True,5,7,9,12,341.19
6639,Paid Ads,2025-02-13,2025-02-22,True,False,2,2,2,12,91.13
6640,Referrals,2025-02-15,2025-02-21,False,True,2,8,12,4,1347.33
6641,Social Media,2025-02-28,,True,False,0,0,0,8,0.0
6642,Referrals,2025-02-05,,True,False,0,0,0,4,0.0
6643,Paid Ads,2025-04-03,,False,True,0,0,0,12,0.0
6644,Social Media,2025-01-10,2025-01-11,False,True,7,12,16,8,787.14
6645,Social Media,2025-05-16,,True,False,0,0,0,8,0.0
6646,Referrals,2025-02-13,2025-02-16,False,True,2,3,9,4,1045.45
6647,Paid Ads,2025-02-01,,True,False,0,0,0,12,0.0
6648,Paid Ads,2025-01-17,2025-01-22,True,False,3,3,3,12,115.77
6649,Paid Ads,2025-01-07,2025-01-12,True,False,2,2,2,12,75.84
6650,Paid Ads,2025-06-23,,True,False,0,0,0,12,0.0
6651,Paid Ads,2025-02-24,2025-03-08,True,False,1,2,2,12,76.24
6652,Organic Search,2025-02-15,2025-02-20,False,True,4,8,11,6,636.91
6653,Referrals,2025-03-31,2025-04-03,True,False,2,2,2,4,150.18
6654,Social Media,2025-06-25,,False,True,0,0,0,8,0.0
6655,Paid Ads,2025-02-19,,False,True,0,0,0,12,0.0
6656,Organic Search,2025-05-16,2025-05-29,False,True,6,13,15,6,1296.33
6657,Referrals,2025-02-23,2025-03-06,False,True,2,5,8,4,1127.56
6658,Social Media,2025-05-05,2025-05-08,True,False,2,2,2,8,89.92
6659,Paid Ads,2025-03-09,2025-03-10,True,False,2,3,3,12,141.45
6660,Organic Search,2025-04-21,2025-04-28,True,False,3,3,3,6,271.59
6661,Social Media,2025-04-11,,True,False,0,0,0,8,0.0
6662,Paid Ads,2025-06-22,,True,False,0,0,0,12,0.0
6663,Referrals,2025-01-23,2025-02-04,False,True,6,9,15,4,1350.44
6664,Social Media,2025-04-19,,True,False,0,0,0,8,0.0
6665,Referrals,2025-06-29,2025-07-11,False,True,7,8,10,4,990.41
6666,Paid Ads,2025-04-21,,True,False,0,0,0,12,0.0
6667,Organic Search,2025-05-22,2025-06-02,True,False,2,2,2,6,129.01
6668,Referrals,2025-05-10,2025-05-16,False,True,3,5,8,4,640.45
6669,Organic Search,2025-03-28,2025-04-05,True,False,3,3,3,6,280.53
6670,Social Media,2025-03-06,,True,False,0,0,0,8,0.0
6671,Paid Ads,2025-06-09,,False,True,0,0,0,12,0.0
6672,Organic Search,2025-06-13,2025-06-19,False,True,3,10,11,6,933.69
6673,Referrals,2025-05-08,,False,True,0,0,0,4,0.0
6674,Paid Ads,2025-01-04,,True,False,0,0,0,12,0.0
6675,Referrals,2025-04-27,2025-05-02,True,False,1,1,1,4,111.57
6676,Paid Ads,2025-06-03,2025-06-07,False,True,2,5,10,12,337.94
6677,Organic Search,2025-05-24,,False,True,0,0,0,6,0.0
6678,Organic Search,2025-06-20,,False,True,0,0,0,6,0.0
6679,Paid Ads,2025-02-16,,False,True,0,0,0,12,0.0
6680,Organic Search,2025-03-27,2025-04-09,True,False,2,2,2,6,162.72
6681,Referrals,2025-04-24,2025-05-03,False,True,1,4,5,4,372.81
6682,Referrals,2025-04-17,2025-04-24,True,False,3,4,4,4,402.64
6683,Referrals,2025-04-04,2025-04-05,True,False,3,4,4,4,551.96
6684,Paid Ads,2025-02-13,,True,False,0,0,0,12,0.0
6685,Social Media,2025-05-27,2025-06-01,True,False,3,4,4,8,143.82
6686,Referrals,2025-04-12,2025-04-19,False,True,3,6,12,4,1266.76
6687,Referrals,2025-05-28,2025-06-05,True,False,2,3,3,4,310.15
6688,Social Media,2025-06-01,,True,False,0,0,0,8,0.0
6689,Referrals,2025-04-09,2025-04-14,False,True,2,4,5,4,476.25
6690,Paid Ads,2025-06-26,,True,False,0,0,0,12,0.0
6691,Organic Search,2025-04-22,2025-04-28,False,True,2,7,11,6,872.66
6692,Organic Search,2025-03-08,,False,True,0,0,0,6,0.0
6693,Referrals,2025-06-24,,True,False,0,0,0,4,0.0
6694,Referrals,2025-04-23,2025-05-05,False,True,6,7,11,4,952.9
6695,Referrals,2025-02-03,2025-02-09,False,True,6,13,16,4,1253.05
6696,Referrals,2025-05-09,,False,True,0,0,0,4,0.0
6697,Referrals,2025-06-29,,False,True,0,0,0,4,0.0
6698,Referrals,2025-01-05,2025-01-07,True,False,1,2,2,4,195.31
6699,Paid Ads,2025-03-07,2025-03-17,False,True,5,12,15,12,525.75
6700,Referrals,2025-01-25,,False,True,0,0,0,4,0.0
6701,Paid Ads,2025-03-12,,True,False,0,0,0,12,0.0
6702,Paid Ads,2025-04-07,2025-04-09,True,False,2,3,3,12,68.75
6703,Organic Search,2025-03-11,2025-03-19,False,True,3,10,11,6,644.85
6704,Referrals,2025-05-25,2025-05-30,False,True,7,13,16,4,1486.4
6705,Organic Search,2025-04-28,2025-05-06,True,False,3,4,4,6,258.18
6706,Referrals,2025-04-12,2025-04-24,False,True,6,7,9,4,631.36
6707,Referrals,2025-01-16,2025-01-23,False,True,3,9,12,4,985.79
6708,Paid Ads,2025-03-21,,True,False,0,0,0,12,0.0
6709,Social Media,2025-04-23,,True,False,0,0,0,8,0.0
6710,Referrals,2025-03-22,2025-04-03,False,True,7,8,14,4,878.38
6711,Paid Ads,2025-06-15,,True,False,0,0,0,12,0.0
6712,Paid Ads,2025-03-26,,True,False,0,0,0,12,0.0
6713,Social Media,2025-05-05,2025-05-12,True,False,2,2,2,8,66.95
6714,Organic Search,2025-02-08,2025-02-09,True,False,2,2,2,6,150.0
6715,Social Media,2025-03-10,,False,True,0,0,0,8,0.0
6716,Referrals,2025-01-03,2025-01-05,False,True,7,12,16,4,1595.07
6717,Referrals,2025-03-24,2025-04-03,False,True,4,11,15,4,2049.37
6718,Paid Ads,2025-02-05,2025-02-13,True,False,3,4,4,12,164.32
6719,Paid Ads,2025-02-07,,True,False,0,0,0,12,0.0
6720,Social Media,2025-01-02,,True,False,0,0,0,8,0.0
6721,Paid Ads,2025-05-17,,False,True,0,0,0,12,0.0
6722,Paid Ads,2025-03-14,2025-03-18,True,False,2,3,3,12,121.49
6723,Organic Search,2025-02-09,2025-02-20,True,False,1,2,2,6,125.92
6724,Paid Ads,2025-03-26,2025-04-05,True,False,1,2,2,12,71.5
6725,Referrals,2025-06-27,,False,True,0,0,0,4,0.0
6726,Social Media,2025-06-21,,False,True,0,0,0,8,0.0
6727,Paid Ads,2025-06-19,2025-06-22,True,False,2,2,2,12,103.77
6728,Paid Ads,2025-05-11,2025-05-22,False,True,3,10,12,12,452.36
6729,Referrals,2025-03-11,2025-03-25,True,False,3,4,4,4,453.82
6730,Social Media,2025-06-09,,False,True,0,0,0,8,0.0
6731,Referrals,2025-05-27,2025-06-05,False,True,4,9,13,4,1224.63
6732,Paid Ads,2025-01-20,2025-01-28,False,True,4,9,15,12,473.96
6733,Paid Ads,2025-04-16,,True,False,0,0,0,12,0.0
6734,Social Media,2025-02-21,,True,False,0,0,0,8,0.0
6735,Referrals,2025-06-01,2025-06-03,False,True,4,11,15,4,1470.48
6736,Social Media,2025-02-07,,False,True,0,0,0,8,0.0
6737,Social Media,2025-03-02,,True,False,0,0,0,8,0.0
6738,Referrals,2025-02-10,2025-02-21,True,False,1,2,2,4,103.93
6739,Referrals,2025-01-06,2025-01-07,False,True,3,10,12,4,899.35
6740,Organic Search,2025-06-15,2025-06-28,False,True,5,8,15,6,978.9
6741,Paid Ads,2025-06-15,,True,False,0,0,0,12,0.0
6742,Paid Ads,2025-03-23,2025-03-30,False,True,6,11,13,12,704.16
6743,Paid Ads,2025-04-27,,False,True,0,0,0,12,0.0
6744,Referrals,2025-06-27,2025-06-29,False,True,3,9,13,4,1567.3
6745,Paid Ads,2025-05-23,,True,False,0,0,0,12,0.0
6746,Paid Ads,2025-01-09,,True,False,0,0,0,12,0.0
6747,Paid Ads,2025-05-24,,False,True,0,0,0,12,0.0
6748,Paid Ads,2025-06-01,2025-06-15,True,False,1,2,2,12,99.19
6749,Organic Search,2025-02-12,2025-02-17,False,True,6,7,12,6,901.65
6750,Paid Ads,2025-03-05,,False,True,0,0,0,12,0.0
6751,Referrals,2025-06-04,2025-06-09,False,True,1,4,11,4,1392.28
6752,Paid Ads,2025-05-24,,False,True,0,0,0,12,0.0
6753,Social Media,2025-02-17,,True,False,0,0,0,8,0.0
6754,Organic Search,2025-03-06,2025-03-17,False,True,4,11,14,6,1125.25
6755,Referrals,2025-06-27,2025-07-10,False,True,4,11,13,4,1262.69
6756,Organic Search,2025-06-09,2025-06-22,True,False,2,2,2,6,202.35
6757,Paid Ads,2025-06-04,,True,False,0,0,0,12,0.0
6758,Paid Ads,2025-02-18,,True,False,0,0,0,12,0.0
6759,Referrals,2025-02-26,2025-03-12,True,False,2,3,3,4,266.11
6760,Social Media,2025-02-17,2025-02-19,True,False,1,1,1,8,37.79
6761,Organic Search,2025-06-16,2025-06-27,False,True,2,9,15,6,1201.57
6762,Paid Ads,2025-03-30,,True,False,0,0,0,12,0.0
6763,Social Media,2025-03-01,2025-03-15,True,False,3,3,3,8,97.3
6764,Organic Search,2025-05-08,2025-05-14,True,False,3,3,3,6,162.91
6765,Paid Ads,2025-04-25,2025-05-05,True,False,3,4,4,12,215.98
6766,Social Media,2025-04-30,,False,True,0,0,0,8,0.0
6767,Social Media,2025-02-07,2025-02-15,True,False,3,3,3,8,122.14
6768,Paid Ads,2025-02-14,,False,True,0,0,0,12,0.0
6769,Organic Search,2025-02-04,2025-02-14,False,True,5,10,16,6,1076.22
6770,Social Media,2025-05-17,,True,False,0,0,0,8,0.0
6771,Paid Ads,2025-06-02,,True,False,0,0,0,12,0.0
6772,Social Media,2025-03-10,,False,True,0,0,0,8,0.0
6773,Referrals,2025-02-03,2025-02-15,True,False,1,1,1,4,98.88
6774,Social Media,2025-05-26,,True,False,0,0,0,8,0.0
6775,Social Media,2025-03-27,,True,False,0,0,0,8,0.0
6776,Social Media,2025-02-28,2025-03-07,True,False,3,3,3,8,176.88
6777,Referrals,2025-04-24,2025-05-01,True,False,3,3,3,4,266.56
6778,Paid Ads,2025-02-18,,True,False,0,0,0,12,0.0
6779,Paid Ads,2025-01-06,,True,False,0,0,0,12,0.0
6780,Referrals,2025-06-16,2025-06-23,False,True,2,6,12,4,924.67
6781,Paid Ads,2025-01-27,,True,False,0,0,0,12,0.0
6782,Paid Ads,2025-03-02,,True,False,0,0,0,12,0.0
6783,Social Media,2025-02-22,2025-02-27,False,True,1,4,7,8,218.41
6784,Paid Ads,2025-03-08,2025-03-16,True,False,1,1,1,12,31.94
6785,Paid Ads,2025-02-18,2025-02-28,True,False,3,3,3,12,124.55
6786,Organic Search,2025-04-01,,False,True,0,0,0,6,0.0
6787,Paid Ads,2025-01-28,2025-01-31,True,False,3,3,3,12,159.5
6788,Referrals,2025-04-18,,True,False,0,0,0,4,0.0
6789,Referrals,2025-03-06,2025-03-12,False,True,5,6,7,4,613.1
6790,Paid Ads,2025-05-16,,False,True,0,0,0,12,0.0
6791,Paid Ads,2025-01-06,2025-01-12,True,False,3,4,4,12,178.38
6792,Paid Ads,2025-02-28,,True,False,0,0,0,12,0.0
6793,Paid Ads,2025-04-20,2025-05-04,True,False,1,1,1,12,36.33
6794,Referrals,2025-03-25,,False,True,0,0,0,4,0.0
6795,Referrals,2025-05-15,2025-05-22,False,True,4,9,13,4,1129.74
6796,Paid Ads,2025-02-27,,False,True,0,0,0,12,0.0
6797,Referrals,2025-01-09,2025-01-12,False,True,6,10,15,4,1461.64
6798,Paid Ads,2025-01-28,,True,False,0,0,0,12,0.0
6799,Referrals,2025-05-28,2025-06-01,True,False,1,2,2,4,179.0
6800,Referrals,2025-04-22,,False,True,0,0,0,4,0.0
6801,Paid Ads,2025-05-14,2025-05-26,True,False,2,3,3,12,153.95
6802,Paid Ads,2025-06-26,,True,False,0,0,0,12,0.0
6803,Social Media,2025-01-02,,False,True,0,0,0,8,0.0
6804,Social Media,2025-06-15,2025-06-26,True,False,1,1,1,8,24.45
6805,Organic Search,2025-01-21,2025-01-22,True,False,3,4,4,6,278.52
6806,Social Media,2025-05-03,2025-05-17,True,False,2,2,2,8,76.93
6807,Paid Ads,2025-06-02,,False,True,0,0,0,12,0.0
6808,Referrals,2025-04-13,,False,True,0,0,0,4,0.0
6809,Social Media,2025-01-25,2025-02-01,False,True,2,3,8,8,295.52
6810,Paid Ads,2025-01-06,,True,False,0,0,0,12,0.0
6811,Organic Search,2025-04-10,2025-04-19,False,True,6,13,14,6,1098.82
6812,Paid Ads,2025-03-06,2025-03-09,True,False,3,4,4,12,168.28
6813,Organic Search,2025-06-19,,True,False,0,0,0,6,0.0
6814,Paid Ads,2025-05-14,,True,False,0,0,0,12,0.0
6815,Referrals,2025-03-09,,False,True,0,0,0,4,0.0
6816,Social Media,2025-05-02,,True,False,0,0,0,8,0.0
6817,Paid Ads,2025-06-27,,False,True,0,0,0,12,0.0
6818,Organic Search,2025-04-16,2025-04-28,True,False,2,2,2,6,145.4
6819,Referrals,2025-01-04,2025-01-15,True,False,1,2,2,4,184.91
6820,Organic Search,2025-06-12,,False,True,0,0,0,6,0.0
6821,Organic Search,2025-01-01,,True,False,0,0,0,6,0.0
6822,Social Media,2025-01-04,,True,False,0,0,0,8,0.0
6823,Organic Search,2025-03-26,,True,False,0,0,0,6,0.0
6824,Social Media,2025-03-29,,True,False,0,0,0,8,0.0
6825,Paid Ads,2025-06-24,2025-07-04,True,False,2,3,3,12,94.76
6826,Organic Search,2025-02-24,,True,False,0,0,0,6,0.0
6827,Referrals,2025-03-15,2025-03-25,True,False,2,3,3,4,233.73
6828,Referrals,2025-03-07,2025-03-16,False,True,2,4,8,4,788.14
6829,Social Media,2025-06-07,,True,False,0,0,0,8,0.0
6830,Organic Search,2025-02-14,,False,True,0,0,0,6,0.0
6831,Social Media,2025-05-29,,True,False,0,0,0,8,0.0
6832,Organic Search,2025-03-16,,False,True,0,0,0,6,0.0
6833,Organic Search,2025-03-02,,False,True,0,0,0,6,0.0
6834,Paid Ads,2025-02-22,2025-03-01,True,False,3,3,3,12,104.13
6835,Paid Ads,2025-01-07,2025-01-15,True,False,1,2,2,12,108.01
6836,Referrals,2025-05-10,2025-05-12,True,False,1,2,2,4,162.76
6837,Paid Ads,2025-03-29,,True,False,0,0,0,12,0.0
6838,Referrals,2025-03-21,2025-03-22,False,True,3,8,13,4,1498.61
6839,Paid Ads,2025-05-18,,True,False,0,0,0,12,0.0
6840,Organic Search,2025-01-10,,False,True,0,0,0,6,0.0
6841,Paid Ads,2025-04-09,,True,False,0,0,0,12,0.0
6842,Social Media,2025-03-20,,True,False,0,0,0,8,0.0
6843,Referrals,2025-06-24,2025-06-29,False,True,6,11,13,4,1004.14
6844,Social Media,2025-06-21,2025-07-04,False,True,6,13,14,8,546.9
6845,Paid Ads,2025-03-27,2025-04-07,True,False,1,1,1,12,46.22
6846,Paid Ads,2025-05-19,,False,True,0,0,0,12,0.0
6847,Referrals,2025-04-16,2025-04-22,True,False,3,3,3,4,239.32
6848,Paid Ads,2025-06-21,,True,False,0,0,0,12,0.0
6849,Referrals,2025-03-06,2025-03-10,False,True,1,6,8,4,592.17
6850,Social Media,2025-05-21,,True,False,0,0,0,8,0.0
6851,Organic Search,2025-04-03,,False,True,0,0,0,6,0.0
6852,Paid Ads,2025-02-19,,True,False,0,0,0,12,0.0
6853,Referrals,2025-03-10,2025-03-21,True,False,1,1,1,4,108.45
6854,Referrals,2025-01-15,2025-01-21,False,True,6,11,12,4,1060.66
6855,Paid Ads,2025-02-09,,False,True,0,0,0,12,0.0
6856,Referrals,2025-03-20,2025-04-01,False,True,7,14,15,4,1413.79
6857,Social Media,2025-02-27,2025-03-07,True,False,3,3,3,8,131.07
6858,Paid Ads,2025-02-11,,True,False,0,0,0,12,0.0
6859,Organic Search,2025-05-05,2025-05-15,True,False,3,3,3,6,180.65
6860,Organic Search,2025-02-06,2025-02-20,True,False,2,2,2,6,145.58
6861,Paid Ads,2025-01-13,2025-01-14,True,False,1,1,1,12,47.94
6862,Referrals,2025-04-18,2025-04-21,False,True,7,12,13,4,1300.37
6863,Referrals,2025-02-15,,False,True,0,0,0,4,0.0
6864,Social Media,2025-04-23,,False,True,0,0,0,8,0.0
6865,Paid Ads,2025-03-29,2025-04-07,True,False,3,3,3,12,108.91
6866,Referrals,2025-02-01,2025-02-13,True,False,3,3,3,4,231.36
6867,Referrals,2025-04-02,2025-04-03,False,True,4,6,9,4,975.06
6868,Social Media,2025-03-12,,False,True,0,0,0,8,0.0
6869,Referrals,2025-05-15,2025-05-16,False,True,2,8,12,4,1002.73
6870,Organic Search,2025-01-17,,False,True,0,0,0,6,0.0
6871,Referrals,2025-05-08,,False,True,0,0,0,4,0.0
6872,Paid Ads,2025-06-15,,True,False,0,0,0,12,0.0
6873,Paid Ads,2025-03-19,,True,False,0,0,0,12,0.0
6874,Organic Search,2025-04-26,,True,False,0,0,0,6,0.0
6875,Social Media,2025-01-02,,True,False,0,0,0,8,0.0
6876,Paid Ads,2025-04-16,2025-04-21,False,True,7,8,14,12,403.25
6877,Social Media,2025-02-23,2025-03-08,True,False,1,2,2,8,78.0
6878,Social Media,2025-03-06,2025-03-09,True,False,3,4,4,8,177.53
6879,Referrals,2025-05-15,2025-05-19,True,False,1,2,2,4,240.67
6880,Paid Ads,2025-01-10,,True,False,0,0,0,12,0.0
6881,Referrals,2025-06-09,,False,True,0,0,0,4,0.0
6882,Paid Ads,2025-03-20,,False,True,0,0,0,12,0.0
6883,Paid Ads,2025-03-11,,False,True,0,0,0,12,0.0
6884,Referrals,2025-02-22,2025-02-27,False,True,2,6,10,4,1289.32
6885,Paid Ads,2025-04-14,2025-04-21,True,False,1,1,1,12,33.86
6886,Social Media,2025-04-28,,True,False,0,0,0,8,0.0
6887,Organic Search,2025-04-02,2025-04-12,True,False,1,1,1,6,62.96
6888,Paid Ads,2025-03-14,,True,False,0,0,0,12,0.0
6889,Paid Ads,2025-06-23,,False,True,0,0,0,12,0.0
6890,Paid Ads,2025-03-16,2025-03-29,True,False,2,2,2,12,100.94
6891,Paid Ads,2025-03-01,2025-03-05,False,True,2,9,15,12,800.73
6892,Organic Search,2025-05-30,,False,True,0,0,0,6,0.0
6893,Referrals,2025-04-27,2025-05-11,False,True,7,14,16,4,1300.33
6894,Referrals,2025-06-06,2025-06-18,False,True,2,5,12,4,1162.23
6895,Paid Ads,2025-04-23,2025-05-03,True,False,2,2,2,12,83.31
6896,Social Media,2025-06-26,2025-06-28,False,True,3,8,9,8,362.02
6897,Referrals,2025-01-31,,True,False,0,0,0,4,0.0
6898,Paid Ads,2025-04-19,2025-04-21,False,True,2,9,16,12,787.3
6899,Referrals,2025-05-11,2025-05-24,False,True,7,10,16,4,1011.26
6900,Organic Search,2025-02-09,2025-02-19,False,True,2,3,8,6,683.42
6901,Social Media,2025-03-28,,True,False,0,0,0,8,0.0
6902,Referrals,2025-05-11,,False,True,0,0,0,4,0.0
6903,Organic Search,2025-05-22,,False,True,0,0,0,6,0.0
6904,Referrals,2025-03-16,2025-03-23,False,True,2,9,10,4,942.94
6905,Paid Ads,2025-04-02,2025-04-05,True,False,3,3,3,12,183.64
6906,Paid Ads,2025-05-08,2025-05-14,True,False,3,3,3,12,137.6
6907,Paid Ads,2025-03-13,,False,True,0,0,0,12,0.0
6908,Organic Search,2025-01-14,,True,False,0,0,0,6,0.0
6909,Social Media,2025-05-26,,True,False,0,0,0,8,0.0
6910,Social Media,2025-02-01,2025-02-04,False,True,4,6,11,8,425.09
6911,Social Media,2025-02-12,,True,False,0,0,0,8,0.0
6912,Referrals,2025-03-14,,True,False,0,0,0,4,0.0
6913,Organic Search,2025-03-23,2025-03-28,False,True,2,9,13,6,777.68
6914,Paid Ads,2025-04-28,2025-05-02,True,False,3,4,4,12,175.33
6915,Social Media,2025-05-23,2025-06-03,False,True,3,4,11,8,406.74
6916,Paid Ads,2025-06-21,2025-07-01,True,False,3,3,3,12,143.43
6917,Paid Ads,2025-01-20,,True,False,0,0,0,12,0.0
6918,Paid Ads,2025-06-03,,True,False,0,0,0,12,0.0
6919,Paid Ads,2025-02-08,2025-02-17,False,True,2,3,9,12,413.83
6920,Referrals,2025-03-11,2025-03-22,True,False,3,4,4,4,322.55
6921,Organic Search,2025-01-12,2025-01-26,False,True,3,9,14,6,897.23
6922,Paid Ads,2025-01-05,,True,False,0,0,0,12,0.0
6923,Paid Ads,2025-03-16,,True,False,0,0,0,12,0.0
6924,Social Media,2025-06-22,,True,False,0,0,0,8,0.0
6925,Social Media,2025-02-28,,True,False,0,0,0,8,0.0
6926,Referrals,2025-03-10,2025-03-24,False,True,1,7,9,4,977.56
6927,Paid Ads,2025-04-05,,True,False,0,0,0,12,0.0
6928,Paid Ads,2025-02-26,,True,False,0,0,0,12,0.0
6929,Referrals,2025-04-10,,True,False,0,0,0,4,0.0
6930,Paid Ads,2025-05-07,,True,False,0,0,0,12,0.0
6931,Referrals,2025-01-08,2025-01-17,False,True,5,9,15,4,1779.86
6932,Paid Ads,2025-05-03,,True,False,0,0,0,12,0.0
6933,Paid Ads,2025-03-13,,True,False,0,0,0,12,0.0
6934,Referrals,2025-05-16,2025-05-22,True,False,1,1,1,4,108.48
6935,Organic Search,2025-04-11,2025-04-13,False,True,3,7,11,6,604.38
6936,Referrals,2025-05-02,2025-05-09,False,True,5,10,14,4,1900.5
6937,Paid Ads,2025-05-07,2025-05-18,True,False,3,4,4,12,139.08
6938,Paid Ads,2025-02-22,,False,True,0,0,0,12,0.0
6939,Referrals,2025-03-19,2025-03-26,False,True,1,3,6,4,854.5
6940,Referrals,2025-05-15,2025-05-19,False,True,6,12,17,4,1694.65
6941,Paid Ads,2025-04-11,,True,False,0,0,0,12,0.0
6942,Referrals,2025-04-13,2025-04-21,False,True,5,11,18,4,1576.73
6943,Paid Ads,2025-04-03,,False,True,0,0,0,12,0.0
6944,Paid Ads,2025-05-27,,True,False,0,0,0,12,0.0
6945,Paid Ads,2025-01-12,,False,True,0,0,0,12,0.0
6946,Referrals,2025-04-16,2025-04-19,False,True,4,7,10,4,789.18
6947,Paid Ads,2025-03-22,2025-03-26,True,False,3,3,3,12,134.28
6948,Social Media,2025-04-07,,True,False,0,0,0,8,0.0
6949,Referrals,2025-01-04,2025-01-13,False,True,6,12,19,4,2699.21
6950,Social Media,2025-03-08,,True,False,0,0,0,8,0.0
6951,Referrals,2025-06-22,2025-06-29,False,True,5,9,12,4,1549.3
6952,Paid Ads,2025-05-14,,True,False,0,0,0,12,0.0
6953,Paid Ads,2025-03-11,,True,False,0,0,0,12,0.0
6954,Paid Ads,2025-03-05,2025-03-06,True,False,3,3,3,12,147.95
6955,Referrals,2025-03-13,,False,True,0,0,0,4,0.0
6956,Paid Ads,2025-02-28,,True,False,0,0,0,12,0.0
6957,Referrals,2025-06-07,,False,True,0,0,0,4,0.0
6958,Social Media,2025-04-16,2025-04-28,True,False,3,4,4,8,159.91
6959,Paid Ads,2025-02-08,,True,False,0,0,0,12,0.0
6960,Referrals,2025-03-25,2025-03-27,False,True,5,7,11,4,1221.47
6961,Organic Search,2025-02-18,,False,True,0,0,0,6,0.0
6962,Social Media,2025-05-24,2025-05-30,True,False,2,2,2,8,92.43
6963,Organic Search,2025-05-11,2025-05-25,False,True,7,10,15,6,1023.44
6964,Social Media,2025-04-02,,True,False,0,0,0,8,0.0
6965,Paid Ads,2025-04-23,,True,False,0,0,0,12,0.0
6966,Paid Ads,2025-04-22,,True,False,0,0,0,12,0.0
6967,Social Media,2025-05-03,2025-05-09,False,True,4,5,12,8,430.3
6968,Paid Ads,2025-03-19,2025-03-20,False,True,3,9,12,12,708.78
6969,Paid Ads,2025-03-26,,False,True,0,0,0,12,0.0
6970,Referrals,2025-02-03,2025-02-13,False,True,1,7,8,4,815.01
6971,Paid Ads,2025-02-01,2025-02-09,True,False,3,4,4,12,141.53
6972,Referrals,2025-03-21,2025-03-29,True,False,2,3,3,4,343.31
6973,Referrals,2025-06-07,,False,True,0,0,0,4,0.0
6974,Paid Ads,2025-05-20,2025-06-02,True,False,3,3,3,12,132.1
6975,Referrals,2025-03-23,2025-04-03,False,True,7,10,17,4,1249.36
6976,Paid Ads,2025-03-08,,True,False,0,0,0,12,0.0
6977,Referrals,2025-06-15,2025-06-21,True,False,2,2,2,4,248.96
6978,Organic Search,2025-01-30,,True,False,0,0,0,6,0.0
6979,Referrals,2025-06-22,2025-06-25,False,True,3,4,11,4,1163.73
6980,Paid Ads,2025-04-23,,True,False,0,0,0,12,0.0
6981,Referrals,2025-04-14,2025-04-24,True,False,1,1,1,4,104.93
6982,Social Media,2025-01-09,,True,False,0,0,0,8,0.0
6983,Social Media,2025-04-09,,True,False,0,0,0,8,0.0
6984,Referrals,2025-05-09,2025-05-16,False,True,4,11,18,4,2038.15
6985,Paid Ads,2025-01-01,,True,False,0,0,0,12,0.0
6986,Referrals,2025-05-08,2025-05-10,False,True,5,11,12,4,1228.03
6987,Referrals,2025-04-19,2025-04-23,False,True,4,6,10,4,1008.08
6988,Referrals,2025-01-07,,True,False,0,0,0,4,0.0
6989,Social Media,2025-05-07,,True,False,0,0,0,8,0.0
6990,Referrals,2025-01-01,,False,True,0,0,0,4,0.0
6991,Organic Search,2025-04-03,2025-04-15,False,True,7,14,15,6,643.74
6992,Referrals,2025-06-19,2025-06-27,False,True,5,9,11,4,980.79
6993,Paid Ads,2025-05-11,,True,False,0,0,0,12,0.0
6994,Referrals,2025-01-14,2025-01-17,False,True,5,10,11,4,1220.0
6995,Social Media,2025-02-14,,True,False,0,0,0,8,0.0
6996,Paid Ads,2025-03-09,,True,False,0,0,0,12,0.0
6997,Paid Ads,2025-03-19,2025-03-25,False,True,3,5,9,12,491.22
6998,Organic Search,2025-05-21,,True,False,0,0,0,6,0.0
6999,Organic Search,2025-04-19,,False,True,0,0,0,6,0.0
7000,Organic Search,2025-04-27,2025-04-30,True,False,2,2,2,6,158.43
7001,Referrals,2025-02-08,2025-02-18,False,True,7,10,15,4,628.49
7002,Referrals,2025-04-30,2025-05-06,False,True,7,11,17,4,1001.99
7003,Organic Search,2025-02-21,2025-03-02,False,True,4,10,15,6,1253.28
7004,Social Media,2025-03-19,,True,False,0,0,0,8,0.0
7005,Paid Ads,2025-02-27,,True,False,0,0,0,12,0.0
7006,Organic Search,2025-04-10,,False,True,0,0,0,6,0.0
7007,Social Media,2025-05-25,,True,False,0,0,0,8,0.0
7008,Referrals,2025-06-04,2025-06-14,False,True,1,4,5,4,493.9
7009,Paid Ads,2025-05-27,2025-06-07,True,False,2,3,3,12,167.18
7010,Referrals,2025-06-05,,False,True,0,0,0,4,0.0
7011,Social Media,2025-04-11,2025-04-14,True,False,1,2,2,8,44.38
7012,Social Media,2025-06-13,,False,True,0,0,0,8,0.0
7013,Organic Search,2025-04-09,2025-04-15,False,True,3,10,13,6,1097.69
7014,Paid Ads,2025-05-11,,True,False,0,0,0,12,0.0
7015,Referrals,2025-03-18,2025-03-21,False,True,5,11,15,4,1802.82
7016,Organic Search,2025-02-14,2025-02-19,False,True,3,8,14,6,1184.9
7017,Referrals,2025-06-12,2025-06-23,False,True,2,9,10,4,959.49
7018,Paid Ads,2025-05-19,2025-05-21,True,False,3,4,4,12,158.82
7019,Social Media,2025-02-18,2025-02-23,True,False,3,3,3,8,93.45
7020,Organic Search,2025-01-27,2025-02-01,True,False,2,2,2,6,146.32
7021,Organic Search,2025-03-28,,True,False,0,0,0,6,0.0
7022,Referrals,2025-03-15,2025-03-23,False,True,3,8,14,4,1051.73
7023,Referrals,2025-01-13,,True,False,0,0,0,4,0.0
7024,Social Media,2025-05-30,2025-06-03,True,False,3,4,4,8,180.59
7025,Paid Ads,2025-02-15,,False,True,0,0,0,12,0.0
7026,Organic Search,2025-05-06,,False,True,0,0,0,6,0.0
7027,Organic Search,2025-04-03,,True,False,0,0,0,6,0.0
7028,Paid Ads,2025-05-28,,True,False,0,0,0,12,0.0
7029,Organic Search,2025-01-25,2025-02-01,True,False,1,1,1,6,65.79
7030,Paid Ads,2025-01-14,2025-01-18,False,True,6,7,9,12,272.2
7031,Social Media,2025-04-10,2025-04-22,True,False,1,2,2,8,104.72
7032,Referrals,2025-04-14,2025-04-28,False,True,6,8,14,4,1072.45
7033,Organic Search,2025-01-27,2025-02-10,False,True,6,7,8,6,607.86
7034,Paid Ads,2025-03-27,,True,False,0,0,0,12,0.0
7035,Social Media,2025-06-10,,False,True,0,0,0,8,0.0
7036,Social Media,2025-03-24,2025-03-27,True,False,2,2,2,8,91.77
7037,Social Media,2025-02-22,,True,False,0,0,0,8,0.0
7038,Social Media,2025-06-23,,True,False,0,0,0,8,0.0
7039,Referrals,2025-03-19,,True,False,0,0,0,4,0.0
7040,Paid Ads,2025-06-08,2025-06-22,False,True,5,9,12,12,531.38
7041,Social Media,2025-03-29,,True,False,0,0,0,8,0.0
7042,Paid Ads,2025-05-14,,True,False,0,0,0,12,0.0
7043,Paid Ads,2025-03-25,,True,False,0,0,0,12,0.0
7044,Paid Ads,2025-03-09,,True,False,0,0,0,12,0.0
7045,Paid Ads,2025-06-29,,True,False,0,0,0,12,0.0
7046,Organic Search,2025-01-11,,True,False,0,0,0,6,0.0
7047,Organic Search,2025-05-22,2025-05-27,False,True,1,8,10,6,878.52
7048,Paid Ads,2025-04-27,,True,False,0,0,0,12,0.0
7049,Organic Search,2025-02-18,,False,True,0,0,0,6,0.0
7050,Paid Ads,2025-01-11,,False,True,0,0,0,12,0.0
7051,Referrals,2025-06-21,2025-06-26,True,False,3,3,3,4,284.32
7052,Referrals,2025-05-18,,True,False,0,0,0,4,0.0
7053,Paid Ads,2025-01-30,2025-02-11,True,False,1,2,2,12,89.69
7054,Referrals,2025-02-16,2025-02-25,False,True,3,9,12,4,1033.69
7055,Social Media,2025-05-22,,False,True,0,0,0,8,0.0
7056,Referrals,2025-01-10,2025-01-15,False,True,7,9,11,4,1166.89
7057,Organic Search,2025-06-12,,False,True,0,0,0,6,0.0
7058,Referrals,2025-03-19,2025-03-27,False,True,5,7,10,4,800.69
7059,Referrals,2025-06-20,2025-07-04,False,True,1,2,8,4,805.37
7060,Paid Ads,2025-04-11,,False,True,0,0,0,12,0.0
7061,Paid Ads,2025-01-11,2025-01-24,True,False,2,3,3,12,114.87
7062,Organic Search,2025-05-24,2025-05-30,True,False,1,2,2,6,192.43
7063,Referrals,2025-04-03,2025-04-13,True,False,1,1,1,4,93.57
7064,Paid Ads,2025-02-05,,True,False,0,0,0,12,0.0
7065,Social Media,2025-05-10,,False,True,0,0,0,8,0.0
7066,Referrals,2025-01-22,2025-01-31,False,True,7,10,11,4,1262.79
7067,Organic Search,2025-05-08,,False,True,0,0,0,6,0.0
7068,Organic Search,2025-05-18,2025-05-28,False,True,5,10,12,6,679.34
7069,Referrals,2025-06-02,,False,True,0,0,0,4,0.0
7070,Social Media,2025-03-15,,False,True,0,0,0,8,0.0
7071,Organic Search,2025-06-10,2025-06-16,False,True,7,11,18,6,1591.91
7072,Paid Ads,2025-01-06,,True,False,0,0,0,12,0.0
7073,Paid Ads,2025-04-17,,True,False,0,0,0,12,0.0
7074,Paid Ads,2025-05-10,,True,False,0,0,0,12,0.0
7075,Paid Ads,2025-02-22,,True,False,0,0,0,12,0.0
7076,Referrals,2025-02-04,2025-02-12,True,False,3,3,3,4,305.21
7077,Paid Ads,2025-01-30,2025-02-06,False,True,7,13,20,12,576.58
7078,Organic Search,2025-04-27,2025-05-07,False,True,2,7,12,6,1114.79
7079,Organic Search,2025-06-15,,True,False,0,0,0,6,0.0
7080,Paid Ads,2025-02-11,,True,False,0,0,0,12,0.0
7081,Referrals,2025-02-26,2025-02-28,False,True,6,10,16,4,1660.13
7082,Referrals,2025-02-07,2025-02-08,False,True,3,10,17,4,1310.32
7083,Referrals,2025-02-11,2025-02-19,True,False,2,3,3,4,255.48
7084,Social Media,2025-05-31,,False,True,0,0,0,8,0.0
7085,Paid Ads,2025-02-15,,False,True,0,0,0,12,0.0
7086,Paid Ads,2025-01-10,,False,True,0,0,0,12,0.0
7087,Paid Ads,2025-03-21,,True,False,0,0,0,12,0.0
7088,Paid Ads,2025-03-25,2025-04-07,True,False,2,3,3,12,158.27
7089,Organic Search,2025-03-16,2025-03-22,False,True,3,8,14,6,741.84
7090,Organic Search,2025-05-12,2025-05-13,False,True,4,9,10,6,871.16
7091,Paid Ads,2025-04-13,,True,False,0,0,0,12,0.0
7092,Referrals,2025-01-10,,False,True,0,0,0,4,0.0
7093,Paid Ads,2025-03-23,,False,True,0,0,0,12,0.0
7094,Organic Search,2025-01-17,,True,False,0,0,0,6,0.0
7095,Social Media,2025-03-31,,True,False,0,0,0,8,0.0
7096,Referrals,2025-03-09,2025-03-22,False,True,7,12,19,4,1942.79
7097,Paid Ads,2025-04-20,2025-04-28,True,False,2,2,2,12,115.68
7098,Referrals,2025-03-14,2025-03-20,False,True,1,8,11,4,1474.91
7099,Referrals,2025-06-19,,False,True,0,0,0,4,0.0
7100,Paid Ads,2025-06-10,2025-06-12,True,False,1,2,2,12,110.48
7101,Social Media,2025-01-05,2025-01-09,True,False,1,2,2,8,65.0
7102,Social Media,2025-05-01,2025-05-12,False,True,5,10,13,8,505.15
7103,Referrals,2025-04-03,2025-04-05,False,True,1,5,11,4,736.99
7104,Organic Search,2025-04-06,2025-04-11,True,False,1,2,2,6,150.86
7105,Social Media,2025-05-26,,True,False,0,0,0,8,0.0
7106,Referrals,2025-05-10,2025-05-11,False,True,2,5,8,4,680.85
7107,Paid Ads,2025-01-30,,True,False,0,0,0,12,0.0
7108,Organic Search,2025-05-10,2025-05-17,True,False,3,4,4,6,185.57
7109,Social Media,2025-01-26,,True,False,0,0,0,8,0.0
7110,Paid Ads,2025-03-11,,True,False,0,0,0,12,0.0
7111,Social Media,2025-01-14,,False,True,0,0,0,8,0.0
7112,Social Media,2025-05-07,,True,False,0,0,0,8,0.0
7113,Paid Ads,2025-05-13,2025-05-19,False,True,7,14,21,12,706.57
7114,Paid Ads,2025-06-27,2025-07-04,True,False,2,2,2,12,87.75
7115,Referrals,2025-01-02,2025-01-11,False,True,4,11,17,4,1512.21
7116,Organic Search,2025-05-17,2025-05-19,False,True,4,10,15,6,1058.07
7117,Organic Search,2025-02-17,,True,False,0,0,0,6,0.0
7118,Paid Ads,2025-04-23,,True,False,0,0,0,12,0.0
7119,Paid Ads,2025-06-10,,False,True,0,0,0,12,0.0
7120,Paid Ads,2025-01-17,2025-01-21,True,False,3,3,3,12,109.12
7121,Paid Ads,2025-03-23,2025-04-05,True,False,2,3,3,12,160.78
7122,Paid Ads,2025-01-01,,True,False,0,0,0,12,0.0
7123,Paid Ads,2025-04-09,2025-04-20,False,True,5,11,12,12,529.43
7124,Social Media,2025-01-22,,False,True,0,0,0,8,0.0
7125,Paid Ads,2025-06-11,2025-06-12,True,False,3,3,3,12,166.56
7126,Paid Ads,2025-05-03,,True,False,0,0,0,12,0.0
7127,Organic Search,2025-05-18,,True,False,0,0,0,6,0.0
7128,Referrals,2025-01-07,2025-01-20,False,True,7,13,19,4,884.37
7129,Social Media,2025-03-03,2025-03-05,False,True,3,10,13,8,435.4
7130,Referrals,2025-05-28,2025-06-02,False,True,2,9,12,4,1620.97
7131,Paid Ads,2025-03-02,2025-03-03,False,True,7,8,10,12,538.68
7132,Organic Search,2025-05-13,,True,False,0,0,0,6,0.0
7133,Referrals,2025-02-09,2025-02-18,False,True,1,2,8,4,556.89
7134,Referrals,2025-04-29,2025-05-02,False,True,4,10,15,4,1426.68
7135,Paid Ads,2025-04-18,2025-05-01,True,False,3,4,4,12,206.58
7136,Organic Search,2025-05-01,2025-05-11,True,False,1,1,1,6,75.4
7137,Social Media,2025-04-30,2025-05-09,True,False,2,2,2,8,82.59
7138,Social Media,2025-05-13,,True,False,0,0,0,8,0.0
7139,Social Media,2025-01-30,,True,False,0,0,0,8,0.0
7140,Social Media,2025-03-06,2025-03-15,True,False,1,2,2,8,95.79
7141,Social Media,2025-01-10,2025-01-14,False,True,6,10,16,8,733.69
7142,Referrals,2025-01-02,,True,False,0,0,0,4,0.0
7143,Organic Search,2025-06-02,,False,True,0,0,0,6,0.0
7144,Paid Ads,2025-02-12,,False,True,0,0,0,12,0.0
7145,Organic Search,2025-05-08,2025-05-11,False,True,1,6,9,6,447.5
7146,Paid Ads,2025-04-19,,True,False,0,0,0,12,0.0
7147,Social Media,2025-04-13,,True,False,0,0,0,8,0.0
7148,Paid Ads,2025-01-30,,False,True,0,0,0,12,0.0
7149,Social Media,2025-04-26,,False,True,0,0,0,8,0.0
7150,Paid Ads,2025-04-18,2025-04-23,True,False,2,2,2,12,109.01
7151,Organic Search,2025-01-09,2025-01-20,False,True,4,11,17,6,1100.12
7152,Organic Search,2025-04-03,2025-04-06,True,False,2,3,3,6,107.08
7153,Paid Ads,2025-03-06,,True,False,0,0,0,12,0.0
7154,Social Media,2025-06-19,,True,False,0,0,0,8,0.0
7155,Organic Search,2025-01-16,,True,False,0,0,0,6,0.0
7156,Paid Ads,2025-05-06,2025-05-15,False,True,3,8,12,12,633.07
7157,Paid Ads,2025-05-31,2025-06-02,True,False,3,4,4,12,195.77
7158,Social Media,2025-06-09,,True,False,0,0,0,8,0.0
7159,Paid Ads,2025-04-04,2025-04-18,False,True,5,7,12,12,301.53
7160,Social Media,2025-06-21,2025-07-01,True,False,1,1,1,8,32.61
7161,Referrals,2025-05-15,2025-05-21,True,False,3,3,3,4,325.92
7162,Referrals,2025-06-26,,True,False,0,0,0,4,0.0
7163,Organic Search,2025-05-13,2025-05-26,True,False,1,2,2,6,147.22
7164,Paid Ads,2025-01-06,2025-01-15,True,False,2,2,2,12,51.0
7165,Referrals,2025-03-15,2025-03-22,True,False,2,2,2,4,169.11
7166,Social Media,2025-03-15,,True,False,0,0,0,8,0.0
7167,Paid Ads,2025-02-17,,False,True,0,0,0,12,0.0
7168,Referrals,2025-04-23,2025-05-01,True,False,2,2,2,4,148.4
7169,Referrals,2025-03-04,2025-03-12,True,False,3,4,4,4,388.67
7170,Referrals,2025-05-06,,False,True,0,0,0,4,0.0
7171,Referrals,2025-01-10,2025-01-17,False,True,2,5,12,4,1038.34
7172,Referrals,2025-05-10,,True,False,0,0,0,4,0.0
7173,Social Media,2025-01-12,,False,True,0,0,0,8,0.0
7174,Organic Search,2025-02-12,2025-02-17,True,False,1,1,1,6,77.59
7175,Referrals,2025-05-29,,False,True,0,0,0,4,0.0
7176,Organic Search,2025-04-30,2025-05-02,False,True,7,13,14,6,707.2
7177,Paid Ads,2025-02-13,2025-02-24,False,True,2,5,10,12,480.08
7178,Paid Ads,2025-03-23,,False,True,0,0,0,12,0.0
7179,Referrals,2025-03-24,2025-04-01,False,True,4,10,11,4,797.88
7180,Organic Search,2025-05-12,2025-05-23,False,True,6,7,8,6,707.36
7181,Social Media,2025-06-15,2025-06-28,True,False,3,3,3,8,116.51
7182,Referrals,2025-02-26,2025-03-07,False,True,3,5,7,4,615.32
7183,Referrals,2025-02-13,2025-02-20,True,False,2,2,2,4,180.81
7184,Referrals,2025-03-07,2025-03-12,False,True,1,4,9,4,885.47
7185,Social Media,2025-01-21,,True,False,0,0,0,8,0.0
7186,Paid Ads,2025-02-14,2025-02-18,True,False,2,2,2,12,80.55
7187,Paid Ads,2025-04-01,,True,False,0,0,0,12,0.0
7188,Referrals,2025-01-28,2025-02-03,False,True,7,13,18,4,1293.87
7189,Paid Ads,2025-03-23,,False,True,0,0,0,12,0.0
7190,Organic Search,2025-05-19,,False,True,0,0,0,6,0.0
7191,Paid Ads,2025-05-08,2025-05-11,True,False,1,2,2,12,108.15
7192,Organic Search,2025-03-06,,False,True,0,0,0,6,0.0
7193,Referrals,2025-03-08,2025-03-09,False,True,6,13,20,4,1718.48
7194,Referrals,2025-04-19,,True,False,0,0,0,4,0.0
7195,Referrals,2025-01-23,,False,True,0,0,0,4,0.0
7196,Referrals,2025-06-16,2025-06-20,True,False,3,3,3,4,389.6
7197,Referrals,2025-05-11,2025-05-21,False,True,7,8,10,4,903.66
7198,Paid Ads,2025-04-10,2025-04-23,True,False,3,3,3,12,137.14
7199,Organic Search,2025-04-19,,False,True,0,0,0,6,0.0
7200,Referrals,2025-01-07,2025-01-09,False,True,5,7,10,4,1133.66
7201,Paid Ads,2025-03-14,,True,False,0,0,0,12,0.0
7202,Referrals,2025-02-23,,False,True,0,0,0,4,0.0
7203,Paid Ads,2025-04-28,,True,False,0,0,0,12,0.0
7204,Paid Ads,2025-01-02,2025-01-10,True,False,2,3,3,12,101.41
7205,Organic Search,2025-01-18,2025-01-21,True,False,3,3,3,6,186.16
7206,Referrals,2025-05-09,2025-05-17,False,True,3,9,13,4,1490.39
7207,Paid Ads,2025-04-18,,False,True,0,0,0,12,0.0
7208,Paid Ads,2025-06-17,2025-06-24,False,True,2,6,9,12,344.89
7209,Organic Search,2025-03-28,2025-04-05,False,True,1,4,7,6,622.27
7210,Referrals,2025-05-05,,True,False,0,0,0,4,0.0
7211,Paid Ads,2025-06-06,2025-06-09,False,True,7,12,13,12,649.44
7212,Referrals,2025-03-14,2025-03-26,False,True,5,12,17,4,1492.56
7213,Referrals,2025-05-30,,False,True,0,0,0,4,0.0
7214,Paid Ads,2025-04-01,,True,False,0,0,0,12,0.0
7215,Paid Ads,2025-04-01,,False,True,0,0,0,12,0.0
7216,Paid Ads,2025-02-24,,False,True,0,0,0,12,0.0
7217,Paid Ads,2025-04-23,2025-04-30,True,False,1,1,1,12,50.11
7218,Referrals,2025-03-02,,True,False,0,0,0,4,0.0
7219,Paid Ads,2025-06-17,2025-06-19,False,True,6,11,16,12,551.81
7220,Paid Ads,2025-05-06,,True,False,0,0,0,12,0.0
7221,Social Media,2025-03-14,,True,False,0,0,0,8,0.0
7222,Organic Search,2025-06-16,,False,True,0,0,0,6,0.0
7223,Organic Search,2025-06-28,,False,True,0,0,0,6,0.0
7224,Paid Ads,2025-03-29,2025-04-06,True,False,1,1,1,12,53.46
7225,Referrals,2025-06-09,2025-06-12,False,True,1,4,8,4,1137.37
7226,Organic Search,2025-03-07,2025-03-09,False,True,2,3,8,6,564.73
7227,Social Media,2025-04-05,,True,False,0,0,0,8,0.0
7228,Social Media,2025-05-16,,True,False,0,0,0,8,0.0
7229,Paid Ads,2025-04-01,2025-04-07,True,False,3,4,4,12,155.16
7230,Paid Ads,2025-06-27,2025-06-28,True,False,2,3,3,12,160.78
7231,Social Media,2025-02-04,,False,True,0,0,0,8,0.0
7232,Social Media,2025-02-09,2025-02-15,True,False,1,1,1,8,29.36
7233,Paid Ads,2025-02-09,,True,False,0,0,0,12,0.0
7234,Organic Search,2025-02-27,,True,False,0,0,0,6,0.0
7235,Organic Search,2025-04-07,,True,False,0,0,0,6,0.0
7236,Referrals,2025-04-11,,True,False,0,0,0,4,0.0
7237,Paid Ads,2025-01-09,2025-01-15,False,True,6,9,16,12,683.57
7238,Social Media,2025-03-08,2025-03-10,True,False,3,3,3,8,133.05
7239,Paid Ads,2025-01-16,,False,True,0,0,0,12,0.0
7240,Paid Ads,2025-02-27,2025-03-13,True,False,3,4,4,12,120.93
7241,Social Media,2025-04-14,,True,False,0,0,0,8,0.0
7242,Referrals,2025-02-05,2025-02-10,False,True,3,7,9,4,869.56
7243,Organic Search,2025-03-24,2025-03-29,False,True,4,7,14,6,937.77
7244,Paid Ads,2025-03-18,2025-03-26,True,False,3,4,4,12,272.84
7245,Organic Search,2025-01-18,2025-01-27,False,True,7,12,17,6,1150.71
7246,Referrals,2025-03-28,2025-04-03,True,False,1,1,1,4,112.86
7247,Referrals,2025-03-30,2025-04-07,False,True,7,10,17,4,1668.11
7248,Organic Search,2025-05-14,2025-05-27,True,False,2,2,2,6,133.05
7249,Social Media,2025-02-01,,False,True,0,0,0,8,0.0
7250,Organic Search,2025-01-28,2025-02-06,True,False,3,3,3,6,163.87
7251,Social Media,2025-03-08,,True,False,0,0,0,8,0.0
7252,Organic Search,2025-01-13,,True,False,0,0,0,6,0.0
7253,Referrals,2025-06-15,2025-06-21,False,True,7,8,12,4,909.39
7254,Paid Ads,2025-02-15,,False,True,0,0,0,12,0.0
7255,Social Media,2025-02-08,2025-02-19,True,False,3,3,3,8,140.25
7256,Referrals,2025-02-14,,True,False,0,0,0,4,0.0
7257,Referrals,2025-06-06,2025-06-18,False,True,3,5,8,4,501.79
7258,Social Media,2025-05-14,,True,False,0,0,0,8,0.0
7259,Paid Ads,2025-03-30,2025-04-02,True,False,3,3,3,12,142.21
7260,Referrals,2025-06-05,2025-06-18,False,True,1,8,15,4,1120.11
7261,Paid Ads,2025-04-15,2025-04-29,True,False,2,2,2,12,117.16
7262,Social Media,2025-05-10,,True,False,0,0,0,8,0.0
7263,Referrals,2025-05-18,2025-05-19,False,True,3,10,13,4,1358.76
7264,Referrals,2025-04-20,2025-04-24,True,False,2,2,2,4,164.26
7265,Referrals,2025-04-17,2025-04-26,False,True,4,8,15,4,1603.11
7266,Paid Ads,2025-05-29,,False,True,0,0,0,12,0.0
7267,Referrals,2025-06-05,2025-06-07,True,False,2,2,2,4,197.04
7268,Referrals,2025-06-17,2025-06-30,False,True,2,4,6,4,522.69
7269,Organic Search,2025-05-14,2025-05-28,True,False,1,2,2,6,131.48
7270,Paid Ads,2025-04-17,,True,False,0,0,0,12,0.0
7271,Social Media,2025-01-27,,True,False,0,0,0,8,0.0
7272,Social Media,2025-05-10,,True,False,0,0,0,8,0.0
7273,Referrals,2025-02-09,2025-02-10,False,True,4,5,7,4,923.66
7274,Paid Ads,2025-05-07,,False,True,0,0,0,12,0.0
7275,Organic Search,2025-02-15,2025-02-18,False,True,3,4,7,6,455.59
7276,Referrals,2025-02-23,2025-03-01,False,True,7,13,16,4,1824.06
7277,Paid Ads,2025-02-03,2025-02-08,False,True,5,11,16,12,761.99
7278,Paid Ads,2025-04-25,2025-04-26,True,False,3,4,4,12,226.78
7279,Organic Search,2025-02-01,2025-02-14,True,False,2,2,2,6,130.26
7280,Referrals,2025-04-28,2025-05-12,True,False,2,3,3,4,220.24
7281,Paid Ads,2025-02-25,,True,False,0,0,0,12,0.0
7282,Social Media,2025-03-14,,True,False,0,0,0,8,0.0
7283,Paid Ads,2025-06-06,2025-06-14,True,False,3,3,3,12,136.0
7284,Social Media,2025-01-19,,True,False,0,0,0,8,0.0
7285,Paid Ads,2025-03-14,2025-03-17,False,True,1,4,9,12,150.17
7286,Referrals,2025-04-08,,True,False,0,0,0,4,0.0
7287,Social Media,2025-02-11,2025-02-16,True,False,2,2,2,8,79.92
7288,Paid Ads,2025-05-23,,True,False,0,0,0,12,0.0
7289,Social Media,2025-04-26,2025-05-05,True,False,2,3,3,8,84.13
7290,Social Media,2025-02-20,,False,True,0,0,0,8,0.0
7291,Social Media,2025-01-11,,False,True,0,0,0,8,0.0
7292,Referrals,2025-02-14,2025-02-20,False,True,1,7,12,4,1163.04
7293,Paid Ads,2025-03-19,2025-03-20,False,True,3,8,15,12,509.46
7294,Social Media,2025-03-04,2025-03-16,True,False,1,2,2,8,63.54
7295,Social Media,2025-04-01,,True,False,0,0,0,8,0.0
7296,Organic Search,2025-01-29,2025-02-02,False,True,2,7,11,6,836.09
7297,Paid Ads,2025-04-09,2025-04-10,True,False,2,2,2,12,107.81
7298,Paid Ads,2025-03-09,,True,False,0,0,0,12,0.0
7299,Referrals,2025-06-18,2025-06-23,False,True,5,9,16,4,1741.45
7300,Organic Search,2025-01-10,2025-01-15,False,True,5,9,11,6,940.98
7301,Paid Ads,2025-01-02,,True,False,0,0,0,12,0.0
7302,Referrals,2025-01-11,,False,True,0,0,0,4,0.0
7303,Referrals,2025-04-13,2025-04-17,False,True,3,7,13,4,1201.58
7304,Paid Ads,2025-02-11,2025-02-23,False,True,1,7,11,12,386.01
7305,Social Media,2025-05-30,2025-06-04,True,False,3,4,4,8,158.19
7306,Social Media,2025-03-04,,True,False,0,0,0,8,0.0
7307,Social Media,2025-04-07,,True,False,0,0,0,8,0.0
7308,Paid Ads,2025-05-26,,True,False,0,0,0,12,0.0
7309,Organic Search,2025-06-13,2025-06-15,False,True,7,14,16,6,731.74
7310,Referrals,2025-05-03,2025-05-09,False,True,2,9,10,4,1060.77
7311,Organic Search,2025-04-18,2025-04-24,True,False,3,3,3,6,204.46
7312,Paid Ads,2025-02-18,2025-02-21,True,False,1,2,2,12,110.26
7313,Referrals,2025-01-16,,True,False,0,0,0,4,0.0
7314,Referrals,2025-05-14,2025-05-23,False,True,3,9,10,4,758.29
7315,Paid Ads,2025-02-28,,True,False,0,0,0,12,0.0
7316,Social Media,2025-03-27,2025-04-09,True,False,3,3,3,8,115.67
7317,Paid Ads,2025-06-23,,True,False,0,0,0,12,0.0
7318,Organic Search,2025-06-17,2025-07-01,True,False,2,2,2,6,111.87
7319,Paid Ads,2025-06-08,2025-06-17,False,True,2,5,6,12,308.03
7320,Social Media,2025-03-11,2025-03-23,False,True,4,7,9,8,314.85
7321,Social Media,2025-06-29,,False,True,0,0,0,8,0.0
7322,Paid Ads,2025-03-10,2025-03-11,False,True,1,7,14,12,643.01
7323,Organic Search,2025-01-10,,False,True,0,0,0,6,0.0
7324,Organic Search,2025-03-03,,True,False,0,0,0,6,0.0
7325,Referrals,2025-05-30,2025-06-08,False,True,7,10,12,4,1472.34
7326,Social Media,2025-06-22,2025-06-26,True,False,1,1,1,8,41.51
7327,Social Media,2025-03-12,,True,False,0,0,0,8,0.0
7328,Social Media,2025-01-04,,False,True,0,0,0,8,0.0
7329,Referrals,2025-03-19,,False,True,0,0,0,4,0.0
7330,Paid Ads,2025-03-16,,True,False,0,0,0,12,0.0
7331,Paid Ads,2025-04-30,,False,True,0,0,0,12,0.0
7332,Organic Search,2025-01-29,,False,True,0,0,0,6,0.0
7333,Paid Ads,2025-02-18,2025-02-23,True,False,3,3,3,12,165.22
7334,Referrals,2025-02-20,2025-03-02,True,False,1,2,2,4,191.37
7335,Social Media,2025-05-18,,True,False,0,0,0,8,0.0
7336,Organic Search,2025-05-07,,False,True,0,0,0,6,0.0
7337,Social Media,2025-06-19,,False,True,0,0,0,8,0.0
7338,Paid Ads,2025-01-19,2025-01-28,True,False,3,3,3,12,152.17
7339,Paid Ads,2025-01-25,,True,False,0,0,0,12,0.0
7340,Social Media,2025-01-05,,True,False,0,0,0,8,0.0
7341,Organic Search,2025-05-15,,True,False,0,0,0,6,0.0
7342,Referrals,2025-05-17,2025-05-26,True,False,3,3,3,4,314.26
7343,Referrals,2025-05-11,2025-05-19,False,True,5,11,16,4,1147.03
7344,Referrals,2025-03-16,2025-03-29,False,True,5,10,12,4,1327.78
7345,Referrals,2025-02-28,2025-03-02,False,True,1,2,6,4,665.43
7346,Social Media,2025-06-29,,True,False,0,0,0,8,0.0
7347,Organic Search,2025-03-31,,False,True,0,0,0,6,0.0
7348,Paid Ads,2025-04-30,,False,True,0,0,0,12,0.0
7349,Organic Search,2025-06-05,2025-06-19,False,True,3,9,13,6,980.79
7350,Social Media,2025-04-24,,False,True,0,0,0,8,0.0
7351,Paid Ads,2025-03-05,2025-03-10,True,False,3,4,4,12,170.76
7352,Paid Ads,2025-05-22,2025-06-01,False,True,4,7,9,12,360.16
7353,Organic Search,2025-05-08,2025-05-19,False,True,3,6,8,6,548.56
7354,Social Media,2025-03-18,2025-03-22,True,False,2,3,3,8,114.36
7355,Referrals,2025-03-31,2025-04-01,True,False,2,2,2,4,156.78
7356,Paid Ads,2025-01-29,,True,False,0,0,0,12,0.0
7357,Organic Search,2025-01-18,,False,True,0,0,0,6,0.0
7358,Paid Ads,2025-06-07,,True,False,0,0,0,12,0.0
7359,Social Media,2025-06-12,,False,True,0,0,0,8,0.0
7360,Paid Ads,2025-05-14,2025-05-22,True,False,2,2,2,12,108.21
7361,Paid Ads,2025-04-16,2025-04-17,False,True,1,5,12,12,552.05
7362,Organic Search,2025-06-02,,False,True,0,0,0,6,0.0
7363,Social Media,2025-01-24,,True,False,0,0,0,8,0.0
7364,Paid Ads,2025-05-19,,True,False,0,0,0,12,0.0
7365,Organic Search,2025-04-05,2025-04-16,False,True,7,10,15,6,841.04
7366,Paid Ads,2025-03-02,,True,False,0,0,0,12,0.0
7367,Referrals,2025-05-26,2025-06-07,False,True,2,5,12,4,1057.63
7368,Referrals,2025-03-11,2025-03-23,False,True,7,13,16,4,1566.58
7369,Paid Ads,2025-03-02,,True,False,0,0,0,12,0.0
7370,Organic Search,2025-02-05,,True,False,0,0,0,6,0.0
7371,Paid Ads,2025-03-24,,True,False,0,0,0,12,0.0
7372,Referrals,2025-06-15,2025-06-29,True,False,2,3,3,4,260.04
7373,Organic Search,2025-04-24,,True,False,0,0,0,6,0.0
7374,Paid Ads,2025-04-06,,True,False,0,0,0,12,0.0
7375,Paid Ads,2025-06-08,,True,False,0,0,0,12,0.0
7376,Referrals,2025-06-27,2025-07-01,False,True,6,12,15,4,1379.73
7377,Paid Ads,2025-01-08,,False,True,0,0,0,12,0.0
7378,Referrals,2025-04-04,2025-04-09,True,False,1,1,1,4,114.65
7379,Paid Ads,2025-04-13,,True,False,0,0,0,12,0.0
7380,Referrals,2025-05-24,2025-06-04,True,False,3,4,4,4,309.11
7381,Paid Ads,2025-04-28,,False,True,0,0,0,12,0.0
7382,Social Media,2025-06-17,,True,False,0,0,0,8,0.0
7383,Social Media,2025-06-17,,True,False,0,0,0,8,0.0
7384,Organic Search,2025-02-28,2025-03-10,True,False,2,2,2,6,110.44
7385,Organic Search,2025-02-11,2025-02-24,True,False,3,3,3,6,243.33
7386,Organic Search,2025-02-06,,False,True,0,0,0,6,0.0
7387,Referrals,2025-02-24,,False,True,0,0,0,4,0.0
7388,Referrals,2025-06-14,2025-06-19,False,True,1,6,13,4,1118.08
7389,Social Media,2025-06-22,2025-06-28,True,False,3,3,3,8,143.58
7390,Paid Ads,2025-01-02,,False,True,0,0,0,12,0.0
7391,Paid Ads,2025-02-20,2025-03-03,False,True,6,8,11,12,410.83
7392,Organic Search,2025-06-06,2025-06-09,False,True,4,8,9,6,591.05
7393,Paid Ads,2025-05-29,,True,False,0,0,0,12,0.0
7394,Paid Ads,2025-03-02,2025-03-06,True,False,3,4,4,12,110.71
7395,Referrals,2025-01-10,2025-01-22,True,False,2,3,3,4,257.67
7396,Organic Search,2025-03-11,2025-03-21,True,False,2,3,3,6,228.94
7397,Organic Search,2025-04-02,2025-04-11,True,False,2,3,3,6,190.18
7398,Referrals,2025-06-25,2025-07-04,False,True,1,6,11,4,972.45
7399,Organic Search,2025-01-03,2025-01-07,False,True,3,9,11,6,835.68
7400,Referrals,2025-03-09,2025-03-21,True,False,3,3,3,4,356.94
7401,Social Media,2025-01-02,,True,False,0,0,0,8,0.0
7402,Social Media,2025-02-17,,True,False,0,0,0,8,0.0
7403,Social Media,2025-02-16,,True,False,0,0,0,8,0.0
7404,Social Media,2025-03-23,,True,False,0,0,0,8,0.0
7405,Social Media,2025-01-13,2025-01-22,True,False,3,4,4,8,132.79
7406,Paid Ads,2025-02-02,,True,False,0,0,0,12,0.0
7407,Organic Search,2025-05-30,2025-06-04,False,True,1,7,14,6,1225.88
7408,Organic Search,2025-05-20,2025-05-23,False,True,4,11,17,6,1207.84
7409,Social Media,2025-03-30,,True,False,0,0,0,8,0.0
7410,Paid Ads,2025-06-11,,False,True,0,0,0,12,0.0
7411,Social Media,2025-03-02,2025-03-16,True,False,2,3,3,8,78.33
7412,Social Media,2025-01-09,,True,False,0,0,0,8,0.0
7413,Paid Ads,2025-01-18,,True,False,0,0,0,12,0.0
7414,Organic Search,2025-01-25,2025-01-28,False,True,5,9,10,6,525.46
7415,Social Media,2025-04-07,2025-04-13,True,False,3,3,3,8,93.77
7416,Referrals,2025-04-11,2025-04-17,False,True,6,10,16,4,881.69
7417,Social Media,2025-05-13,,True,False,0,0,0,8,0.0
7418,Social Media,2025-05-05,,True,False,0,0,0,8,0.0
7419,Social Media,2025-01-07,,False,True,0,0,0,8,0.0
7420,Organic Search,2025-02-28,2025-03-05,False,True,7,12,18,6,1612.75
7421,Organic Search,2025-01-09,2025-01-10,False,True,6,11,18,6,1522.62
7422,Referrals,2025-01-15,2025-01-27,False,True,6,13,20,4,1506.08
7423,Organic Search,2025-05-18,,False,True,0,0,0,6,0.0
7424,Social Media,2025-03-27,,True,False,0,0,0,8,0.0
7425,Paid Ads,2025-01-06,,True,False,0,0,0,12,0.0
7426,Paid Ads,2025-06-03,,True,False,0,0,0,12,0.0
7427,Social Media,2025-04-21,,True,False,0,0,0,8,0.0
7428,Referrals,2025-01-29,2025-02-05,False,True,3,5,10,4,787.44
7429,Social Media,2025-03-17,2025-03-19,False,True,5,10,16,8,540.72
7430,Paid Ads,2025-03-05,2025-03-13,False,True,5,7,12,12,507.55
7431,Social Media,2025-02-09,,True,False,0,0,0,8,0.0
7432,Organic Search,2025-01-31,2025-02-11,True,False,3,3,3,6,178.99
7433,Paid Ads,2025-01-02,,False,True,0,0,0,12,0.0
7434,Referrals,2025-04-14,2025-04-20,True,False,1,1,1,4,128.95
7435,Paid Ads,2025-02-07,2025-02-13,False,True,2,6,11,12,425.45
7436,Social Media,2025-06-29,,True,False,0,0,0,8,0.0
7437,Paid Ads,2025-01-24,2025-01-29,True,False,1,1,1,12,56.24
7438,Organic Search,2025-03-27,,False,True,0,0,0,6,0.0
7439,Paid Ads,2025-05-12,2025-05-19,True,False,1,1,1,12,60.19
7440,Organic Search,2025-06-06,,False,True,0,0,0,6,0.0
7441,Social Media,2025-04-23,,False,True,0,0,0,8,0.0
7442,Organic Search,2025-03-09,,True,False,0,0,0,6,0.0
7443,Social Media,2025-05-14,,True,False,0,0,0,8,0.0
7444,Social Media,2025-04-19,,True,False,0,0,0,8,0.0
7445,Organic Search,2025-06-23,,False,True,0,0,0,6,0.0
7446,Referrals,2025-04-01,2025-04-07,False,True,1,6,10,4,985.95
7447,Social Media,2025-02-22,2025-03-08,False,True,4,5,10,8,402.12
7448,Referrals,2025-02-14,2025-02-19,False,True,3,8,9,4,904.22
7449,Paid Ads,2025-04-16,,True,False,0,0,0,12,0.0
7450,Organic Search,2025-01-05,2025-01-13,True,False,1,1,1,6,80.88
7451,Organic Search,2025-06-08,2025-06-13,True,False,2,2,2,6,119.58
7452,Social Media,2025-06-10,,False,True,0,0,0,8,0.0
7453,Referrals,2025-02-18,,True,False,0,0,0,4,0.0
7454,Paid Ads,2025-01-24,,True,False,0,0,0,12,0.0
7455,Organic Search,2025-06-25,2025-07-03,False,True,3,7,12,6,847.56
7456,Organic Search,2025-03-20,,True,False,0,0,0,6,0.0
7457,Paid Ads,2025-05-25,2025-06-08,True,False,3,3,3,12,137.58
7458,Referrals,2025-01-28,2025-02-09,True,False,3,3,3,4,385.53
7459,Paid Ads,2025-02-07,2025-02-19,True,False,1,1,1,12,50.44
7460,Referrals,2025-06-29,2025-07-12,True,False,1,2,2,4,165.53
7461,Referrals,2025-03-17,2025-03-22,False,True,7,10,13,4,1563.94
7462,Organic Search,2025-06-08,,False,True,0,0,0,6,0.0
7463,Social Media,2025-03-25,,False,True,0,0,0,8,0.0
7464,Organic Search,2025-05-12,,False,True,0,0,0,6,0.0
7465,Referrals,2025-06-17,2025-06-22,True,False,2,3,3,4,254.22
7466,Paid Ads,2025-03-13,,True,False,0,0,0,12,0.0
7467,Referrals,2025-02-05,2025-02-11,False,True,7,13,18,4,1184.47
7468,Organic Search,2025-04-02,2025-04-08,True,False,1,2,2,6,146.21
7469,Paid Ads,2025-06-28,2025-07-01,True,False,1,1,1,12,45.87
7470,Referrals,2025-05-01,,False,True,0,0,0,4,0.0
7471,Referrals,2025-04-06,2025-04-09,False,True,4,6,9,4,786.8
7472,Paid Ads,2025-02-02,,True,False,0,0,0,12,0.0
7473,Organic Search,2025-02-16,,False,True,0,0,0,6,0.0
7474,Social Media,2025-06-01,,False,True,0,0,0,8,0.0
7475,Social Media,2025-01-03,2025-01-16,True,False,3,3,3,8,88.7
7476,Organic Search,2025-06-20,2025-06-29,True,False,2,3,3,6,221.42
7477,Paid Ads,2025-04-12,2025-04-17,True,False,1,1,1,12,47.91
7478,Referrals,2025-04-06,2025-04-15,False,True,7,13,17,4,1471.85
7479,Paid Ads,2025-05-19,,True,False,0,0,0,12,0.0
7480,Referrals,2025-03-29,,False,True,0,0,0,4,0.0
7481,Social Media,2025-05-05,,True,False,0,0,0,8,0.0
7482,Paid Ads,2025-04-16,,False,True,0,0,0,12,0.0
7483,Social Media,2025-04-28,,False,True,0,0,0,8,0.0
7484,Paid Ads,2025-05-30,,True,False,0,0,0,12,0.0
7485,Paid Ads,2025-06-26,,False,True,0,0,0,12,0.0
7486,Social Media,2025-06-01,2025-06-08,True,False,3,4,4,8,151.85
7487,Organic Search,2025-02-10,,False,True,0,0,0,6,0.0
7488,Paid Ads,2025-06-28,2025-07-01,True,False,3,4,4,12,268.57
7489,Organic Search,2025-01-28,2025-02-09,False,True,2,7,12,6,627.7
7490,Organic Search,2025-04-07,2025-04-14,False,True,6,12,14,6,1045.24
7491,Paid Ads,2025-01-06,,True,False,0,0,0,12,0.0
7492,Referrals,2025-06-22,,False,True,0,0,0,4,0.0
7493,Paid Ads,2025-02-28,2025-03-08,True,False,2,2,2,12,71.34
7494,Organic Search,2025-06-18,,True,False,0,0,0,6,0.0
7495,Paid Ads,2025-02-07,2025-02-14,True,False,1,1,1,12,41.67
7496,Organic Search,2025-05-10,,False,True,0,0,0,6,0.0
7497,Organic Search,2025-03-06,,False,True,0,0,0,6,0.0
7498,Organic Search,2025-06-13,2025-06-18,False,True,1,7,12,6,804.75
7499,Social Media,2025-01-01,2025-01-06,False,True,1,3,5,8,182.26
7500,Paid Ads,2025-03-22,,True,False,0,0,0,12,0.0
7501,Referrals,2025-01-29,2025-02-01,True,False,3,4,4,4,439.84
7502,Paid Ads,2025-04-05,2025-04-13,True,False,2,3,3,12,141.31
7503,Paid Ads,2025-02-09,2025-02-16,True,False,2,3,3,12,165.53
7504,Paid Ads,2025-05-13,,False,True,0,0,0,12,0.0
7505,Paid Ads,2025-02-14,,True,False,0,0,0,12,0.0
7506,Social Media,2025-04-01,2025-04-08,False,True,4,5,9,8,265.26
7507,Organic Search,2025-05-16,2025-05-25,True,False,3,4,4,6,367.25
7508,Paid Ads,2025-04-10,,True,False,0,0,0,12,0.0
7509,Paid Ads,2025-06-15,,True,False,0,0,0,12,0.0
7510,Social Media,2025-05-10,2025-05-13,False,True,5,8,14,8,450.89
7511,Paid Ads,2025-01-08,,True,False,0,0,0,12,0.0
7512,Organic Search,2025-06-10,2025-06-14,False,True,5,11,16,6,1192.43
7513,Organic Search,2025-03-31,2025-04-08,True,False,2,2,2,6,187.72
7514,Organic Search,2025-05-03,2025-05-11,False,True,1,3,9,6,932.38
7515,Social Media,2025-01-07,,True,False,0,0,0,8,0.0
7516,Social Media,2025-04-04,2025-04-13,True,False,1,2,2,8,84.47
7517,Organic Search,2025-03-05,2025-03-16,True,False,3,4,4,6,300.19
7518,Social Media,2025-05-04,2025-05-13,False,True,3,7,14,8,648.78
7519,Paid Ads,2025-02-14,,True,False,0,0,0,12,0.0
7520,Organic Search,2025-02-08,2025-02-12,False,True,1,6,10,6,588.79
7521,Organic Search,2025-01-30,2025-02-05,True,False,1,1,1,6,75.33
7522,Referrals,2025-01-23,2025-01-24,True,False,1,1,1,4,72.32
7523,Organic Search,2025-04-06,2025-04-16,False,True,4,6,13,6,800.99
7524,Paid Ads,2025-06-23,,True,False,0,0,0,12,0.0
7525,Paid Ads,2025-05-07,,True,False,0,0,0,12,0.0
7526,Organic Search,2025-03-05,2025-03-12,True,False,3,4,4,6,249.71
7527,Paid Ads,2025-01-11,,True,False,0,0,0,12,0.0
7528,Organic Search,2025-01-14,2025-01-15,False,True,4,10,17,6,1161.84
7529,Referrals,2025-04-15,,False,True,0,0,0,4,0.0
7530,Social Media,2025-05-04,2025-05-17,True,False,1,2,2,8,68.56
7531,Referrals,2025-03-03,2025-03-04,False,True,5,8,12,4,1402.58
7532,Organic Search,2025-02-20,2025-03-01,False,True,4,7,11,6,898.99
7533,Referrals,2025-04-13,2025-04-23,True,False,1,2,2,4,138.85
7534,Referrals,2025-01-17,2025-01-29,False,True,2,3,8,4,641.27
7535,Organic Search,2025-06-09,,True,False,0,0,0,6,0.0
7536,Paid Ads,2025-02-24,2025-03-01,False,True,1,6,13,12,663.43
7537,Paid Ads,2025-02-19,,True,False,0,0,0,12,0.0
7538,Paid Ads,2025-05-08,2025-05-18,True,False,3,3,3,12,153.83
7539,Referrals,2025-03-21,2025-03-26,True,False,3,3,3,4,316.71
7540,Organic Search,2025-01-26,,False,True,0,0,0,6,0.0
7541,Referrals,2025-06-05,2025-06-06,False,True,4,8,14,4,1419.32
7542,Organic Search,2025-03-16,,True,False,0,0,0,6,0.0
7543,Organic Search,2025-02-22,,False,True,0,0,0,6,0.0
7544,Paid Ads,2025-02-13,,True,False,0,0,0,12,0.0
7545,Referrals,2025-06-09,2025-06-17,False,True,3,9,12,4,1312.0
7546,Referrals,2025-03-21,2025-03-23,False,True,3,7,9,4,881.32
7547,Organic Search,2025-01-09,2025-01-22,False,True,3,9,11,6,691.31
7548,Paid Ads,2025-02-09,,True,False,0,0,0,12,0.0
7549,Paid Ads,2025-04-19,,True,False,0,0,0,12,0.0
7550,Organic Search,2025-05-13,2025-05-23,True,False,2,3,3,6,146.51
7551,Social Media,2025-01-21,,True,False,0,0,0,8,0.0
7552,Referrals,2025-02-07,2025-02-13,False,True,1,7,11,4,1272.05
7553,Paid Ads,2025-02-01,,True,False,0,0,0,12,0.0
7554,Social Media,2025-06-05,,False,True,0,0,0,8,0.0
7555,Paid Ads,2025-03-06,,False,True,0,0,0,12,0.0
7556,Social Media,2025-06-11,,True,False,0,0,0,8,0.0
7557,Organic Search,2025-04-29,2025-05-01,True,False,3,3,3,6,247.06
7558,Referrals,2025-01-22,,True,False,0,0,0,4,0.0
7559,Paid Ads,2025-03-08,,False,True,0,0,0,12,0.0
7560,Organic Search,2025-03-31,,False,True,0,0,0,6,0.0
7561,Paid Ads,2025-03-23,2025-03-29,False,True,3,5,6,12,304.65
7562,Paid Ads,2025-04-12,,False,True,0,0,0,12,0.0
7563,Organic Search,2025-01-08,2025-01-10,False,True,6,11,12,6,831.55
7564,Referrals,2025-06-26,2025-07-09,False,True,7,14,19,4,2388.55
7565,Referrals,2025-01-13,2025-01-18,True,False,2,2,2,4,192.52
7566,Social Media,2025-05-25,,True,False,0,0,0,8,0.0
7567,Social Media,2025-02-13,2025-02-18,True,False,1,1,1,8,44.66
7568,Organic Search,2025-04-04,2025-04-17,True,False,1,1,1,6,60.35
7569,Social Media,2025-03-31,,True,False,0,0,0,8,0.0
7570,Organic Search,2025-04-29,,True,False,0,0,0,6,0.0
7571,Paid Ads,2025-03-08,,False,True,0,0,0,12,0.0
7572,Organic Search,2025-01-06,,True,False,0,0,0,6,0.0
7573,Referrals,2025-06-12,,False,True,0,0,0,4,0.0
7574,Organic Search,2025-03-17,2025-03-23,True,False,2,2,2,6,141.46
7575,Paid Ads,2025-02-01,2025-02-13,True,False,2,3,3,12,112.74
7576,Social Media,2025-02-03,,False,True,0,0,0,8,0.0
7577,Referrals,2025-01-07,2025-01-11,False,True,5,8,14,4,883.05
7578,Social Media,2025-02-24,,True,False,0,0,0,8,0.0
7579,Social Media,2025-02-13,,True,False,0,0,0,8,0.0
7580,Paid Ads,2025-04-09,,False,True,0,0,0,12,0.0
7581,Paid Ads,2025-05-21,,True,False,0,0,0,12,0.0
7582,Organic Search,2025-02-19,2025-03-02,True,False,3,3,3,6,214.99
7583,Referrals,2025-04-23,2025-04-26,False,True,1,7,8,4,846.6
7584,Paid Ads,2025-03-14,,True,False,0,0,0,12,0.0
7585,Paid Ads,2025-03-25,,False,True,0,0,0,12,0.0
7586,Social Media,2025-03-08,2025-03-09,True,False,2,2,2,8,80.38
7587,Referrals,2025-06-12,2025-06-21,False,True,5,8,10,4,1107.48
7588,Paid Ads,2025-02-12,,True,False,0,0,0,12,0.0
7589,Referrals,2025-01-22,2025-02-04,False,True,4,7,10,4,720.33
7590,Referrals,2025-02-07,2025-02-18,False,True,3,6,7,4,753.98
7591,Social Media,2025-03-18,,False,True,0,0,0,8,0.0
7592,Social Media,2025-02-18,,True,False,0,0,0,8,0.0
7593,Paid Ads,2025-06-18,,True,False,0,0,0,12,0.0
7594,Paid Ads,2025-01-08,2025-01-16,True,False,3,3,3,12,163.76
7595,Referrals,2025-02-14,2025-02-27,True,False,1,2,2,4,269.11
7596,Organic Search,2025-02-06,2025-02-13,False,True,2,5,11,6,898.51
7597,Paid Ads,2025-05-09,,False,True,0,0,0,12,0.0
7598,Organic Search,2025-03-13,,False,True,0,0,0,6,0.0
7599,Paid Ads,2025-04-21,,True,False,0,0,0,12,0.0
7600,Paid Ads,2025-03-20,,True,False,0,0,0,12,0.0
7601,Referrals,2025-04-30,,True,False,0,0,0,4,0.0
7602,Referrals,2025-06-21,2025-06-27,False,True,2,5,9,4,812.42
7603,Social Media,2025-01-10,2025-01-14,True,False,2,3,3,8,136.0
7604,Social Media,2025-01-19,,True,False,0,0,0,8,0.0
7605,Paid Ads,2025-02-17,,True,False,0,0,0,12,0.0
7606,Paid Ads,2025-04-23,,False,True,0,0,0,12,0.0
7607,Paid Ads,2025-02-24,2025-03-02,True,False,1,1,1,12,38.25
7608,Organic Search,2025-03-14,2025-03-26,True,False,1,1,1,6,73.41
7609,Social Media,2025-01-31,2025-02-09,True,False,3,4,4,8,165.42
7610,Paid Ads,2025-01-10,2025-01-24,False,True,2,4,8,12,295.26
7611,Paid Ads,2025-06-13,2025-06-16,False,True,3,10,16,12,741.54
7612,Paid Ads,2025-03-27,,False,True,0,0,0,12,0.0
7613,Referrals,2025-03-31,2025-04-07,False,True,5,11,18,4,1557.84
7614,Organic Search,2025-01-30,2025-02-07,True,False,2,2,2,6,126.34
7615,Social Media,2025-06-01,,True,False,0,0,0,8,0.0
7616,Referrals,2025-02-02,2025-02-06,False,True,5,10,14,4,1505.9
7617,Paid Ads,2025-01-31,2025-02-10,True,False,1,1,1,12,46.18
7618,Paid Ads,2025-05-17,2025-05-20,False,True,4,11,12,12,567.5
7619,Referrals,2025-01-13,2025-01-25,False,True,3,4,10,4,1048.28
7620,Referrals,2025-03-12,,True,False,0,0,0,4,0.0
7621,Referrals,2025-06-15,2025-06-22,False,True,5,11,15,4,928.32
7622,Paid Ads,2025-01-21,2025-02-01,True,False,2,2,2,12,96.32
7623,Paid Ads,2025-06-05,,True,False,0,0,0,12,0.0
7624,Referrals,2025-05-02,2025-05-04,False,True,2,9,16,4,1287.28
7625,Social Media,2025-04-10,,True,False,0,0,0,8,0.0
7626,Social Media,2025-01-07,,True,False,0,0,0,8,0.0
7627,Social Media,2025-04-09,2025-04-14,True,False,1,2,2,8,75.08
7628,Referrals,2025-02-21,2025-02-27,False,True,1,6,10,4,987.24
7629,Referrals,2025-05-01,2025-05-15,False,True,2,7,11,4,1208.08
7630,Social Media,2025-03-04,,True,False,0,0,0,8,0.0
7631,Social Media,2025-05-18,,False,True,0,0,0,8,0.0
7632,Social Media,2025-06-05,,True,False,0,0,0,8,0.0
7633,Social Media,2025-06-02,,False,True,0,0,0,8,0.0
7634,Organic Search,2025-05-17,2025-05-24,False,True,6,10,12,6,943.67
7635,Referrals,2025-02-09,,True,False,0,0,0,4,0.0
7636,Referrals,2025-06-15,2025-06-27,False,True,2,3,9,4,1149.16
7637,Paid Ads,2025-02-26,,True,False,0,0,0,12,0.0
7638,Paid Ads,2025-01-22,2025-01-24,True,False,1,1,1,12,40.53
7639,Paid Ads,2025-03-24,2025-04-07,True,False,2,3,3,12,159.03
7640,Paid Ads,2025-02-05,,True,False,0,0,0,12,0.0
7641,Organic Search,2025-06-26,,False,True,0,0,0,6,0.0
7642,Referrals,2025-04-10,2025-04-15,False,True,5,12,15,4,1128.03
7643,Referrals,2025-01-22,2025-01-25,True,False,3,4,4,4,351.2
7644,Paid Ads,2025-02-12,,True,False,0,0,0,12,0.0
7645,Paid Ads,2025-03-21,2025-03-23,True,False,3,4,4,12,149.95
7646,Social Media,2025-04-29,2025-05-09,False,True,4,6,13,8,567.58
7647,Paid Ads,2025-05-07,2025-05-14,True,False,1,1,1,12,34.75
7648,Paid Ads,2025-05-28,,True,False,0,0,0,12,0.0
7649,Organic Search,2025-03-03,2025-03-05,False,True,2,6,10,6,533.31
7650,Paid Ads,2025-04-18,,True,False,0,0,0,12,0.0
7651,Referrals,2025-04-28,2025-05-04,False,True,2,8,13,4,1114.19
7652,Paid Ads,2025-04-09,,False,True,0,0,0,12,0.0
7653,Referrals,2025-05-16,2025-05-20,True,False,3,4,4,4,285.14
7654,Paid Ads,2025-01-08,,False,True,0,0,0,12,0.0
7655,Paid Ads,2025-04-01,2025-04-11,True,False,1,1,1,12,36.5
7656,Organic Search,2025-05-20,2025-06-03,False,True,2,5,11,6,807.48
7657,Paid Ads,2025-01-20,,True,False,0,0,0,12,0.0
7658,Paid Ads,2025-02-20,2025-02-28,True,False,3,4,4,12,203.25
7659,Organic Search,2025-02-25,2025-03-04,False,True,7,9,15,6,903.94
7660,Paid Ads,2025-01-09,2025-01-12,True,False,3,4,4,12,201.4
7661,Paid Ads,2025-01-31,,False,True,0,0,0,12,0.0
7662,Paid Ads,2025-04-30,,False,True,0,0,0,12,0.0
7663,Organic Search,2025-02-22,2025-03-08,False,True,3,9,13,6,922.17
7664,Referrals,2025-02-06,,False,True,0,0,0,4,0.0
7665,Social Media,2025-04-26,,False,True,0,0,0,8,0.0
7666,Paid Ads,2025-04-26,2025-05-06,True,False,3,3,3,12,161.11
7667,Paid Ads,2025-04-10,,True,False,0,0,0,12,0.0
7668,Organic Search,2025-05-26,2025-06-07,False,True,1,7,9,6,530.38
7669,Referrals,2025-05-25,2025-06-01,False,True,5,6,12,4,1334.06
7670,Paid Ads,2025-02-12,2025-02-17,True,False,1,1,1,12,54.44
7671,Paid Ads,2025-01-19,2025-01-29,True,False,1,2,2,12,92.39
7672,Referrals,2025-02-01,2025-02-14,False,True,2,7,10,4,1133.3
7673,Referrals,2025-06-11,2025-06-23,False,True,2,6,7,4,475.96
7674,Social Media,2025-04-12,2025-04-26,False,True,3,10,14,8,615.23
7675,Organic Search,2025-04-01,2025-04-13,False,True,1,7,10,6,648.29
7676,Paid Ads,2025-01-26,,True,False,0,0,0,12,0.0
7677,Paid Ads,2025-03-09,2025-03-13,True,False,2,3,3,12,164.28
7678,Paid Ads,2025-01-25,2025-01-28,False,True,1,7,10,12,520.27
7679,Social Media,2025-02-09,2025-02-13,False,True,6,13,19,8,1026.41
7680,Social Media,2025-06-18,2025-07-02,False,True,7,12,14,8,410.28
7681,Referrals,2025-02-19,2025-02-20,False,True,5,12,15,4,1661.48
7682,Organic Search,2025-05-30,,False,True,0,0,0,6,0.0
7683,Organic Search,2025-05-01,,False,True,0,0,0,6,0.0
7684,Social Media,2025-05-13,2025-05-19,False,True,3,5,9,8,128.26
7685,Referrals,2025-05-12,2025-05-23,True,False,3,3,3,4,326.02
7686,Referrals,2025-06-14,2025-06-18,False,True,2,4,11,4,875.98
7687,Social Media,2025-01-28,,True,False,0,0,0,8,0.0
7688,Paid Ads,2025-05-25,,False,True,0,0,0,12,0.0
7689,Paid Ads,2025-02-06,2025-02-10,True,False,3,4,4,12,138.28
7690,Paid Ads,2025-02-13,,True,False,0,0,0,12,0.0
7691,Organic Search,2025-03-13,2025-03-15,False,True,4,8,10,6,747.3
7692,Referrals,2025-03-20,2025-03-26,False,True,7,8,9,4,693.56
7693,Paid Ads,2025-06-14,2025-06-25,True,False,3,3,3,12,120.86
7694,Organic Search,2025-02-23,2025-02-25,False,True,6,8,12,6,956.27
7695,Paid Ads,2025-04-04,,True,False,0,0,0,12,0.0
7696,Paid Ads,2025-03-04,,True,False,0,0,0,12,0.0
7697,Referrals,2025-03-29,,False,True,0,0,0,4,0.0
7698,Social Media,2025-06-03,,False,True,0,0,0,8,0.0
7699,Paid Ads,2025-06-21,,False,True,0,0,0,12,0.0
7700,Referrals,2025-02-06,2025-02-20,False,True,6,13,18,4,1327.1
7701,Referrals,2025-04-27,,False,True,0,0,0,4,0.0
7702,Organic Search,2025-01-11,,False,True,0,0,0,6,0.0
7703,Organic Search,2025-01-04,2025-01-07,False,True,7,10,13,6,927.41
7704,Organic Search,2025-01-15,,True,False,0,0,0,6,0.0
7705,Social Media,2025-06-13,,True,False,0,0,0,8,0.0
7706,Paid Ads,2025-01-10,2025-01-16,True,False,3,3,3,12,134.01
7707,Referrals,2025-03-30,2025-03-31,False,True,3,8,13,4,1342.59
7708,Organic Search,2025-02-23,,False,True,0,0,0,6,0.0
7709,Paid Ads,2025-01-19,,True,False,0,0,0,12,0.0
7710,Referrals,2025-03-12,2025-03-21,False,True,1,7,11,4,1213.01
7711,Organic Search,2025-04-01,2025-04-02,False,True,5,9,11,6,697.4
7712,Paid Ads,2025-02-22,,True,False,0,0,0,12,0.0
7713,Paid Ads,2025-03-28,,True,False,0,0,0,12,0.0
7714,Paid Ads,2025-03-24,2025-04-06,True,False,2,3,3,12,138.04
7715,Paid Ads,2025-02-10,,True,False,0,0,0,12,0.0
7716,Social Media,2025-03-08,2025-03-22,False,True,4,8,13,8,609.03
7717,Referrals,2025-01-04,2025-01-15,False,True,6,13,14,4,1426.12
7718,Social Media,2025-06-24,2025-07-03,True,False,3,3,3,8,113.48
7719,Social Media,2025-02-08,,True,False,0,0,0,8,0.0
7720,Organic Search,2025-02-15,2025-02-28,False,True,6,8,13,6,1077.23
7721,Organic Search,2025-05-29,2025-06-11,False,True,2,6,11,6,717.81
7722,Paid Ads,2025-06-15,2025-06-21,True,False,2,2,2,12,81.8
7723,Organic Search,2025-02-05,2025-02-08,True,False,3,3,3,6,164.06
7724,Paid Ads,2025-03-06,2025-03-20,False,True,2,3,6,12,288.36
7725,Referrals,2025-03-30,2025-04-03,True,False,3,3,3,4,318.04
7726,Organic Search,2025-05-25,2025-06-03,True,False,2,3,3,6,179.99
7727,Paid Ads,2025-03-15,,False,True,0,0,0,12,0.0
7728,Organic Search,2025-01-17,,True,False,0,0,0,6,0.0
7729,Referrals,2025-05-21,,False,True,0,0,0,4,0.0
7730,Paid Ads,2025-03-17,,False,True,0,0,0,12,0.0
7731,Social Media,2025-05-09,,False,True,0,0,0,8,0.0
7732,Paid Ads,2025-02-03,,True,False,0,0,0,12,0.0
7733,Paid Ads,2025-02-10,,False,True,0,0,0,12,0.0
7734,Referrals,2025-04-04,2025-04-17,False,True,6,8,14,4,1569.52
7735,Paid Ads,2025-04-10,,True,False,0,0,0,12,0.0
7736,Organic Search,2025-05-21,,True,False,0,0,0,6,0.0
7737,Referrals,2025-04-20,2025-04-24,True,False,3,4,4,4,440.97
7738,Paid Ads,2025-02-17,,True,False,0,0,0,12,0.0
7739,Referrals,2025-04-05,,True,False,0,0,0,4,0.0
7740,Organic Search,2025-01-13,2025-01-19,True,False,3,3,3,6,220.55
7741,Social Media,2025-04-14,2025-04-21,True,False,1,2,2,8,95.4
7742,Organic Search,2025-02-02,,True,False,0,0,0,6,0.0
7743,Paid Ads,2025-01-05,2025-01-14,True,False,1,1,1,12,47.62
7744,Referrals,2025-01-08,,False,True,0,0,0,4,0.0
7745,Social Media,2025-02-08,2025-02-20,False,True,1,8,11,8,514.47
7746,Organic Search,2025-04-14,,False,True,0,0,0,6,0.0
7747,Organic Search,2025-02-05,,True,False,0,0,0,6,0.0
7748,Social Media,2025-06-15,,True,False,0,0,0,8,0.0
7749,Paid Ads,2025-02-05,,True,False,0,0,0,12,0.0
7750,Referrals,2025-03-01,2025-03-04,False,True,5,12,15,4,1741.43
7751,Social Media,2025-04-12,,True,False,0,0,0,8,0.0
7752,Paid Ads,2025-01-13,,False,True,0,0,0,12,0.0
7753,Paid Ads,2025-01-03,2025-01-09,True,False,2,2,2,12,52.08
7754,Referrals,2025-01-12,2025-01-14,False,True,6,7,14,4,997.35
7755,Referrals,2025-02-23,2025-03-07,False,True,1,5,11,4,1140.02
7756,Paid Ads,2025-03-23,2025-03-26,False,True,7,10,17,12,824.2
7757,Organic Search,2025-02-24,2025-02-25,True,False,3,4,4,6,232.99
7758,Paid Ads,2025-01-29,,False,True,0,0,0,12,0.0
7759,Social Media,2025-02-25,2025-03-07,True,False,2,2,2,8,78.02
7760,Organic Search,2025-05-11,,False,True,0,0,0,6,0.0
7761,Paid Ads,2025-02-12,,True,False,0,0,0,12,0.0
7762,Organic Search,2025-03-29,2025-04-01,False,True,2,8,10,6,491.01
7763,Paid Ads,2025-06-28,2025-07-09,False,True,5,12,17,12,671.26
7764,Referrals,2025-05-24,,True,False,0,0,0,4,0.0
7765,Paid Ads,2025-05-11,2025-05-16,False,True,3,9,15,12,763.64
7766,Paid Ads,2025-01-08,,True,False,0,0,0,12,0.0
7767,Paid Ads,2025-04-25,2025-04-28,True,False,1,1,1,12,53.13
7768,Organic Search,2025-05-14,,True,False,0,0,0,6,0.0
7769,Organic Search,2025-06-07,2025-06-17,True,False,2,3,3,6,205.74
7770,Organic Search,2025-01-26,,False,True,0,0,0,6,0.0
7771,Social Media,2025-02-28,2025-03-09,False,True,7,12,14,8,619.66
7772,Social Media,2025-04-21,,True,False,0,0,0,8,0.0
7773,Social Media,2025-06-20,,True,False,0,0,0,8,0.0
7774,Paid Ads,2025-03-31,,False,True,0,0,0,12,0.0
7775,Paid Ads,2025-06-27,,True,False,0,0,0,12,0.0
7776,Paid Ads,2025-05-09,2025-05-15,True,False,1,2,2,12,103.7
7777,Paid Ads,2025-03-21,,True,False,0,0,0,12,0.0
7778,Referrals,2025-04-15,2025-04-22,False,True,7,10,13,4,812.84
7779,Organic Search,2025-03-29,2025-04-08,False,True,6,9,11,6,603.51
7780,Referrals,2025-01-28,,True,False,0,0,0,4,0.0
7781,Social Media,2025-03-24,,True,False,0,0,0,8,0.0
7782,Social Media,2025-06-08,,False,True,0,0,0,8,0.0
7783,Paid Ads,2025-02-01,2025-02-05,False,True,3,7,11,12,380.16
7784,Paid Ads,2025-06-06,,True,False,0,0,0,12,0.0
7785,Organic Search,2025-03-29,,False,True,0,0,0,6,0.0
7786,Paid Ads,2025-06-10,,False,True,0,0,0,12,0.0
7787,Paid Ads,2025-01-30,,False,True,0,0,0,12,0.0
7788,Organic Search,2025-04-20,,False,True,0,0,0,6,0.0
7789,Referrals,2025-06-05,2025-06-19,True,False,1,2,2,4,167.97
7790,Paid Ads,2025-06-23,,False,True,0,0,0,12,0.0
7791,Social Media,2025-01-01,,True,False,0,0,0,8,0.0
7792,Organic Search,2025-06-02,2025-06-08,False,True,4,10,12,6,972.18
7793,Referrals,2025-05-28,2025-06-04,False,True,7,10,14,4,1143.41
7794,Organic Search,2025-06-10,2025-06-13,True,False,2,3,3,6,281.6
7795,Paid Ads,2025-03-29,,True,False,0,0,0,12,0.0
7796,Organic Search,2025-02-02,,False,True,0,0,0,6,0.0
7797,Paid Ads,2025-01-22,2025-01-26,True,False,3,3,3,12,139.03
7798,Paid Ads,2025-04-05,,True,False,0,0,0,12,0.0
7799,Organic Search,2025-06-09,,False,True,0,0,0,6,0.0
7800,Referrals,2025-06-02,2025-06-15,False,True,3,9,13,4,877.28
7801,Paid Ads,2025-04-18,,True,False,0,0,0,12,0.0
7802,Referrals,2025-05-06,2025-05-14,False,True,7,12,19,4,1744.76
7803,Paid Ads,2025-04-20,2025-04-21,True,False,3,3,3,12,168.93
7804,Social Media,2025-06-18,,False,True,0,0,0,8,0.0
7805,Organic Search,2025-02-20,2025-02-23,False,True,6,11,14,6,1105.09
7806,Organic Search,2025-03-13,2025-03-22,True,False,3,4,4,6,212.88
7807,Organic Search,2025-06-21,2025-06-30,False,True,7,14,19,6,1753.2
7808,Referrals,2025-01-23,,False,True,0,0,0,4,0.0
7809,Referrals,2025-06-24,2025-07-03,False,True,5,9,10,4,1112.91
7810,Referrals,2025-06-15,2025-06-17,True,False,2,2,2,4,202.01
7811,Referrals,2025-03-23,2025-03-25,False,True,3,10,12,4,969.38
7812,Paid Ads,2025-03-01,2025-03-09,True,False,2,3,3,12,129.7
7813,Organic Search,2025-06-15,2025-06-29,True,False,3,3,3,6,243.94
7814,Referrals,2025-03-22,2025-04-03,False,True,5,7,12,4,917.67
7815,Paid Ads,2025-03-02,,True,False,0,0,0,12,0.0
7816,Social Media,2025-04-29,,False,True,0,0,0,8,0.0
7817,Referrals,2025-05-15,,False,True,0,0,0,4,0.0
7818,Referrals,2025-06-25,2025-06-26,False,True,4,10,17,4,1639.22
7819,Social Media,2025-06-09,2025-06-20,True,False,1,1,1,8,37.47
7820,Paid Ads,2025-04-02,2025-04-14,True,False,2,3,3,12,124.77
7821,Referrals,2025-02-17,2025-03-02,True,False,1,2,2,4,138.17
7822,Paid Ads,2025-03-22,,False,True,0,0,0,12,0.0
7823,Referrals,2025-03-23,2025-03-27,True,False,3,4,4,4,350.66
7824,Social Media,2025-01-20,,True,False,0,0,0,8,0.0
7825,Referrals,2025-05-17,2025-05-23,True,False,2,2,2,4,194.74
7826,Organic Search,2025-02-23,,True,False,0,0,0,6,0.0
7827,Organic Search,2025-05-03,,True,False,0,0,0,6,0.0
7828,Organic Search,2025-01-22,2025-01-25,True,False,2,3,3,6,245.61
7829,Paid Ads,2025-05-16,2025-05-30,True,False,1,2,2,12,105.66
7830,Referrals,2025-04-24,2025-05-08,False,True,6,13,19,4,1305.53
7831,Paid Ads,2025-01-19,,True,False,0,0,0,12,0.0
7832,Social Media,2025-02-25,,True,False,0,0,0,8,0.0
7833,Referrals,2025-01-11,2025-01-12,True,False,2,2,2,4,132.0
7834,Referrals,2025-03-24,2025-03-26,False,True,5,12,17,4,1218.39
7835,Organic Search,2025-03-21,2025-03-28,False,True,7,13,17,6,1070.56
7836,Organic Search,2025-04-10,,False,True,0,0,0,6,0.0
7837,Referrals,2025-01-25,2025-02-06,True,False,1,2,2,4,150.22
7838,Referrals,2025-01-01,,False,True,0,0,0,4,0.0
7839,Referrals,2025-06-06,2025-06-08,False,True,2,4,5,4,557.19
7840,Paid Ads,2025-03-11,,True,False,0,0,0,12,0.0
7841,Social Media,2025-05-01,2025-05-05,True,False,1,1,1,8,38.24
7842,Organic Search,2025-06-28,2025-07-06,False,True,2,6,9,6,605.22
7843,Paid Ads,2025-01-03,2025-01-11,True,False,1,1,1,12,36.87
7844,Paid Ads,2025-02-26,2025-03-01,True,False,3,4,4,12,129.67
7845,Social Media,2025-02-07,2025-02-16,True,False,2,3,3,8,113.11
7846,Referrals,2025-04-02,2025-04-13,False,True,1,2,7,4,886.09
7847,Paid Ads,2025-01-19,,False,True,0,0,0,12,0.0
7848,Organic Search,2025-06-04,2025-06-14,False,True,7,13,20,6,1060.58
7849,Social Media,2025-06-17,2025-06-18,False,True,2,4,6,8,220.63
7850,Referrals,2025-01-16,,True,False,0,0,0,4,0.0
7851,Paid Ads,2025-01-29,,True,False,0,0,0,12,0.0
7852,Referrals,2025-04-11,2025-04-25,False,True,3,5,9,4,804.12
7853,Paid Ads,2025-01-16,,True,False,0,0,0,12,0.0
7854,Social Media,2025-01-26,,True,False,0,0,0,8,0.0
7855,Organic Search,2025-04-20,2025-04-25,True,False,2,3,3,6,276.86
7856,Paid Ads,2025-04-06,,True,False,0,0,0,12,0.0
7857,Referrals,2025-02-20,2025-02-27,True,False,1,2,2,4,112.16
7858,Social Media,2025-05-02,2025-05-10,False,True,1,8,15,8,564.5
7859,Organic Search,2025-04-25,2025-04-26,False,True,4,10,16,6,1142.73
7860,Referrals,2025-01-15,2025-01-20,False,True,4,9,12,4,1190.01
7861,Referrals,2025-06-14,,False,True,0,0,0,4,0.0
7862,Referrals,2025-06-20,2025-06-30,False,True,2,5,7,4,837.47
7863,Social Media,2025-04-08,,True,False,0,0,0,8,0.0
7864,Paid Ads,2025-01-07,,True,False,0,0,0,12,0.0
7865,Organic Search,2025-01-13,2025-01-21,True,False,3,3,3,6,163.25
7866,Paid Ads,2025-05-03,2025-05-17,True,False,3,4,4,12,217.08
7867,Paid Ads,2025-02-03,2025-02-05,False,True,7,13,20,12,825.85
7868,Organic Search,2025-01-29,2025-02-03,False,True,5,8,14,6,1073.38
7869,Referrals,2025-06-26,2025-07-09,False,True,7,14,17,4,1431.04
7870,Paid Ads,2025-05-19,,True,False,0,0,0,12,0.0
7871,Organic Search,2025-06-25,2025-07-05,False,True,2,3,10,6,618.95
7872,Social Media,2025-06-07,,False,True,0,0,0,8,0.0
7873,Paid Ads,2025-04-27,2025-05-06,False,True,4,9,12,12,514.37
7874,Referrals,2025-03-24,2025-03-30,False,True,1,3,10,4,693.89
7875,Paid Ads,2025-06-28,,True,False,0,0,0,12,0.0
7876,Social Media,2025-02-23,2025-03-04,False,True,5,12,15,8,544.17
7877,Organic Search,2025-02-24,2025-03-02,False,True,6,12,19,6,1693.13
7878,Paid Ads,2025-03-22,,False,True,0,0,0,12,0.0
7879,Paid Ads,2025-01-16,,True,False,0,0,0,12,0.0
7880,Social Media,2025-03-05,,True,False,0,0,0,8,0.0
7881,Referrals,2025-04-02,2025-04-03,False,True,3,9,10,4,1117.66
7882,Paid Ads,2025-02-26,,True,False,0,0,0,12,0.0
7883,Organic Search,2025-05-22,,False,True,0,0,0,6,0.0
7884,Paid Ads,2025-03-30,2025-03-31,False,True,7,9,15,12,543.21
7885,Social Media,2025-03-19,2025-03-27,True,False,1,1,1,8,25.8
7886,Referrals,2025-06-20,2025-06-27,False,True,2,3,4,4,431.94
7887,Referrals,2025-02-22,2025-03-07,True,False,1,1,1,4,77.24
7888,Referrals,2025-02-10,2025-02-24,False,True,1,5,9,4,791.83
7889,Paid Ads,2025-01-11,,True,False,0,0,0,12,0.0
7890,Referrals,2025-05-12,2025-05-13,False,True,3,7,10,4,1141.06
7891,Social Media,2025-01-05,,True,False,0,0,0,8,0.0
7892,Organic Search,2025-04-16,2025-04-22,True,False,2,3,3,6,198.98
7893,Social Media,2025-04-20,,True,False,0,0,0,8,0.0
7894,Paid Ads,2025-01-12,2025-01-23,False,True,5,12,15,12,717.61
7895,Paid Ads,2025-02-25,2025-03-05,True,False,2,3,3,12,101.72
7896,Referrals,2025-06-22,2025-06-24,False,True,1,3,8,4,957.0
7897,Organic Search,2025-04-06,2025-04-18,False,True,7,10,12,6,540.25
7898,Paid Ads,2025-05-11,,False,True,0,0,0,12,0.0
7899,Paid Ads,2025-01-03,2025-01-15,True,False,2,3,3,12,126.2
7900,Referrals,2025-04-19,,False,True,0,0,0,4,0.0
7901,Paid Ads,2025-05-25,,False,True,0,0,0,12,0.0
7902,Referrals,2025-01-07,,True,False,0,0,0,4,0.0
7903,Paid Ads,2025-05-27,,True,False,0,0,0,12,0.0
7904,Paid Ads,2025-01-16,,False,True,0,0,0,12,0.0
7905,Organic Search,2025-01-10,2025-01-23,False,True,2,8,9,6,617.61
7906,Organic Search,2025-01-29,,False,True,0,0,0,6,0.0
7907,Referrals,2025-01-16,2025-01-23,False,True,3,8,9,4,1177.71
7908,Social Media,2025-03-29,2025-03-30,False,True,2,6,13,8,418.08
7909,Referrals,2025-02-10,,False,True,0,0,0,4,0.0
7910,Referrals,2025-03-03,2025-03-13,False,True,5,12,19,4,1717.75
7911,Social Media,2025-01-07,,True,False,0,0,0,8,0.0
7912,Organic Search,2025-04-19,,True,False,0,0,0,6,0.0
7913,Paid Ads,2025-06-09,,True,False,0,0,0,12,0.0
7914,Organic Search,2025-06-02,2025-06-12,False,True,1,6,13,6,804.88
7915,Paid Ads,2025-06-08,2025-06-16,False,True,3,7,12,12,524.64
7916,Paid Ads,2025-05-02,2025-05-09,True,False,3,3,3,12,113.7
7917,Paid Ads,2025-03-29,2025-04-02,False,True,2,7,8,12,379.28
7918,Paid Ads,2025-01-09,,False,True,0,0,0,12,0.0
7919,Social Media,2025-04-11,,False,True,0,0,0,8,0.0
7920,Referrals,2025-02-19,2025-03-02,False,True,7,8,13,4,1087.11
7921,Social Media,2025-06-22,,True,False,0,0,0,8,0.0
7922,Social Media,2025-03-02,2025-03-03,True,False,3,4,4,8,120.18
7923,Social Media,2025-01-17,,True,False,0,0,0,8,0.0
7924,Social Media,2025-03-25,,True,False,0,0,0,8,0.0
7925,Social Media,2025-05-16,2025-05-29,False,True,1,6,9,8,421.38
7926,Social Media,2025-05-02,,True,False,0,0,0,8,0.0
7927,Paid Ads,2025-02-08,2025-02-22,True,False,2,3,3,12,112.29
7928,Organic Search,2025-06-05,2025-06-11,True,False,3,3,3,6,242.88
7929,Paid Ads,2025-06-11,,False,True,0,0,0,12,0.0
7930,Paid Ads,2025-04-21,,False,True,0,0,0,12,0.0
7931,Organic Search,2025-04-29,2025-05-03,True,False,3,3,3,6,236.16
7932,Social Media,2025-02-11,,False,True,0,0,0,8,0.0
7933,Paid Ads,2025-03-12,2025-03-22,True,False,2,3,3,12,120.99
7934,Organic Search,2025-03-31,,True,False,0,0,0,6,0.0
7935,Social Media,2025-06-20,2025-06-21,True,False,2,2,2,8,71.03
7936,Organic Search,2025-03-23,,False,True,0,0,0,6,0.0
7937,Paid Ads,2025-01-16,2025-01-29,True,False,3,4,4,12,218.58
7938,Organic Search,2025-01-09,,False,True,0,0,0,6,0.0
7939,Paid Ads,2025-02-02,2025-02-14,False,True,2,8,14,12,691.85
7940,Paid Ads,2025-02-26,2025-02-28,True,False,2,2,2,12,103.28
7941,Referrals,2025-05-09,2025-05-11,False,True,4,8,13,4,1448.85
7942,Referrals,2025-01-16,2025-01-25,False,True,4,11,16,4,1737.88
7943,Referrals,2025-06-23,,False,True,0,0,0,4,0.0
7944,Paid Ads,2025-02-01,2025-02-08,False,True,5,12,16,12,609.01
7945,Referrals,2025-03-08,2025-03-20,False,True,2,5,10,4,1145.54
7946,Social Media,2025-03-31,,True,False,0,0,0,8,0.0
7947,Referrals,2025-01-24,2025-02-04,True,False,1,2,2,4,179.77
7948,Referrals,2025-06-05,2025-06-06,True,False,2,3,3,4,348.54
7949,Paid Ads,2025-04-13,,True,False,0,0,0,12,0.0
7950,Paid Ads,2025-06-24,,False,True,0,0,0,12,0.0
7951,Paid Ads,2025-05-12,2025-05-16,False,True,2,3,4,12,178.66
7952,Referrals,2025-01-16,2025-01-20,True,False,2,2,2,4,224.45
7953,Referrals,2025-06-27,,False,True,0,0,0,4,0.0
7954,Organic Search,2025-03-12,2025-03-23,True,False,3,3,3,6,246.38
7955,Referrals,2025-04-03,2025-04-04,False,True,6,7,10,4,871.67
7956,Organic Search,2025-04-17,2025-04-29,False,True,6,12,13,6,1198.94
7957,Social Media,2025-03-01,,False,True,0,0,0,8,0.0
7958,Social Media,2025-01-15,,True,False,0,0,0,8,0.0
7959,Paid Ads,2025-04-16,,False,True,0,0,0,12,0.0
7960,Social Media,2025-03-30,,True,False,0,0,0,8,0.0
7961,Social Media,2025-01-12,,True,False,0,0,0,8,0.0
7962,Organic Search,2025-04-08,2025-04-20,False,True,2,6,9,6,745.21
7963,Paid Ads,2025-05-16,,True,False,0,0,0,12,0.0
7964,Paid Ads,2025-05-29,2025-06-02,True,False,2,3,3,12,114.84
7965,Paid Ads,2025-01-26,,True,False,0,0,0,12,0.0
7966,Organic Search,2025-05-10,2025-05-17,True,False,1,2,2,6,115.51
7967,Paid Ads,2025-03-11,2025-03-19,False,True,5,9,15,12,820.79
7968,Referrals,2025-04-11,2025-04-16,False,True,5,8,12,4,1138.08
7969,Paid Ads,2025-03-24,,True,False,0,0,0,12,0.0
7970,Organic Search,2025-06-12,2025-06-13,True,False,2,3,3,6,182.6
7971,Organic Search,2025-02-21,2025-03-02,False,True,2,3,8,6,726.71
7972,Paid Ads,2025-06-11,,False,True,0,0,0,12,0.0
7973,Social Media,2025-04-14,,True,False,0,0,0,8,0.0
7974,Social Media,2025-01-18,,True,False,0,0,0,8,0.0
7975,Referrals,2025-02-08,2025-02-18,False,True,7,14,19,4,2107.92
7976,Referrals,2025-06-15,2025-06-21,False,True,2,5,8,4,554.88
7977,Organic Search,2025-04-29,2025-05-07,False,True,7,9,12,6,724.95
7978,Referrals,2025-05-13,2025-05-24,False,True,2,4,6,4,591.37
7979,Referrals,2025-04-08,2025-04-12,False,True,2,9,11,4,862.18
7980,Referrals,2025-06-16,,False,True,0,0,0,4,0.0
7981,Paid Ads,2025-02-19,2025-03-01,False,True,4,6,9,12,389.7
7982,Organic Search,2025-01-16,,True,False,0,0,0,6,0.0
7983,Paid Ads,2025-06-23,,True,False,0,0,0,12,0.0
7984,Referrals,2025-05-19,2025-05-21,False,True,1,5,7,4,919.17
7985,Paid Ads,2025-06-09,,True,False,0,0,0,12,0.0
7986,Social Media,2025-05-04,,True,False,0,0,0,8,0.0
7987,Referrals,2025-03-11,2025-03-21,False,True,4,10,11,4,403.88
7988,Paid Ads,2025-05-30,2025-06-08,False,True,2,8,9,12,351.93
7989,Social Media,2025-06-22,2025-06-30,True,False,1,1,1,8,41.19
7990,Paid Ads,2025-05-19,2025-05-21,False,True,4,9,11,12,341.36
7991,Paid Ads,2025-06-12,,True,False,0,0,0,12,0.0
7992,Organic Search,2025-06-10,2025-06-18,False,True,3,10,16,6,1307.27
7993,Referrals,2025-05-23,,False,True,0,0,0,4,0.0
7994,Referrals,2025-05-19,2025-05-26,True,False,3,3,3,4,258.93
7995,Organic Search,2025-05-07,2025-05-20,False,True,6,10,16,6,910.52
7996,Referrals,2025-01-04,2025-01-11,False,True,6,7,9,4,1009.86
7997,Organic Search,2025-02-10,2025-02-24,False,True,6,8,15,6,1439.38
7998,Referrals,2025-05-29,2025-06-05,False,True,5,6,11,4,788.04
7999,Organic Search,2025-06-14,,True,False,0,0,0,6,0.0
8000,Social Media,2025-02-01,,False,True,0,0,0,8,0.0
8001,Paid Ads,2025-01-28,2025-02-06,True,False,3,4,4,12,157.34
8002,Social Media,2025-04-14,2025-04-19,False,True,2,6,9,8,307.53
8003,Organic Search,2025-02-21,,False,True,0,0,0,6,0.0
8004,Paid Ads,2025-01-30,,False,True,0,0,0,12,0.0
8005,Social Media,2025-05-01,,True,False,0,0,0,8,0.0
8006,Referrals,2025-05-16,2025-05-28,False,True,7,8,12,4,949.0
8007,Social Media,2025-05-12,2025-05-21,False,True,4,6,13,8,601.29
8008,Paid Ads,2025-01-26,2025-01-31,False,True,2,8,9,12,339.18
8009,Organic Search,2025-03-22,2025-04-02,False,True,4,7,8,6,484.95
8010,Organic Search,2025-02-03,2025-02-07,False,True,3,6,8,6,335.05
8011,Paid Ads,2025-03-14,2025-03-20,True,False,2,2,2,12,78.66
8012,Referrals,2025-04-05,,False,True,0,0,0,4,0.0
8013,Organic Search,2025-06-06,2025-06-17,True,False,3,3,3,6,189.98
8014,Organic Search,2025-05-22,2025-06-02,False,True,7,8,9,6,683.11
8015,Paid Ads,2025-02-27,,True,False,0,0,0,12,0.0
8016,Paid Ads,2025-04-11,,True,False,0,0,0,12,0.0
8017,Paid Ads,2025-03-08,2025-03-12,True,False,1,1,1,12,39.68
8018,Paid Ads,2025-05-23,2025-06-04,True,False,1,1,1,12,43.89
8019,Organic Search,2025-01-25,2025-02-01,False,True,5,7,10,6,584.29
8020,Paid Ads,2025-03-23,2025-03-30,True,False,3,4,4,12,164.97
8021,Paid Ads,2025-03-08,2025-03-11,False,True,1,5,11,12,379.78
8022,Social Media,2025-01-03,2025-01-14,True,False,3,3,3,8,102.49
8023,Paid Ads,2025-05-29,2025-06-12,True,False,3,4,4,12,137.31
8024,Referrals,2025-04-04,2025-04-17,False,True,2,4,6,4,731.14
8025,Paid Ads,2025-01-17,,True,False,0,0,0,12,0.0
8026,Paid Ads,2025-03-17,2025-03-23,False,True,3,10,11,12,475.23
8027,Social Media,2025-02-01,,True,False,0,0,0,8,0.0
8028,Referrals,2025-06-02,,False,True,0,0,0,4,0.0
8029,Referrals,2025-02-14,2025-02-20,False,True,2,9,12,4,1778.37
8030,Organic Search,2025-04-29,2025-04-30,True,False,1,2,2,6,110.74
8031,Social Media,2025-03-06,,True,False,0,0,0,8,0.0
8032,Referrals,2025-06-08,2025-06-12,False,True,4,6,9,4,873.25
8033,Referrals,2025-03-23,2025-04-01,False,True,5,11,14,4,1406.09
8034,Social Media,2025-02-09,,False,True,0,0,0,8,0.0
8035,Social Media,2025-04-19,,False,True,0,0,0,8,0.0
8036,Organic Search,2025-06-01,2025-06-03,False,True,3,8,12,6,816.81
8037,Social Media,2025-05-19,2025-05-28,True,False,3,3,3,8,99.85
8038,Organic Search,2025-05-27,2025-06-02,False,True,6,10,11,6,883.91
8039,Paid Ads,2025-04-19,,False,True,0,0,0,12,0.0
8040,Paid Ads,2025-05-12,,True,False,0,0,0,12,0.0
8041,Social Media,2025-06-22,2025-06-30,True,False,1,2,2,8,87.18
8042,Organic Search,2025-02-12,2025-02-15,False,True,1,8,10,6,654.96
8043,Social Media,2025-03-18,,True,False,0,0,0,8,0.0
8044,Paid Ads,2025-05-08,,False,True,0,0,0,12,0.0
8045,Organic Search,2025-04-27,,False,True,0,0,0,6,0.0
8046,Paid Ads,2025-02-08,,True,False,0,0,0,12,0.0
8047,Paid Ads,2025-01-13,2025-01-21,True,False,1,1,1,12,42.43
8048,Referrals,2025-02-23,2025-02-24,False,True,4,6,8,4,695.14
8049,Social Media,2025-06-04,,False,True,0,0,0,8,0.0
8050,Organic Search,2025-03-28,,False,True,0,0,0,6,0.0
8051,Paid Ads,2025-06-06,,True,False,0,0,0,12,0.0
8052,Referrals,2025-05-07,,False,True,0,0,0,4,0.0
8053,Paid Ads,2025-04-26,2025-05-09,True,False,2,2,2,12,71.77
8054,Social Media,2025-05-19,2025-05-28,True,False,1,1,1,8,34.42
8055,Paid Ads,2025-05-20,,False,True,0,0,0,12,0.0
8056,Social Media,2025-06-03,2025-06-07,True,False,3,4,4,8,146.53
8057,Organic Search,2025-05-07,,False,True,0,0,0,6,0.0
8058,Paid Ads,2025-02-14,,False,True,0,0,0,12,0.0
8059,Referrals,2025-03-01,,False,True,0,0,0,4,0.0
8060,Paid Ads,2025-03-27,,False,True,0,0,0,12,0.0
8061,Social Media,2025-04-28,,True,False,0,0,0,8,0.0
8062,Social Media,2025-05-08,2025-05-14,True,False,2,3,3,8,100.3
8063,Paid Ads,2025-04-23,,False,True,0,0,0,12,0.0
8064,Paid Ads,2025-05-07,,True,False,0,0,0,12,0.0
8065,Social Media,2025-05-29,,True,False,0,0,0,8,0.0
8066,Paid Ads,2025-04-15,,True,False,0,0,0,12,0.0
8067,Paid Ads,2025-02-08,,True,False,0,0,0,12,0.0
8068,Organic Search,2025-02-03,2025-02-16,False,True,6,8,13,6,560.71
8069,Referrals,2025-05-05,2025-05-09,False,True,5,7,9,4,785.33
8070,Organic Search,2025-05-22,2025-05-24,True,False,2,3,3,6,175.43
8071,Paid Ads,2025-04-14,2025-04-15,True,False,3,4,4,12,220.12
8072,Paid Ads,2025-01-14,,False,True,0,0,0,12,0.0
8073,Referrals,2025-01-02,2025-01-14,False,True,6,12,17,4,1913.09
8074,Referrals,2025-03-19,2025-04-02,True,False,2,2,2,4,166.23
8075,Referrals,2025-06-18,2025-07-02,True,False,1,2,2,4,259.7
8076,Organic Search,2025-05-23,2025-05-24,False,True,1,5,12,6,1055.92
8077,Referrals,2025-03-15,,False,True,0,0,0,4,0.0
8078,Social Media,2025-02-22,2025-03-05,False,True,3,6,13,8,426.9
8079,Social Media,2025-04-18,,True,False,0,0,0,8,0.0
8080,Referrals,2025-04-26,2025-04-29,False,True,3,4,10,4,858.46
8081,Paid Ads,2025-06-16,,True,False,0,0,0,12,0.0
8082,Paid Ads,2025-06-19,2025-07-02,True,False,1,2,2,12,136.54
8083,Referrals,2025-02-02,2025-02-14,False,True,3,7,9,4,1289.95
8084,Paid Ads,2025-03-24,2025-04-05,False,True,5,7,14,12,559.41
8085,Paid Ads,2025-03-08,2025-03-12,True,False,1,1,1,12,41.09
8086,Organic Search,2025-03-05,,False,True,0,0,0,6,0.0
8087,Referrals,2025-02-02,2025-02-07,False,True,1,6,11,4,1068.5
8088,Paid Ads,2025-05-01,2025-05-14,True,False,3,4,4,12,170.96
8089,Paid Ads,2025-06-04,2025-06-17,True,False,3,4,4,12,201.97
8090,Organic Search,2025-02-15,,False,True,0,0,0,6,0.0
8091,Paid Ads,2025-02-23,,True,False,0,0,0,12,0.0
8092,Social Media,2025-03-14,,False,True,0,0,0,8,0.0
8093,Referrals,2025-01-27,2025-02-04,False,True,4,8,13,4,1061.86
8094,Organic Search,2025-04-19,,True,False,0,0,0,6,0.0
8095,Referrals,2025-03-23,,True,False,0,0,0,4,0.0
8096,Organic Search,2025-05-31,2025-06-14,False,True,3,8,13,6,1174.83
8097,Referrals,2025-01-28,2025-02-04,True,False,3,4,4,4,396.95
8098,Paid Ads,2025-01-27,2025-01-31,True,False,2,3,3,12,131.31
8099,Paid Ads,2025-03-16,,True,False,0,0,0,12,0.0
8100,Referrals,2025-06-28,2025-07-04,True,False,1,2,2,4,159.86
8101,Referrals,2025-02-16,2025-02-24,True,False,2,3,3,4,298.86
8102,Referrals,2025-02-11,2025-02-23,True,False,1,2,2,4,207.32
8103,Paid Ads,2025-01-03,2025-01-07,True,False,2,2,2,12,84.2
8104,Social Media,2025-01-17,,False,True,0,0,0,8,0.0
8105,Paid Ads,2025-01-16,2025-01-17,True,False,3,4,4,12,127.52
8106,Referrals,2025-06-01,2025-06-04,False,True,6,10,15,4,2056.35
8107,Organic Search,2025-05-29,,True,False,0,0,0,6,0.0
8108,Referrals,2025-06-20,2025-06-21,False,True,4,10,15,4,815.32
8109,Referrals,2025-05-14,2025-05-27,True,False,1,2,2,4,167.08
8110,Organic Search,2025-06-07,2025-06-12,True,False,2,2,2,6,147.37
8111,Paid Ads,2025-04-25,,True,False,0,0,0,12,0.0
8112,Social Media,2025-01-20,2025-02-03,True,False,2,2,2,8,87.57
8113,Paid Ads,2025-02-03,,True,False,0,0,0,12,0.0
8114,Referrals,2025-02-09,2025-02-21,False,True,4,7,13,4,1547.85
8115,Paid Ads,2025-03-15,,True,False,0,0,0,12,0.0
8116,Paid Ads,2025-01-07,,True,False,0,0,0,12,0.0
8117,Paid Ads,2025-01-30,2025-02-04,True,False,3,3,3,12,120.62
8118,Organic Search,2025-01-28,2025-02-09,False,True,6,12,15,6,1277.51
8119,Organic Search,2025-04-27,2025-05-06,False,True,2,3,5,6,236.4
8120,Referrals,2025-02-23,2025-03-04,False,True,3,9,14,4,1133.7
8121,Paid Ads,2025-04-24,,True,False,0,0,0,12,0.0
8122,Social Media,2025-04-17,,True,False,0,0,0,8,0.0
8123,Organic Search,2025-02-26,2025-03-04,True,False,3,3,3,6,252.17
8124,Referrals,2025-01-08,,False,True,0,0,0,4,0.0
8125,Referrals,2025-05-03,2025-05-17,False,True,1,5,10,4,800.09
8126,Social Media,2025-02-13,,True,False,0,0,0,8,0.0
8127,Organic Search,2025-04-21,2025-04-28,False,True,6,9,10,6,666.48
8128,Organic Search,2025-04-01,,False,True,0,0,0,6,0.0
8129,Referrals,2025-06-20,2025-07-02,False,True,2,5,7,4,740.14
8130,Social Media,2025-02-05,2025-02-16,True,False,2,2,2,8,62.14
8131,Paid Ads,2025-06-03,,False,True,0,0,0,12,0.0
8132,Organic Search,2025-01-17,2025-01-31,False,True,6,12,13,6,932.96
8133,Paid Ads,2025-06-27,,True,False,0,0,0,12,0.0
8134,Organic Search,2025-01-29,,False,True,0,0,0,6,0.0
8135,Paid Ads,2025-02-10,2025-02-17,False,True,5,11,12,12,566.84
8136,Referrals,2025-02-03,2025-02-17,False,True,4,5,6,4,557.5
8137,Paid Ads,2025-03-05,,True,False,0,0,0,12,0.0
8138,Referrals,2025-04-21,2025-05-05,False,True,1,5,6,4,520.69
8139,Social Media,2025-04-23,,True,False,0,0,0,8,0.0
8140,Organic Search,2025-04-01,,False,True,0,0,0,6,0.0
8141,Paid Ads,2025-06-14,,False,True,0,0,0,12,0.0
8142,Organic Search,2025-04-15,2025-04-20,True,False,2,3,3,6,229.71
8143,Organic Search,2025-02-09,,True,False,0,0,0,6,0.0
8144,Social Media,2025-05-08,2025-05-16,True,False,1,2,2,8,77.5
8145,Paid Ads,2025-05-19,,False,True,0,0,0,12,0.0
8146,Referrals,2025-05-18,2025-05-25,False,True,4,11,14,4,1587.6
8147,Social Media,2025-01-21,,True,False,0,0,0,8,0.0
8148,Social Media,2025-04-09,,False,True,0,0,0,8,0.0
8149,Paid Ads,2025-03-25,,False,True,0,0,0,12,0.0
8150,Referrals,2025-05-25,2025-05-30,False,True,4,11,17,4,1495.25
8151,Organic Search,2025-01-05,,False,True,0,0,0,6,0.0
8152,Referrals,2025-03-01,2025-03-15,True,False,2,3,3,4,312.49
8153,Referrals,2025-03-25,2025-03-30,False,True,5,12,16,4,1443.38
8154,Organic Search,2025-06-21,2025-06-23,False,True,5,8,9,6,616.56
8155,Paid Ads,2025-03-11,,True,False,0,0,0,12,0.0
8156,Organic Search,2025-06-17,,False,True,0,0,0,6,0.0
8157,Organic Search,2025-06-23,2025-06-27,True,False,2,3,3,6,190.04
8158,Referrals,2025-06-29,2025-06-30,False,True,3,5,8,4,757.83
8159,Organic Search,2025-01-30,2025-02-09,True,False,3,3,3,6,151.9
8160,Social Media,2025-05-06,,True,False,0,0,0,8,0.0
8161,Social Media,2025-06-23,,True,False,0,0,0,8,0.0
8162,Paid Ads,2025-04-11,,False,True,0,0,0,12,0.0
8163,Organic Search,2025-02-25,,True,False,0,0,0,6,0.0
8164,Social Media,2025-01-24,,False,True,0,0,0,8,0.0
8165,Organic Search,2025-05-01,2025-05-10,False,True,2,6,8,6,401.02
8166,Organic Search,2025-03-22,,False,True,0,0,0,6,0.0
8167,Referrals,2025-04-10,2025-04-22,False,True,4,9,10,4,977.05
8168,Paid Ads,2025-03-02,2025-03-05,True,False,1,2,2,12,76.49
8169,Paid Ads,2025-03-14,,True,False,0,0,0,12,0.0
8170,Paid Ads,2025-04-17,2025-04-22,True,False,3,3,3,12,124.38
8171,Social Media,2025-01-05,,True,False,0,0,0,8,0.0
8172,Social Media,2025-06-05,2025-06-07,True,False,1,1,1,8,44.9
8173,Organic Search,2025-03-26,,False,True,0,0,0,6,0.0
8174,Referrals,2025-01-25,2025-01-29,False,True,2,6,13,4,1479.26
8175,Social Media,2025-01-04,,True,False,0,0,0,8,0.0
8176,Paid Ads,2025-02-25,2025-03-04,True,False,1,1,1,12,61.96
8177,Social Media,2025-02-13,,True,False,0,0,0,8,0.0
8178,Social Media,2025-04-08,,False,True,0,0,0,8,0.0
8179,Paid Ads,2025-03-11,,False,True,0,0,0,12,0.0
8180,Referrals,2025-03-24,2025-04-07,False,True,1,5,12,4,1086.46
8181,Referrals,2025-01-03,2025-01-08,True,False,3,3,3,4,241.57
8182,Paid Ads,2025-01-29,2025-02-08,True,False,1,2,2,12,90.04
8183,Paid Ads,2025-03-11,,True,False,0,0,0,12,0.0
8184,Paid Ads,2025-04-03,,False,True,0,0,0,12,0.0
8185,Social Media,2025-01-14,,True,False,0,0,0,8,0.0
8186,Referrals,2025-06-14,2025-06-28,False,True,7,10,16,4,974.76
8187,Referrals,2025-06-29,2025-07-10,False,True,7,14,16,4,1779.85
8188,Organic Search,2025-06-20,2025-07-02,False,True,4,10,16,6,1059.27
8189,Referrals,2025-02-26,2025-03-07,False,True,2,8,13,4,1277.1
8190,Paid Ads,2025-03-20,2025-03-31,False,True,7,14,20,12,887.42
8191,Organic Search,2025-06-05,2025-06-07,True,False,2,2,2,6,153.05
8192,Paid Ads,2025-06-15,,False,True,0,0,0,12,0.0
8193,Social Media,2025-04-28,,False,True,0,0,0,8,0.0
8194,Social Media,2025-06-25,,False,True,0,0,0,8,0.0
8195,Social Media,2025-04-24,,True,False,0,0,0,8,0.0
8196,Referrals,2025-04-12,2025-04-24,True,False,3,3,3,4,334.48
8197,Referrals,2025-06-01,2025-06-03,False,True,1,8,9,4,724.18
8198,Organic Search,2025-04-12,2025-04-13,False,True,1,2,9,6,728.22
8199,Referrals,2025-01-17,2025-01-30,True,False,3,4,4,4,384.11
8200,Paid Ads,2025-04-04,2025-04-11,False,True,3,7,8,12,246.15
8201,Referrals,2025-01-10,2025-01-11,False,True,7,11,12,4,1112.68
8202,Organic Search,2025-01-17,,True,False,0,0,0,6,0.0
8203,Paid Ads,2025-03-17,2025-03-21,False,True,1,8,13,12,555.72
8204,Paid Ads,2025-05-04,,False,True,0,0,0,12,0.0
8205,Social Media,2025-02-04,2025-02-17,False,True,1,4,8,8,323.07
8206,Social Media,2025-04-07,,True,False,0,0,0,8,0.0
8207,Paid Ads,2025-01-12,2025-01-24,False,True,6,7,13,12,637.24
8208,Paid Ads,2025-02-21,2025-02-24,True,False,2,3,3,12,174.38
8209,Organic Search,2025-03-17,2025-03-26,False,True,6,13,15,6,1134.9
8210,Paid Ads,2025-06-29,,True,False,0,0,0,12,0.0
8211,Referrals,2025-01-09,2025-01-22,False,True,5,10,16,4,1700.72
8212,Paid Ads,2025-05-11,,False,True,0,0,0,12,0.0
8213,Paid Ads,2025-05-20,2025-05-27,False,True,7,8,11,12,390.92
8214,Referrals,2025-05-31,2025-06-02,False,True,7,11,15,4,1236.9
8215,Referrals,2025-06-09,,False,True,0,0,0,4,0.0
8216,Social Media,2025-06-24,,True,False,0,0,0,8,0.0
8217,Organic Search,2025-02-27,2025-03-12,False,True,2,9,13,6,811.67
8218,Social Media,2025-03-19,,True,False,0,0,0,8,0.0
8219,Paid Ads,2025-03-11,,True,False,0,0,0,12,0.0
8220,Social Media,2025-03-08,2025-03-20,True,False,2,3,3,8,182.44
8221,Paid Ads,2025-03-13,2025-03-19,True,False,1,2,2,12,84.68
8222,Social Media,2025-01-24,2025-02-03,False,True,7,8,14,8,543.59
8223,Referrals,2025-06-20,2025-06-21,True,False,1,2,2,4,164.18
8224,Referrals,2025-01-08,2025-01-12,True,False,1,1,1,4,96.51
8225,Referrals,2025-05-28,2025-06-06,False,True,1,2,7,4,729.37
8226,Paid Ads,2025-01-10,2025-01-12,True,False,2,2,2,12,86.78
8227,Social Media,2025-03-24,2025-04-01,True,False,1,1,1,8,47.76
8228,Paid Ads,2025-02-15,,True,False,0,0,0,12,0.0
8229,Referrals,2025-01-06,2025-01-18,False,True,7,14,16,4,1645.89
8230,Referrals,2025-04-10,2025-04-11,False,True,6,12,13,4,1305.25
8231,Referrals,2025-03-27,2025-04-03,False,True,6,9,15,4,1584.69
8232,Referrals,2025-03-12,2025-03-17,True,False,3,4,4,4,419.89
8233,Referrals,2025-05-27,2025-06-10,True,False,2,2,2,4,165.47
8234,Paid Ads,2025-05-06,,True,False,0,0,0,12,0.0
8235,Paid Ads,2025-04-23,2025-04-25,True,False,2,3,3,12,134.75
8236,Paid Ads,2025-02-09,,True,False,0,0,0,12,0.0
8237,Social Media,2025-01-05,,False,True,0,0,0,8,0.0
8238,Organic Search,2025-01-25,2025-02-02,False,True,6,11,18,6,1027.94
8239,Paid Ads,2025-06-11,2025-06-18,True,False,1,1,1,12,51.47
8240,Paid Ads,2025-02-24,,False,True,0,0,0,12,0.0
8241,Organic Search,2025-06-06,,False,True,0,0,0,6,0.0
8242,Referrals,2025-02-19,2025-03-01,False,True,7,8,12,4,905.02
8243,Paid Ads,2025-01-24,,False,True,0,0,0,12,0.0
8244,Referrals,2025-03-18,2025-03-24,False,True,5,10,13,4,1196.43
8245,Social Media,2025-03-19,,True,False,0,0,0,8,0.0
8246,Organic Search,2025-03-06,2025-03-17,False,True,4,8,13,6,825.48
8247,Organic Search,2025-05-10,2025-05-13,False,True,2,7,10,6,884.46
8248,Paid Ads,2025-03-08,2025-03-15,True,False,2,2,2,12,72.72
8249,Organic Search,2025-02-20,2025-03-02,False,True,2,4,10,6,563.79
8250,Referrals,2025-06-02,,False,True,0,0,0,4,0.0
8251,Referrals,2025-06-23,2025-07-06,False,True,4,10,13,4,814.61
8252,Referrals,2025-02-16,2025-02-26,False,True,5,6,7,4,525.49
8253,Referrals,2025-01-08,2025-01-18,False,True,1,4,10,4,1031.31
8254,Referrals,2025-02-03,2025-02-13,False,True,6,7,11,4,912.19
8255,Organic Search,2025-06-16,,False,True,0,0,0,6,0.0
8256,Organic Search,2025-05-25,2025-05-27,False,True,4,7,10,6,696.45
8257,Social Media,2025-03-25,,True,False,0,0,0,8,0.0
8258,Organic Search,2025-05-22,2025-06-04,False,True,7,9,12,6,1066.55
8259,Referrals,2025-02-07,2025-02-15,False,True,5,6,10,4,782.01
8260,Paid Ads,2025-06-11,,False,True,0,0,0,12,0.0
8261,Social Media,2025-06-06,,True,False,0,0,0,8,0.0
8262,Paid Ads,2025-02-09,,True,False,0,0,0,12,0.0
8263,Paid Ads,2025-01-19,,True,False,0,0,0,12,0.0
8264,Organic Search,2025-04-17,,False,True,0,0,0,6,0.0
8265,Organic Search,2025-05-31,2025-06-14,True,False,3,4,4,6,311.7
8266,Social Media,2025-01-01,,False,True,0,0,0,8,0.0
8267,Organic Search,2025-04-18,,False,True,0,0,0,6,0.0
8268,Organic Search,2025-06-08,2025-06-22,False,True,3,5,11,6,907.1
8269,Paid Ads,2025-06-11,2025-06-23,False,True,2,8,11,12,466.59
8270,Paid Ads,2025-02-21,,True,False,0,0,0,12,0.0
8271,Social Media,2025-05-06,2025-05-13,True,False,2,2,2,8,82.72
8272,Paid Ads,2025-02-08,2025-02-21,True,False,3,3,3,12,107.82
8273,Paid Ads,2025-03-08,,True,False,0,0,0,12,0.0
8274,Paid Ads,2025-04-21,,True,False,0,0,0,12,0.0
8275,Paid Ads,2025-04-03,,True,False,0,0,0,12,0.0
8276,Paid Ads,2025-03-09,,False,True,0,0,0,12,0.0
8277,Paid Ads,2025-06-21,,True,False,0,0,0,12,0.0
8278,Paid Ads,2025-01-22,,True,False,0,0,0,12,0.0
8279,Paid Ads,2025-01-27,2025-02-03,True,False,1,1,1,12,58.32
8280,Organic Search,2025-04-09,2025-04-23,True,False,1,2,2,6,153.78
8281,Organic Search,2025-04-06,2025-04-15,False,True,5,8,13,6,865.87
8282,Social Media,2025-03-23,,True,False,0,0,0,8,0.0
8283,Social Media,2025-05-23,,True,False,0,0,0,8,0.0
8284,Referrals,2025-02-25,,False,True,0,0,0,4,0.0
8285,Organic Search,2025-03-01,2025-03-09,False,True,4,7,8,6,598.37
8286,Paid Ads,2025-05-02,2025-05-11,True,False,1,1,1,12,32.54
8287,Referrals,2025-05-28,,False,True,0,0,0,4,0.0
8288,Paid Ads,2025-03-23,2025-03-24,False,True,5,10,13,12,522.28
8289,Referrals,2025-06-20,,False,True,0,0,0,4,0.0
8290,Organic Search,2025-01-09,2025-01-21,False,True,6,9,10,6,673.82
8291,Referrals,2025-01-05,2025-01-11,False,True,4,10,13,4,1258.03
8292,Organic Search,2025-03-26,,True,False,0,0,0,6,0.0
8293,Paid Ads,2025-03-13,,False,True,0,0,0,12,0.0
8294,Paid Ads,2025-05-20,,True,False,0,0,0,12,0.0
8295,Organic Search,2025-02-22,2025-03-05,False,True,6,9,10,6,590.06
8296,Paid Ads,2025-03-10,,False,True,0,0,0,12,0.0
8297,Social Media,2025-01-30,,True,False,0,0,0,8,0.0
8298,Social Media,2025-01-14,,True,False,0,0,0,8,0.0
8299,Organic Search,2025-03-22,2025-03-25,True,False,2,2,2,6,154.08
8300,Referrals,2025-04-24,,False,True,0,0,0,4,0.0
8301,Social Media,2025-01-10,2025-01-17,True,False,2,2,2,8,94.47
8302,Paid Ads,2025-02-07,,True,False,0,0,0,12,0.0
8303,Social Media,2025-04-18,,True,False,0,0,0,8,0.0
8304,Paid Ads,2025-05-18,2025-05-29,True,False,3,4,4,12,185.73
8305,Referrals,2025-02-28,2025-03-02,False,True,5,11,17,4,1854.33
8306,Paid Ads,2025-03-22,2025-03-31,True,False,1,2,2,12,70.88
8307,Organic Search,2025-04-11,2025-04-13,True,False,1,1,1,6,80.19
8308,Organic Search,2025-04-12,2025-04-20,True,False,3,3,3,6,171.35
8309,Social Media,2025-06-04,2025-06-11,False,True,5,12,16,8,559.59
8310,Paid Ads,2025-06-09,,True,False,0,0,0,12,0.0
8311,Referrals,2025-06-16,2025-06-23,False,True,7,11,13,4,1700.5
8312,Social Media,2025-03-17,,False,True,0,0,0,8,0.0
8313,Referrals,2025-05-17,2025-05-29,False,True,7,8,13,4,1137.47
8314,Referrals,2025-04-30,,False,True,0,0,0,4,0.0
8315,Referrals,2025-06-02,2025-06-15,False,True,2,6,10,4,921.23
8316,Organic Search,2025-02-11,2025-02-25,True,False,2,2,2,6,116.3
8317,Referrals,2025-06-13,,False,True,0,0,0,4,0.0
8318,Social Media,2025-06-03,,True,False,0,0,0,8,0.0
8319,Social Media,2025-03-20,,False,True,0,0,0,8,0.0
8320,Paid Ads,2025-04-16,2025-04-26,True,False,2,2,2,12,97.29
8321,Paid Ads,2025-01-30,2025-02-12,False,True,5,10,13,12,446.88
8322,Paid Ads,2025-01-09,2025-01-18,True,False,1,2,2,12,69.77
8323,Paid Ads,2025-03-28,,True,False,0,0,0,12,0.0
8324,Organic Search,2025-02-10,2025-02-24,False,True,1,4,5,6,362.4
8325,Referrals,2025-06-13,2025-06-17,False,True,2,9,13,4,1150.69
8326,Referrals,2025-05-09,2025-05-21,False,True,4,9,15,4,1918.78
8327,Social Media,2025-05-25,2025-05-26,True,False,3,4,4,8,147.61
8328,Paid Ads,2025-01-11,,False,True,0,0,0,12,0.0
8329,Paid Ads,2025-05-11,2025-05-19,True,False,1,2,2,12,99.8
8330,Paid Ads,2025-01-22,2025-01-23,False,True,7,10,16,12,582.99
8331,Paid Ads,2025-02-27,2025-03-10,True,False,1,1,1,12,57.71
8332,Social Media,2025-02-17,2025-02-27,True,False,3,4,4,8,188.04
8333,Social Media,2025-05-08,,True,False,0,0,0,8,0.0
8334,Organic Search,2025-02-04,2025-02-11,True,False,2,2,2,6,129.85
8335,Referrals,2025-06-19,2025-06-25,False,True,6,9,11,4,966.25
8336,Paid Ads,2025-06-23,2025-07-01,False,True,4,10,16,12,715.18
8337,Social Media,2025-06-27,,False,True,0,0,0,8,0.0
8338,Paid Ads,2025-02-02,2025-02-12,False,True,7,12,19,12,840.43
8339,Paid Ads,2025-06-29,,True,False,0,0,0,12,0.0
8340,Referrals,2025-05-24,2025-05-30,False,True,5,10,14,4,1759.86
8341,Referrals,2025-03-04,2025-03-08,False,True,1,5,7,4,627.17
8342,Referrals,2025-01-25,2025-01-26,False,True,2,3,7,4,795.05
8343,Organic Search,2025-01-09,2025-01-17,True,False,2,3,3,6,222.82
8344,Paid Ads,2025-04-25,,True,False,0,0,0,12,0.0
8345,Referrals,2025-06-23,2025-07-07,True,False,1,1,1,4,118.88
8346,Referrals,2025-02-20,2025-03-04,True,False,1,2,2,4,207.62
8347,Social Media,2025-06-20,,True,False,0,0,0,8,0.0
8348,Organic Search,2025-06-12,2025-06-16,True,False,3,4,4,6,317.7
8349,Referrals,2025-03-07,2025-03-10,False,True,5,6,9,4,623.88
8350,Paid Ads,2025-02-23,2025-02-25,True,False,2,2,2,12,121.78
8351,Social Media,2025-04-23,,True,False,0,0,0,8,0.0
8352,Referrals,2025-04-06,2025-04-07,True,False,3,3,3,4,335.94
8353,Paid Ads,2025-04-09,,True,False,0,0,0,12,0.0
8354,Paid Ads,2025-03-05,2025-03-08,True,False,1,2,2,12,89.52
8355,Paid Ads,2025-04-22,2025-05-05,False,True,5,7,9,12,431.14
8356,Organic Search,2025-03-24,2025-03-30,False,True,4,5,12,6,844.78
8357,Paid Ads,2025-05-30,,False,True,0,0,0,12,0.0
8358,Organic Search,2025-02-18,,False,True,0,0,0,6,0.0
8359,Paid Ads,2025-04-23,2025-05-01,True,False,2,3,3,12,174.76
8360,Organic Search,2025-02-11,2025-02-19,False,True,5,9,16,6,837.94
8361,Organic Search,2025-06-15,2025-06-24,True,False,1,2,2,6,163.62
8362,Organic Search,2025-03-12,2025-03-23,False,True,6,10,12,6,547.25
8363,Social Media,2025-04-29,,True,False,0,0,0,8,0.0
8364,Referrals,2025-04-24,2025-04-29,False,True,6,9,10,4,911.31
8365,Organic Search,2025-05-01,2025-05-04,False,True,3,7,12,6,764.71
8366,Referrals,2025-04-24,,False,True,0,0,0,4,0.0
8367,Organic Search,2025-03-29,,False,True,0,0,0,6,0.0
8368,Organic Search,2025-05-12,2025-05-14,True,False,3,3,3,6,142.89
8369,Social Media,2025-03-30,,True,False,0,0,0,8,0.0
8370,Referrals,2025-03-03,2025-03-12,False,True,7,12,17,4,1916.13
8371,Social Media,2025-02-14,,False,True,0,0,0,8,0.0
8372,Referrals,2025-04-15,2025-04-22,True,False,3,3,3,4,259.28
8373,Organic Search,2025-01-21,2025-01-25,True,False,2,3,3,6,208.56
8374,Social Media,2025-04-27,2025-05-07,True,False,1,1,1,8,47.06
8375,Referrals,2025-02-03,,True,False,0,0,0,4,0.0
8376,Social Media,2025-01-15,,True,False,0,0,0,8,0.0
8377,Social Media,2025-05-22,,True,False,0,0,0,8,0.0
8378,Referrals,2025-06-21,,False,True,0,0,0,4,0.0
8379,Paid Ads,2025-05-20,2025-06-03,True,False,2,2,2,12,103.24
8380,Paid Ads,2025-04-10,,True,False,0,0,0,12,0.0
8381,Social Media,2025-05-28,,True,False,0,0,0,8,0.0
8382,Social Media,2025-05-28,2025-06-05,False,True,1,4,5,8,126.07
8383,Referrals,2025-05-25,,False,True,0,0,0,4,0.0
8384,Paid Ads,2025-02-17,2025-02-22,True,False,1,2,2,12,86.84
8385,Paid Ads,2025-05-14,,False,True,0,0,0,12,0.0
8386,Organic Search,2025-04-03,,True,False,0,0,0,6,0.0
8387,Organic Search,2025-01-15,,True,False,0,0,0,6,0.0
8388,Social Media,2025-02-19,,True,False,0,0,0,8,0.0
8389,Referrals,2025-04-07,2025-04-11,False,True,2,3,5,4,648.09
8390,Social Media,2025-01-22,,False,True,0,0,0,8,0.0
8391,Social Media,2025-03-25,,True,False,0,0,0,8,0.0
8392,Referrals,2025-05-26,2025-06-08,False,True,3,7,11,4,1072.39
8393,Paid Ads,2025-03-12,,True,False,0,0,0,12,0.0
8394,Organic Search,2025-03-05,2025-03-13,True,False,2,3,3,6,110.65
8395,Paid Ads,2025-04-22,,False,True,0,0,0,12,0.0
8396,Social Media,2025-04-29,,True,False,0,0,0,8,0.0
8397,Paid Ads,2025-06-13,,False,True,0,0,0,12,0.0
8398,Paid Ads,2025-06-07,2025-06-11,True,False,3,4,4,12,160.69
8399,Referrals,2025-04-09,2025-04-22,True,False,3,4,4,4,517.04
8400,Organic Search,2025-04-16,2025-04-21,True,False,1,2,2,6,107.6
8401,Organic Search,2025-04-20,2025-05-03,True,False,1,2,2,6,155.75
8402,Organic Search,2025-04-05,,False,True,0,0,0,6,0.0
8403,Social Media,2025-05-03,,False,True,0,0,0,8,0.0
8404,Paid Ads,2025-02-22,,True,False,0,0,0,12,0.0
8405,Paid Ads,2025-06-13,,True,False,0,0,0,12,0.0
8406,Paid Ads,2025-02-20,,True,False,0,0,0,12,0.0
8407,Social Media,2025-01-24,2025-02-07,False,True,6,7,14,8,591.21
8408,Referrals,2025-05-05,2025-05-12,True,False,2,3,3,4,279.68
8409,Paid Ads,2025-01-31,2025-02-06,True,False,1,1,1,12,53.47
8410,Organic Search,2025-01-20,2025-02-03,False,True,7,12,13,6,766.41
8411,Referrals,2025-05-14,2025-05-16,False,True,4,8,14,4,824.47
8412,Paid Ads,2025-06-21,,True,False,0,0,0,12,0.0
8413,Organic Search,2025-01-25,,True,False,0,0,0,6,0.0
8414,Referrals,2025-06-16,2025-06-26,True,False,1,1,1,4,136.67
8415,Organic Search,2025-02-21,2025-02-28,False,True,4,6,13,6,914.2
8416,Social Media,2025-04-28,2025-05-02,True,False,2,2,2,8,105.5
8417,Paid Ads,2025-03-22,,True,False,0,0,0,12,0.0
8418,Paid Ads,2025-06-28,,True,False,0,0,0,12,0.0
8419,Social Media,2025-03-01,,True,False,0,0,0,8,0.0
8420,Referrals,2025-01-25,2025-02-02,False,True,6,11,17,4,2471.67
8421,Social Media,2025-04-11,,True,False,0,0,0,8,0.0
8422,Organic Search,2025-01-21,,True,False,0,0,0,6,0.0
8423,Paid Ads,2025-06-09,,True,False,0,0,0,12,0.0
8424,Referrals,2025-05-24,2025-05-28,False,True,3,10,13,4,1188.45
8425,Referrals,2025-04-01,2025-04-06,False,True,4,6,7,4,462.82
8426,Organic Search,2025-06-28,2025-07-04,True,False,1,1,1,6,82.13
8427,Referrals,2025-01-24,2025-02-04,False,True,6,12,14,4,1478.67
8428,Paid Ads,2025-03-20,,True,False,0,0,0,12,0.0
8429,Social Media,2025-05-23,,False,True,0,0,0,8,0.0
8430,Paid Ads,2025-01-07,2025-01-21,True,False,3,4,4,12,174.45
8431,Referrals,2025-05-26,2025-05-28,False,True,1,8,13,4,1401.21
8432,Referrals,2025-01-04,2025-01-09,True,False,3,4,4,4,409.18
8433,Referrals,2025-02-04,2025-02-07,True,False,2,3,3,4,339.12
8434,Referrals,2025-02-14,2025-02-19,True,False,3,4,4,4,285.96
8435,Referrals,2025-01-02,2025-01-10,False,True,3,7,14,4,1618.62
8436,Social Media,2025-05-05,2025-05-06,True,False,3,4,4,8,167.48
8437,Referrals,2025-04-06,,False,True,0,0,0,4,0.0
8438,Organic Search,2025-03-13,2025-03-19,False,True,7,11,15,6,1109.99
8439,Organic Search,2025-06-22,2025-07-06,True,False,3,3,3,6,221.45
8440,Paid Ads,2025-05-22,,True,False,0,0,0,12,0.0
8441,Social Media,2025-03-10,2025-03-18,False,True,7,8,11,8,490.59
8442,Referrals,2025-02-21,2025-03-04,False,True,3,5,8,4,813.97
8443,Social Media,2025-06-07,,True,False,0,0,0,8,0.0
8444,Organic Search,2025-04-06,2025-04-12,True,False,1,2,2,6,155.69
8445,Paid Ads,2025-01-21,,True,False,0,0,0,12,0.0
8446,Social Media,2025-02-18,,True,False,0,0,0,8,0.0
8447,Social Media,2025-01-28,2025-02-06,True,False,3,3,3,8,109.96
8448,Referrals,2025-02-14,2025-02-20,False,True,5,12,13,4,651.27
8449,Paid Ads,2025-05-12,,True,False,0,0,0,12,0.0
8450,Referrals,2025-04-25,2025-04-27,False,True,6,13,15,4,1446.49
8451,Referrals,2025-04-03,2025-04-13,False,True,1,4,10,4,1201.38
8452,Paid Ads,2025-05-06,2025-05-10,True,False,2,3,3,12,96.49
8453,Organic Search,2025-04-01,,False,True,0,0,0,6,0.0
8454,Referrals,2025-01-18,,False,True,0,0,0,4,0.0
8455,Paid Ads,2025-02-07,,True,False,0,0,0,12,0.0
8456,Paid Ads,2025-06-28,,False,True,0,0,0,12,0.0
8457,Organic Search,2025-02-23,,False,True,0,0,0,6,0.0
8458,Referrals,2025-05-07,2025-05-21,True,False,3,3,3,4,317.22
8459,Social Media,2025-03-20,,True,False,0,0,0,8,0.0
8460,Paid Ads,2025-04-30,2025-05-02,True,False,2,3,3,12,134.12
8461,Organic Search,2025-03-13,2025-03-15,False,True,2,7,13,6,965.09
8462,Paid Ads,2025-03-04,2025-03-07,False,True,6,9,16,12,596.66
8463,Paid Ads,2025-04-14,,True,False,0,0,0,12,0.0
8464,Social Media,2025-03-19,,False,True,0,0,0,8,0.0
8465,Organic Search,2025-06-18,,True,False,0,0,0,6,0.0
8466,Social Media,2025-06-18,,True,False,0,0,0,8,0.0
8467,Referrals,2025-03-29,2025-04-01,False,True,5,8,9,4,1069.73
8468,Paid Ads,2025-02-25,,True,False,0,0,0,12,0.0
8469,Organic Search,2025-04-01,,True,False,0,0,0,6,0.0
8470,Organic Search,2025-03-12,2025-03-14,False,True,3,6,8,6,367.42
8471,Referrals,2025-02-14,2025-02-18,False,True,5,8,9,4,1007.56
8472,Organic Search,2025-05-30,2025-06-04,True,False,2,2,2,6,152.78
8473,Organic Search,2025-04-06,2025-04-10,False,True,7,9,12,6,862.7
8474,Social Media,2025-06-17,,False,True,0,0,0,8,0.0
8475,Social Media,2025-02-21,,True,False,0,0,0,8,0.0
8476,Organic Search,2025-01-17,2025-01-25,True,False,1,2,2,6,163.13
8477,Social Media,2025-02-02,2025-02-04,True,False,2,2,2,8,82.95
8478,Paid Ads,2025-01-10,2025-01-19,True,False,3,3,3,12,103.31
8479,Paid Ads,2025-04-23,,False,True,0,0,0,12,0.0
8480,Social Media,2025-01-02,2025-01-10,True,False,1,1,1,8,29.25
8481,Organic Search,2025-01-09,2025-01-19,False,True,5,6,13,6,922.85
8482,Paid Ads,2025-01-21,,True,False,0,0,0,12,0.0
8483,Referrals,2025-03-29,,True,False,0,0,0,4,0.0
8484,Paid Ads,2025-01-26,,True,False,0,0,0,12,0.0
8485,Social Media,2025-06-19,2025-06-20,True,False,2,2,2,8,105.51
8486,Paid Ads,2025-04-26,,True,False,0,0,0,12,0.0
8487,Paid Ads,2025-05-26,,True,False,0,0,0,12,0.0
8488,Organic Search,2025-06-03,2025-06-10,False,True,4,5,12,6,826.14
8489,Referrals,2025-02-10,2025-02-19,True,False,1,2,2,4,234.7
8490,Paid Ads,2025-04-30,,True,False,0,0,0,12,0.0
8491,Organic Search,2025-05-26,,True,False,0,0,0,6,0.0
8492,Paid Ads,2025-02-25,2025-03-06,True,False,2,3,3,12,159.37
8493,Paid Ads,2025-04-19,,False,True,0,0,0,12,0.0
8494,Paid Ads,2025-05-09,,True,False,0,0,0,12,0.0
8495,Social Media,2025-06-25,,True,False,0,0,0,8,0.0
8496,Referrals,2025-03-22,2025-03-30,True,False,2,3,3,4,267.56
8497,Social Media,2025-06-29,2025-07-12,True,False,2,3,3,8,103.93
8498,Referrals,2025-02-26,2025-03-12,False,True,2,7,11,4,892.5
8499,Paid Ads,2025-05-08,,True,False,0,0,0,12,0.0
8500,Referrals,2025-03-05,2025-03-12,True,False,3,3,3,4,232.91
8501,Social Media,2025-06-29,,True,False,0,0,0,8,0.0
8502,Organic Search,2025-06-17,2025-06-26,False,True,6,10,14,6,1045.53
8503,Referrals,2025-05-28,2025-06-04,False,True,5,12,14,4,1456.6
8504,Organic Search,2025-05-09,2025-05-22,True,False,3,3,3,6,193.73
8505,Social Media,2025-04-07,,False,True,0,0,0,8,0.0
8506,Social Media,2025-01-03,,True,False,0,0,0,8,0.0
8507,Social Media,2025-06-15,2025-06-28,True,False,2,2,2,8,62.05
8508,Paid Ads,2025-03-24,,True,False,0,0,0,12,0.0
8509,Social Media,2025-04-29,,True,False,0,0,0,8,0.0
8510,Social Media,2025-05-13,,False,True,0,0,0,8,0.0
8511,Referrals,2025-02-26,2025-02-28,True,False,3,3,3,4,208.75
8512,Organic Search,2025-04-27,,True,False,0,0,0,6,0.0
8513,Social Media,2025-01-06,2025-01-15,False,True,6,13,14,8,575.16
8514,Organic Search,2025-05-22,,True,False,0,0,0,6,0.0
8515,Referrals,2025-03-02,2025-03-14,False,True,3,10,12,4,672.33
8516,Paid Ads,2025-02-15,,False,True,0,0,0,12,0.0
8517,Organic Search,2025-06-16,,True,False,0,0,0,6,0.0
8518,Social Media,2025-02-19,2025-02-27,True,False,3,4,4,8,162.55
8519,Paid Ads,2025-05-13,2025-05-17,True,False,1,2,2,12,93.71
8520,Paid Ads,2025-06-12,,False,True,0,0,0,12,0.0
8521,Social Media,2025-04-11,,True,False,0,0,0,8,0.0
8522,Paid Ads,2025-01-29,2025-02-08,True,False,3,3,3,12,154.1
8523,Referrals,2025-02-15,2025-02-21,True,False,3,4,4,4,437.05
8524,Paid Ads,2025-06-29,,False,True,0,0,0,12,0.0
8525,Referrals,2025-02-25,2025-03-11,False,True,3,6,10,4,663.3
8526,Paid Ads,2025-06-28,2025-06-29,False,True,2,3,4,12,180.35
8527,Paid Ads,2025-06-15,,False,True,0,0,0,12,0.0
8528,Paid Ads,2025-04-28,2025-05-05,True,False,2,3,3,12,177.34
8529,Paid Ads,2025-01-18,,False,True,0,0,0,12,0.0
8530,Social Media,2025-04-08,,False,True,0,0,0,8,0.0
8531,Referrals,2025-06-20,,False,True,0,0,0,4,0.0
8532,Referrals,2025-01-02,2025-01-12,False,True,5,10,14,4,1101.3
8533,Organic Search,2025-04-06,,False,True,0,0,0,6,0.0
8534,Referrals,2025-04-29,,False,True,0,0,0,4,0.0
8535,Paid Ads,2025-06-20,,True,False,0,0,0,12,0.0
8536,Organic Search,2025-04-21,2025-04-25,False,True,1,4,7,6,621.36
8537,Social Media,2025-04-30,,False,True,0,0,0,8,0.0
8538,Social Media,2025-06-09,2025-06-15,True,False,3,3,3,8,131.26
8539,Organic Search,2025-05-22,,False,True,0,0,0,6,0.0
8540,Paid Ads,2025-06-15,,False,True,0,0,0,12,0.0
8541,Paid Ads,2025-04-22,,True,False,0,0,0,12,0.0
8542,Paid Ads,2025-04-05,,True,False,0,0,0,12,0.0
8543,Social Media,2025-04-06,,False,True,0,0,0,8,0.0
8544,Organic Search,2025-04-23,2025-05-05,True,False,2,2,2,6,117.26
8545,Paid Ads,2025-06-19,,False,True,0,0,0,12,0.0
8546,Paid Ads,2025-03-09,2025-03-11,True,False,2,2,2,12,74.45
8547,Paid Ads,2025-03-05,,False,True,0,0,0,12,0.0
8548,Referrals,2025-03-10,2025-03-19,True,False,1,2,2,4,206.35
8549,Referrals,2025-06-11,2025-06-21,True,False,2,2,2,4,212.29
8550,Paid Ads,2025-05-01,2025-05-15,False,True,5,6,11,12,468.58
8551,Organic Search,2025-01-11,,False,True,0,0,0,6,0.0
8552,Social Media,2025-01-29,2025-02-01,True,False,3,3,3,8,132.42
8553,Organic Search,2025-02-10,2025-02-16,False,True,5,6,12,6,519.53
8554,Social Media,2025-04-05,2025-04-17,True,False,3,4,4,8,172.65
8555,Paid Ads,2025-03-16,,True,False,0,0,0,12,0.0
8556,Paid Ads,2025-04-07,2025-04-08,False,True,3,7,9,12,510.28
8557,Referrals,2025-05-25,2025-05-28,False,True,4,7,14,4,1355.13
8558,Paid Ads,2025-05-25,2025-06-03,True,False,1,1,1,12,42.31
8559,Paid Ads,2025-06-12,,False,True,0,0,0,12,0.0
8560,Paid Ads,2025-03-15,,True,False,0,0,0,12,0.0
8561,Paid Ads,2025-02-20,,True,False,0,0,0,12,0.0
8562,Social Media,2025-02-17,,True,False,0,0,0,8,0.0
8563,Social Media,2025-01-10,2025-01-22,True,False,3,3,3,8,132.05
8564,Paid Ads,2025-05-09,2025-05-20,False,True,3,5,7,12,322.92
8565,Organic Search,2025-03-12,2025-03-13,False,True,4,5,12,6,795.79
8566,Referrals,2025-03-30,2025-04-01,False,True,4,9,12,4,1057.39
8567,Paid Ads,2025-04-01,,True,False,0,0,0,12,0.0
8568,Paid Ads,2025-02-23,,True,False,0,0,0,12,0.0
8569,Paid Ads,2025-05-26,2025-06-07,False,True,1,6,11,12,493.89
8570,Social Media,2025-03-03,2025-03-14,False,True,7,9,12,8,376.17
8571,Paid Ads,2025-03-01,,True,False,0,0,0,12,0.0
8572,Social Media,2025-02-20,,True,False,0,0,0,8,0.0
8573,Social Media,2025-06-24,,False,True,0,0,0,8,0.0
8574,Social Media,2025-04-15,,True,False,0,0,0,8,0.0
8575,Paid Ads,2025-01-25,,True,False,0,0,0,12,0.0
8576,Social Media,2025-01-20,,True,False,0,0,0,8,0.0
8577,Social Media,2025-03-22,2025-03-24,True,False,1,1,1,8,45.43
8578,Social Media,2025-02-18,,True,False,0,0,0,8,0.0
8579,Organic Search,2025-04-29,2025-05-01,False,True,5,6,11,6,1050.67
8580,Organic Search,2025-06-29,,False,True,0,0,0,6,0.0
8581,Paid Ads,2025-05-13,2025-05-25,True,False,2,3,3,12,134.92
8582,Referrals,2025-03-18,,False,True,0,0,0,4,0.0
8583,Organic Search,2025-01-24,2025-01-25,False,True,1,6,12,6,586.49
8584,Organic Search,2025-03-07,,False,True,0,0,0,6,0.0
8585,Social Media,2025-02-24,,True,False,0,0,0,8,0.0
8586,Referrals,2025-02-08,2025-02-11,False,True,5,7,12,4,1364.57
8587,Paid Ads,2025-02-12,2025-02-21,True,False,1,1,1,12,43.69
8588,Social Media,2025-06-05,2025-06-17,False,True,5,7,8,8,322.9
8589,Paid Ads,2025-02-26,2025-03-10,False,True,3,7,11,12,629.37
8590,Paid Ads,2025-03-04,,True,False,0,0,0,12,0.0
8591,Referrals,2025-04-26,,False,True,0,0,0,4,0.0
8592,Organic Search,2025-03-12,2025-03-22,True,False,1,2,2,6,137.9
8593,Paid Ads,2025-04-28,,True,False,0,0,0,12,0.0
8594,Paid Ads,2025-04-15,2025-04-16,True,False,3,3,3,12,125.33
8595,Social Media,2025-03-11,,True,False,0,0,0,8,0.0
8596,Organic Search,2025-05-10,2025-05-18,False,True,7,11,14,6,762.45
8597,Paid Ads,2025-03-10,,True,False,0,0,0,12,0.0
8598,Referrals,2025-05-17,2025-05-29,False,True,1,7,11,4,491.29
8599,Paid Ads,2025-04-15,,True,False,0,0,0,12,0.0
8600,Organic Search,2025-03-08,,True,False,0,0,0,6,0.0
8601,Referrals,2025-06-25,2025-06-30,True,False,1,2,2,4,236.24
8602,Social Media,2025-02-18,,True,False,0,0,0,8,0.0
8603,Paid Ads,2025-01-06,,True,False,0,0,0,12,0.0
8604,Social Media,2025-02-19,,True,False,0,0,0,8,0.0
8605,Social Media,2025-02-14,,True,False,0,0,0,8,0.0
8606,Organic Search,2025-03-29,2025-04-10,False,True,2,4,7,6,508.18
8607,Organic Search,2025-05-26,,False,True,0,0,0,6,0.0
8608,Paid Ads,2025-02-20,,True,False,0,0,0,12,0.0
8609,Paid Ads,2025-03-01,2025-03-12,True,False,2,3,3,12,93.7
8610,Social Media,2025-02-28,,True,False,0,0,0,8,0.0
8611,Paid Ads,2025-03-13,,True,False,0,0,0,12,0.0
8612,Paid Ads,2025-02-26,2025-03-10,False,True,3,5,10,12,248.68
8613,Referrals,2025-03-24,2025-03-31,True,False,1,1,1,4,122.98
8614,Paid Ads,2025-04-30,2025-05-10,True,False,3,4,4,12,245.0
8615,Social Media,2025-03-23,,False,True,0,0,0,8,0.0
8616,Paid Ads,2025-06-26,2025-06-30,True,False,1,1,1,12,51.7
8617,Paid Ads,2025-01-28,,False,True,0,0,0,12,0.0
8618,Referrals,2025-04-07,2025-04-09,True,False,2,2,2,4,200.6
8619,Paid Ads,2025-01-22,2025-01-23,True,False,3,3,3,12,123.47
8620,Organic Search,2025-06-10,2025-06-20,True,False,2,2,2,6,128.24
8621,Social Media,2025-04-02,,True,False,0,0,0,8,0.0
8622,Referrals,2025-06-22,2025-06-23,False,True,2,6,11,4,1017.69
8623,Organic Search,2025-06-07,2025-06-17,False,True,2,3,9,6,614.25
8624,Paid Ads,2025-01-25,,False,True,0,0,0,12,0.0
8625,Referrals,2025-05-03,2025-05-05,True,False,1,2,2,4,167.38
8626,Organic Search,2025-06-22,2025-07-05,True,False,2,3,3,6,270.72
8627,Organic Search,2025-03-03,,True,False,0,0,0,6,0.0
8628,Paid Ads,2025-06-05,,False,True,0,0,0,12,0.0
8629,Social Media,2025-03-07,2025-03-08,True,False,1,2,2,8,94.06
8630,Paid Ads,2025-06-23,,False,True,0,0,0,12,0.0
8631,Organic Search,2025-01-09,2025-01-22,True,False,1,1,1,6,77.37
8632,Organic Search,2025-02-02,,False,True,0,0,0,6,0.0
8633,Referrals,2025-03-22,2025-04-03,False,True,5,10,11,4,1214.02
8634,Social Media,2025-04-18,2025-04-28,False,True,4,8,15,8,602.82
8635,Social Media,2025-04-26,2025-05-09,True,False,1,1,1,8,45.12
8636,Organic Search,2025-06-12,2025-06-26,False,True,6,11,14,6,879.59
8637,Paid Ads,2025-04-05,,False,True,0,0,0,12,0.0
8638,Paid Ads,2025-04-29,2025-05-05,False,True,1,6,11,12,344.82
8639,Paid Ads,2025-02-16,,True,False,0,0,0,12,0.0
8640,Paid Ads,2025-05-13,2025-05-20,False,True,1,4,7,12,418.12
8641,Paid Ads,2025-03-21,2025-03-22,False,True,6,9,10,12,465.9
8642,Social Media,2025-03-15,,True,False,0,0,0,8,0.0
8643,Social Media,2025-06-26,,True,False,0,0,0,8,0.0
8644,Referrals,2025-01-22,2025-02-01,False,True,7,13,17,4,1719.71
8645,Paid Ads,2025-02-21,,True,False,0,0,0,12,0.0
8646,Social Media,2025-06-23,2025-06-30,True,False,3,4,4,8,175.4
8647,Paid Ads,2025-04-08,,False,True,0,0,0,12,0.0
8648,Referrals,2025-01-17,2025-01-21,True,False,2,2,2,4,140.58
8649,Organic Search,2025-01-14,2025-01-22,True,False,3,3,3,6,241.01
8650,Organic Search,2025-06-19,2025-06-29,True,False,2,3,3,6,220.63
8651,Paid Ads,2025-05-27,,True,False,0,0,0,12,0.0
8652,Paid Ads,2025-03-09,2025-03-13,True,False,3,3,3,12,179.06
8653,Social Media,2025-03-19,,True,False,0,0,0,8,0.0
8654,Paid Ads,2025-01-12,2025-01-20,False,True,3,6,12,12,432.42
8655,Paid Ads,2025-02-05,,True,False,0,0,0,12,0.0
8656,Referrals,2025-01-28,2025-02-05,True,False,2,2,2,4,247.22
8657,Organic Search,2025-06-08,,True,False,0,0,0,6,0.0
8658,Referrals,2025-04-18,2025-04-21,True,False,2,3,3,4,238.35
8659,Social Media,2025-04-16,,False,True,0,0,0,8,0.0
8660,Paid Ads,2025-04-25,,True,False,0,0,0,12,0.0
8661,Paid Ads,2025-01-15,,False,True,0,0,0,12,0.0
8662,Paid Ads,2025-04-02,,True,False,0,0,0,12,0.0
8663,Referrals,2025-04-12,,True,False,0,0,0,4,0.0
8664,Organic Search,2025-06-21,,True,False,0,0,0,6,0.0
8665,Paid Ads,2025-05-20,2025-05-30,False,True,5,6,7,12,345.94
8666,Organic Search,2025-01-05,,False,True,0,0,0,6,0.0
8667,Referrals,2025-01-21,2025-02-03,True,False,3,3,3,4,178.26
8668,Paid Ads,2025-02-05,2025-02-14,True,False,1,2,2,12,110.23
8669,Organic Search,2025-06-29,,False,True,0,0,0,6,0.0
8670,Paid Ads,2025-01-02,2025-01-04,True,False,2,2,2,12,75.69
8671,Social Media,2025-05-15,,True,False,0,0,0,8,0.0
8672,Referrals,2025-03-19,,True,False,0,0,0,4,0.0
8673,Referrals,2025-06-29,2025-06-30,False,True,2,5,8,4,826.36
8674,Paid Ads,2025-03-31,,True,False,0,0,0,12,0.0
8675,Organic Search,2025-01-09,,False,True,0,0,0,6,0.0
8676,Organic Search,2025-02-25,2025-03-07,False,True,5,9,13,6,1013.47
8677,Organic Search,2025-04-01,,True,False,0,0,0,6,0.0
8678,Social Media,2025-06-14,2025-06-18,True,False,3,4,4,8,170.43
8679,Organic Search,2025-02-02,2025-02-05,False,True,5,10,17,6,1657.39
8680,Social Media,2025-04-27,,True,False,0,0,0,8,0.0
8681,Social Media,2025-03-15,,True,False,0,0,0,8,0.0
8682,Referrals,2025-05-28,2025-05-30,True,False,1,1,1,4,87.8
8683,Paid Ads,2025-04-25,2025-04-28,False,True,6,10,12,12,518.94
8684,Organic Search,2025-06-24,,True,False,0,0,0,6,0.0
8685,Referrals,2025-04-09,2025-04-10,False,True,3,4,5,4,531.74
8686,Paid Ads,2025-02-26,,True,False,0,0,0,12,0.0
8687,Organic Search,2025-03-20,,True,False,0,0,0,6,0.0
8688,Paid Ads,2025-02-24,,True,False,0,0,0,12,0.0
8689,Organic Search,2025-06-10,2025-06-14,False,True,3,4,6,6,428.03
8690,Referrals,2025-02-04,2025-02-09,False,True,7,10,14,4,1239.21
8691,Paid Ads,2025-06-22,,False,True,0,0,0,12,0.0
8692,Organic Search,2025-03-14,,True,False,0,0,0,6,0.0
8693,Paid Ads,2025-04-16,2025-04-19,True,False,3,4,4,12,155.35
8694,Paid Ads,2025-04-07,,True,False,0,0,0,12,0.0
8695,Organic Search,2025-03-23,2025-03-30,True,False,2,3,3,6,213.13
8696,Organic Search,2025-04-08,2025-04-19,True,False,3,3,3,6,231.01
8697,Paid Ads,2025-06-23,,False,True,0,0,0,12,0.0
8698,Referrals,2025-04-19,,False,True,0,0,0,4,0.0
8699,Paid Ads,2025-04-11,,True,False,0,0,0,12,0.0
8700,Social Media,2025-02-19,,False,True,0,0,0,8,0.0
8701,Paid Ads,2025-01-18,,True,False,0,0,0,12,0.0
8702,Organic Search,2025-03-31,2025-04-06,True,False,1,1,1,6,41.16
8703,Paid Ads,2025-06-08,2025-06-10,True,False,2,2,2,12,65.72
8704,Referrals,2025-05-26,2025-06-03,False,True,2,9,13,4,818.77
8705,Referrals,2025-05-31,2025-06-11,False,True,2,8,12,4,1239.06
8706,Referrals,2025-02-13,2025-02-18,False,True,1,3,10,4,1050.24
8707,Referrals,2025-04-12,2025-04-14,True,False,1,1,1,4,95.81
8708,Paid Ads,2025-01-01,,True,False,0,0,0,12,0.0
8709,Social Media,2025-05-01,,True,False,0,0,0,8,0.0
8710,Paid Ads,2025-02-21,,True,False,0,0,0,12,0.0
8711,Social Media,2025-01-16,2025-01-22,True,False,3,3,3,8,122.22
8712,Paid Ads,2025-02-03,,False,True,0,0,0,12,0.0
8713,Organic Search,2025-06-07,2025-06-10,False,True,7,10,13,6,952.16
8714,Organic Search,2025-01-29,2025-01-30,False,True,5,10,15,6,1434.94
8715,Paid Ads,2025-03-07,2025-03-18,False,True,7,10,16,12,932.18
8716,Referrals,2025-03-11,2025-03-13,False,True,3,10,15,4,2038.24
8717,Referrals,2025-06-05,2025-06-14,True,False,2,2,2,4,241.79
8718,Referrals,2025-03-22,2025-04-01,False,True,1,8,12,4,912.19
8719,Social Media,2025-04-15,,False,True,0,0,0,8,0.0
8720,Organic Search,2025-05-11,,False,True,0,0,0,6,0.0
8721,Organic Search,2025-02-28,2025-03-08,False,True,6,10,15,6,1018.07
8722,Paid Ads,2025-03-11,,True,False,0,0,0,12,0.0
8723,Referrals,2025-03-26,,False,True,0,0,0,4,0.0
8724,Paid Ads,2025-01-03,,True,False,0,0,0,12,0.0
8725,Social Media,2025-06-13,,True,False,0,0,0,8,0.0
8726,Organic Search,2025-04-02,,True,False,0,0,0,6,0.0
8727,Paid Ads,2025-02-07,2025-02-11,True,False,3,3,3,12,124.99
8728,Paid Ads,2025-04-11,,True,False,0,0,0,12,0.0
8729,Social Media,2025-01-15,2025-01-17,True,False,3,3,3,8,142.29
8730,Referrals,2025-04-07,2025-04-08,False,True,5,8,13,4,951.9
8731,Social Media,2025-03-16,,True,False,0,0,0,8,0.0
8732,Social Media,2025-03-29,2025-03-30,True,False,3,3,3,8,156.32
8733,Organic Search,2025-05-04,,False,True,0,0,0,6,0.0
8734,Social Media,2025-06-07,,True,False,0,0,0,8,0.0
8735,Paid Ads,2025-06-11,,False,True,0,0,0,12,0.0
8736,Paid Ads,2025-05-25,,True,False,0,0,0,12,0.0
8737,Referrals,2025-01-25,2025-02-02,True,False,3,4,4,4,189.12
8738,Paid Ads,2025-06-13,,False,True,0,0,0,12,0.0
8739,Social Media,2025-05-05,,False,True,0,0,0,8,0.0
8740,Paid Ads,2025-06-19,,True,False,0,0,0,12,0.0
8741,Paid Ads,2025-04-02,2025-04-16,False,True,5,12,14,12,446.14
8742,Referrals,2025-02-27,2025-03-07,True,False,1,2,2,4,187.65
8743,Social Media,2025-06-15,,True,False,0,0,0,8,0.0
8744,Paid Ads,2025-01-21,2025-01-29,False,True,3,6,9,12,305.33
8745,Organic Search,2025-06-21,2025-07-03,True,False,2,3,3,6,193.16
8746,Organic Search,2025-06-19,2025-06-23,False,True,6,8,11,6,562.38
8747,Paid Ads,2025-06-18,,False,True,0,0,0,12,0.0
8748,Referrals,2025-01-26,2025-02-06,False,True,2,8,15,4,1515.98
8749,Organic Search,2025-04-19,2025-04-28,False,True,1,3,9,6,636.83
8750,Social Media,2025-02-14,2025-02-21,True,False,2,3,3,8,104.81
8751,Social Media,2025-01-14,,False,True,0,0,0,8,0.0
8752,Referrals,2025-06-07,2025-06-17,False,True,4,11,12,4,1092.34
8753,Paid Ads,2025-03-15,,True,False,0,0,0,12,0.0
8754,Paid Ads,2025-02-04,,False,True,0,0,0,12,0.0
8755,Paid Ads,2025-05-14,,False,True,0,0,0,12,0.0
8756,Referrals,2025-03-15,2025-03-28,False,True,3,10,13,4,1100.27
8757,Paid Ads,2025-05-22,,True,False,0,0,0,12,0.0
8758,Social Media,2025-03-23,,True,False,0,0,0,8,0.0
8759,Social Media,2025-01-25,,False,True,0,0,0,8,0.0
8760,Paid Ads,2025-04-12,,False,True,0,0,0,12,0.0
8761,Social Media,2025-06-06,,False,True,0,0,0,8,0.0
8762,Social Media,2025-04-02,,True,False,0,0,0,8,0.0
8763,Paid Ads,2025-03-11,,True,False,0,0,0,12,0.0
8764,Referrals,2025-06-11,2025-06-21,False,True,3,6,11,4,1272.11
8765,Referrals,2025-04-01,2025-04-06,True,False,1,1,1,4,122.61
8766,Organic Search,2025-03-30,2025-04-06,False,True,1,4,5,6,301.29
8767,Paid Ads,2025-03-14,2025-03-22,True,False,3,3,3,12,197.3
8768,Referrals,2025-01-02,2025-01-08,False,True,5,7,10,4,918.94
8769,Paid Ads,2025-02-01,,True,False,0,0,0,12,0.0
8770,Referrals,2025-01-15,,False,True,0,0,0,4,0.0
8771,Referrals,2025-01-15,2025-01-24,False,True,5,12,13,4,853.6
8772,Social Media,2025-01-26,2025-02-09,True,False,3,3,3,8,74.27
8773,Paid Ads,2025-03-23,,True,False,0,0,0,12,0.0
8774,Paid Ads,2025-05-07,,False,True,0,0,0,12,0.0
8775,Referrals,2025-06-04,2025-06-09,False,True,5,10,15,4,1627.22
8776,Paid Ads,2025-01-17,,True,False,0,0,0,12,0.0
8777,Referrals,2025-06-28,2025-06-29,False,True,7,11,13,4,832.55
8778,Referrals,2025-04-24,2025-05-07,False,True,1,3,10,4,990.68
8779,Referrals,2025-05-25,2025-05-31,False,True,7,9,12,4,1116.55
8780,Paid Ads,2025-04-18,,True,False,0,0,0,12,0.0
8781,Paid Ads,2025-01-04,2025-01-13,True,False,2,3,3,12,140.59
8782,Social Media,2025-01-21,,True,False,0,0,0,8,0.0
8783,Paid Ads,2025-04-28,,True,False,0,0,0,12,0.0
8784,Referrals,2025-05-29,2025-06-01,False,True,3,7,11,4,1105.71
8785,Paid Ads,2025-04-26,,True,False,0,0,0,12,0.0
8786,Paid Ads,2025-06-27,,False,True,0,0,0,12,0.0
8787,Referrals,2025-04-10,2025-04-14,True,False,1,2,2,4,197.35
8788,Organic Search,2025-03-10,2025-03-14,True,False,3,3,3,6,243.48
8789,Organic Search,2025-02-14,2025-02-21,True,False,1,2,2,6,112.34
8790,Paid Ads,2025-06-27,,True,False,0,0,0,12,0.0
8791,Social Media,2025-05-14,,True,False,0,0,0,8,0.0
8792,Social Media,2025-06-09,,False,True,0,0,0,8,0.0
8793,Social Media,2025-05-09,2025-05-20,True,False,3,4,4,8,126.02
8794,Paid Ads,2025-05-25,,True,False,0,0,0,12,0.0
8795,Paid Ads,2025-01-08,2025-01-22,True,False,3,4,4,12,152.54
8796,Organic Search,2025-05-30,2025-06-02,True,False,3,3,3,6,190.85
8797,Organic Search,2025-02-15,,False,True,0,0,0,6,0.0
8798,Paid Ads,2025-06-10,2025-06-24,True,False,3,3,3,12,100.45
8799,Paid Ads,2025-06-27,,False,True,0,0,0,12,0.0
8800,Referrals,2025-04-23,2025-05-07,True,False,1,1,1,4,96.75
8801,Referrals,2025-06-21,2025-07-03,False,True,4,6,10,4,921.33
8802,Referrals,2025-01-23,2025-02-05,False,True,4,7,10,4,903.27
8803,Referrals,2025-06-20,2025-06-28,False,True,5,8,11,4,965.9
8804,Referrals,2025-02-19,2025-02-21,False,True,4,7,13,4,1644.53
8805,Paid Ads,2025-01-07,2025-01-17,True,False,1,2,2,12,68.32
8806,Organic Search,2025-06-08,2025-06-13,True,False,2,3,3,6,218.06
8807,Referrals,2025-02-27,2025-03-12,True,False,2,3,3,4,241.04
8808,Social Media,2025-04-16,,True,False,0,0,0,8,0.0
8809,Organic Search,2025-06-20,2025-06-22,True,False,1,2,2,6,127.49
8810,Paid Ads,2025-05-27,,False,True,0,0,0,12,0.0
8811,Referrals,2025-02-02,2025-02-08,True,False,2,3,3,4,206.83
8812,Organic Search,2025-03-06,2025-03-12,True,False,2,3,3,6,142.01
8813,Organic Search,2025-05-31,,True,False,0,0,0,6,0.0
8814,Paid Ads,2025-04-09,2025-04-11,True,False,1,2,2,12,86.95
8815,Referrals,2025-04-03,2025-04-15,False,True,7,9,12,4,948.34
8816,Social Media,2025-05-28,,True,False,0,0,0,8,0.0
8817,Paid Ads,2025-06-13,2025-06-21,True,False,2,2,2,12,108.14
8818,Referrals,2025-02-24,2025-03-09,True,False,1,2,2,4,150.83
8819,Referrals,2025-01-14,2025-01-20,True,False,3,4,4,4,248.11
8820,Paid Ads,2025-01-03,,True,False,0,0,0,12,0.0
8821,Paid Ads,2025-05-24,2025-05-28,True,False,1,1,1,12,50.07
8822,Paid Ads,2025-05-19,,True,False,0,0,0,12,0.0
8823,Referrals,2025-06-28,2025-07-12,False,True,1,7,8,4,911.18
8824,Social Media,2025-06-28,,True,False,0,0,0,8,0.0
8825,Paid Ads,2025-04-07,,False,True,0,0,0,12,0.0
8826,Organic Search,2025-03-11,,False,True,0,0,0,6,0.0
8827,Social Media,2025-03-13,,True,False,0,0,0,8,0.0
8828,Social Media,2025-05-14,,True,False,0,0,0,8,0.0
8829,Paid Ads,2025-01-01,2025-01-06,True,False,2,3,3,12,143.6
8830,Organic Search,2025-05-04,2025-05-11,False,True,2,6,12,6,842.61
8831,Paid Ads,2025-01-31,,True,False,0,0,0,12,0.0
8832,Referrals,2025-05-07,2025-05-17,True,False,1,2,2,4,158.29
8833,Paid Ads,2025-01-12,,False,True,0,0,0,12,0.0
8834,Social Media,2025-06-18,,True,False,0,0,0,8,0.0
8835,Organic Search,2025-05-31,2025-06-09,True,False,3,3,3,6,186.92
8836,Social Media,2025-04-26,,True,False,0,0,0,8,0.0
8837,Organic Search,2025-05-01,2025-05-05,False,True,6,10,16,6,1257.45
8838,Paid Ads,2025-06-04,,True,False,0,0,0,12,0.0
8839,Social Media,2025-06-28,,False,True,0,0,0,8,0.0
8840,Social Media,2025-03-22,,True,False,0,0,0,8,0.0
8841,Referrals,2025-01-29,,False,True,0,0,0,4,0.0
8842,Paid Ads,2025-05-31,,False,True,0,0,0,12,0.0
8843,Referrals,2025-05-03,2025-05-15,False,True,2,4,8,4,935.24
8844,Referrals,2025-04-10,2025-04-24,False,True,7,14,19,4,2034.63
8845,Paid Ads,2025-05-11,,True,False,0,0,0,12,0.0
8846,Referrals,2025-05-23,2025-05-31,False,True,2,8,12,4,1250.33
8847,Organic Search,2025-05-21,2025-06-01,False,True,5,11,18,6,1133.07
8848,Paid Ads,2025-01-17,,False,True,0,0,0,12,0.0
8849,Paid Ads,2025-06-06,,False,True,0,0,0,12,0.0
8850,Referrals,2025-01-13,,False,True,0,0,0,4,0.0
8851,Organic Search,2025-04-26,,False,True,0,0,0,6,0.0
8852,Referrals,2025-03-12,,True,False,0,0,0,4,0.0
8853,Referrals,2025-01-23,2025-01-25,False,True,6,12,16,4,1512.87
8854,Referrals,2025-04-30,,False,True,0,0,0,4,0.0
8855,Organic Search,2025-01-09,2025-01-20,False,True,1,4,8,6,560.94
8856,Paid Ads,2025-03-06,,True,False,0,0,0,12,0.0
8857,Organic Search,2025-02-07,2025-02-16,True,False,2,2,2,6,147.51
8858,Social Media,2025-05-21,,True,False,0,0,0,8,0.0
8859,Paid Ads,2025-03-24,2025-03-26,True,False,3,3,3,12,186.32
8860,Social Media,2025-03-11,,True,False,0,0,0,8,0.0
8861,Referrals,2025-05-23,2025-06-06,False,True,5,10,16,4,1137.82
8862,Paid Ads,2025-04-28,,False,True,0,0,0,12,0.0
8863,Paid Ads,2025-03-16,2025-03-29,True,False,2,2,2,12,95.5
8864,Paid Ads,2025-02-16,2025-02-26,False,True,2,8,15,12,665.11
8865,Social Media,2025-04-26,,True,False,0,0,0,8,0.0
8866,Paid Ads,2025-04-11,2025-04-25,False,True,7,8,14,12,862.12
8867,Social Media,2025-01-15,,True,False,0,0,0,8,0.0
8868,Paid Ads,2025-06-27,2025-06-29,True,False,1,1,1,12,34.47
8869,Referrals,2025-03-24,2025-03-29,False,True,7,9,15,4,1814.61
8870,Organic Search,2025-03-21,2025-03-26,False,True,1,8,13,6,866.61
8871,Referrals,2025-04-12,,False,True,0,0,0,4,0.0
8872,Social Media,2025-04-22,,False,True,0,0,0,8,0.0
8873,Referrals,2025-01-04,2025-01-18,True,False,1,1,1,4,136.62
8874,Social Media,2025-05-03,,True,False,0,0,0,8,0.0
8875,Paid Ads,2025-01-06,2025-01-11,True,False,1,1,1,12,45.86
8876,Social Media,2025-01-02,,True,False,0,0,0,8,0.0
8877,Paid Ads,2025-03-24,,False,True,0,0,0,12,0.0
8878,Referrals,2025-05-14,2025-05-25,True,False,1,2,2,4,225.08
8879,Social Media,2025-06-04,,False,True,0,0,0,8,0.0
8880,Organic Search,2025-06-11,2025-06-16,True,False,3,3,3,6,193.64
8881,Organic Search,2025-05-08,2025-05-22,False,True,1,2,6,6,413.48
8882,Paid Ads,2025-05-03,,False,True,0,0,0,12,0.0
8883,Paid Ads,2025-04-06,,True,False,0,0,0,12,0.0
8884,Paid Ads,2025-06-08,,False,True,0,0,0,12,0.0
8885,Paid Ads,2025-02-11,,False,True,0,0,0,12,0.0
8886,Paid Ads,2025-06-25,,True,False,0,0,0,12,0.0
8887,Paid Ads,2025-05-19,,True,False,0,0,0,12,0.0
8888,Social Media,2025-04-27,,True,False,0,0,0,8,0.0
8889,Organic Search,2025-03-30,,False,True,0,0,0,6,0.0
8890,Organic Search,2025-01-14,2025-01-20,True,False,1,2,2,6,123.18
8891,Organic Search,2025-05-01,,False,True,0,0,0,6,0.0
8892,Organic Search,2025-06-15,2025-06-24,False,True,3,4,9,6,772.94
8893,Paid Ads,2025-01-15,,True,False,0,0,0,12,0.0
8894,Referrals,2025-01-03,2025-01-15,False,True,4,5,12,4,1045.45
8895,Organic Search,2025-03-16,2025-03-28,False,True,1,4,11,6,693.3
8896,Referrals,2025-01-13,2025-01-20,True,False,2,2,2,4,146.72
8897,Social Media,2025-03-30,,True,False,0,0,0,8,0.0
8898,Paid Ads,2025-06-08,,True,False,0,0,0,12,0.0
8899,Referrals,2025-06-28,2025-07-12,True,False,2,2,2,4,207.67
8900,Social Media,2025-05-18,,False,True,0,0,0,8,0.0
8901,Paid Ads,2025-03-09,,False,True,0,0,0,12,0.0
8902,Referrals,2025-04-18,2025-04-26,True,False,3,4,4,4,365.05
8903,Organic Search,2025-04-10,2025-04-16,False,True,2,4,9,6,527.56
8904,Paid Ads,2025-03-29,,True,False,0,0,0,12,0.0
8905,Social Media,2025-02-11,,True,False,0,0,0,8,0.0
8906,Paid Ads,2025-05-28,2025-06-02,False,True,1,4,10,12,447.47
8907,Paid Ads,2025-04-11,,False,True,0,0,0,12,0.0
8908,Paid Ads,2025-06-03,,True,False,0,0,0,12,0.0
8909,Social Media,2025-06-13,2025-06-14,True,False,3,3,3,8,127.38
8910,Paid Ads,2025-06-12,,True,False,0,0,0,12,0.0
8911,Social Media,2025-03-03,2025-03-13,True,False,2,3,3,8,99.07
8912,Organic Search,2025-04-21,2025-04-25,False,True,7,13,16,6,1290.25
8913,Referrals,2025-01-11,2025-01-12,False,True,4,11,16,4,2151.75
8914,Paid Ads,2025-03-29,2025-04-03,True,False,1,1,1,12,30.62
8915,Paid Ads,2025-05-21,,True,False,0,0,0,12,0.0
8916,Paid Ads,2025-01-16,2025-01-18,False,True,2,8,14,12,626.15
8917,Paid Ads,2025-01-25,2025-01-28,False,True,1,2,7,12,423.06
8918,Organic Search,2025-03-21,,True,False,0,0,0,6,0.0
8919,Paid Ads,2025-06-04,2025-06-09,True,False,3,3,3,12,114.6
8920,Organic Search,2025-04-08,2025-04-19,True,False,3,4,4,6,265.01
8921,Paid Ads,2025-04-22,,False,True,0,0,0,12,0.0
8922,Organic Search,2025-04-06,,False,True,0,0,0,6,0.0
8923,Referrals,2025-05-10,2025-05-24,True,False,2,2,2,4,165.27
8924,Paid Ads,2025-04-04,,False,True,0,0,0,12,0.0
8925,Referrals,2025-04-04,2025-04-09,False,True,6,12,17,4,1170.99
8926,Social Media,2025-04-01,2025-04-10,True,False,1,1,1,8,55.03
8927,Organic Search,2025-01-05,2025-01-18,True,False,1,1,1,6,74.99
8928,Paid Ads,2025-04-11,2025-04-23,True,False,1,2,2,12,94.65
8929,Organic Search,2025-01-25,2025-02-05,False,True,1,3,8,6,516.21
8930,Social Media,2025-02-14,,False,True,0,0,0,8,0.0
8931,Referrals,2025-01-10,2025-01-14,True,False,2,2,2,4,257.36
8932,Paid Ads,2025-01-22,,True,False,0,0,0,12,0.0
8933,Organic Search,2025-01-12,,False,True,0,0,0,6,0.0
8934,Referrals,2025-03-26,,False,True,0,0,0,4,0.0
8935,Social Media,2025-02-08,,True,False,0,0,0,8,0.0
8936,Organic Search,2025-05-30,2025-06-07,True,False,3,4,4,6,285.33
8937,Referrals,2025-01-17,2025-01-29,False,True,5,11,14,4,1015.64
8938,Paid Ads,2025-03-25,,False,True,0,0,0,12,0.0
8939,Organic Search,2025-01-15,,False,True,0,0,0,6,0.0
8940,Referrals,2025-01-19,,False,True,0,0,0,4,0.0
8941,Paid Ads,2025-06-24,2025-06-28,True,False,1,1,1,12,44.99
8942,Referrals,2025-05-28,,False,True,0,0,0,4,0.0
8943,Organic Search,2025-06-12,,True,False,0,0,0,6,0.0
8944,Organic Search,2025-06-27,2025-07-01,False,True,5,9,13,6,1155.75
8945,Social Media,2025-06-14,,True,False,0,0,0,8,0.0
8946,Paid Ads,2025-04-21,2025-04-23,True,False,3,4,4,12,150.66
8947,Referrals,2025-03-11,,False,True,0,0,0,4,0.0
8948,Social Media,2025-04-20,2025-04-29,True,False,3,4,4,8,139.44
8949,Social Media,2025-05-15,,False,True,0,0,0,8,0.0
8950,Paid Ads,2025-03-05,,True,False,0,0,0,12,0.0
8951,Paid Ads,2025-03-18,,True,False,0,0,0,12,0.0
8952,Organic Search,2025-06-27,,False,True,0,0,0,6,0.0
8953,Referrals,2025-04-29,,False,True,0,0,0,4,0.0
8954,Organic Search,2025-04-14,2025-04-24,True,False,1,1,1,6,66.55
8955,Organic Search,2025-01-27,,False,True,0,0,0,6,0.0
8956,Paid Ads,2025-02-16,,True,False,0,0,0,12,0.0
8957,Paid Ads,2025-05-24,2025-06-05,False,True,2,6,12,12,663.57
8958,Organic Search,2025-05-16,2025-05-26,True,False,3,3,3,6,206.68
8959,Referrals,2025-04-17,2025-04-26,False,True,6,8,14,4,1067.36
8960,Paid Ads,2025-06-05,,True,False,0,0,0,12,0.0
8961,Referrals,2025-01-20,,True,False,0,0,0,4,0.0
8962,Paid Ads,2025-04-16,2025-04-22,True,False,1,1,1,12,48.87
8963,Organic Search,2025-01-11,2025-01-16,False,True,3,6,13,6,992.02
8964,Paid Ads,2025-03-28,,True,False,0,0,0,12,0.0
8965,Referrals,2025-03-21,2025-03-23,True,False,2,2,2,4,181.48
8966,Paid Ads,2025-01-31,2025-02-10,True,False,1,2,2,12,100.11
8967,Social Media,2025-06-10,,True,False,0,0,0,8,0.0
8968,Referrals,2025-06-29,2025-07-02,True,False,1,1,1,4,122.59
8969,Referrals,2025-05-22,2025-05-24,True,False,1,2,2,4,224.54
8970,Organic Search,2025-04-26,2025-05-10,True,False,3,3,3,6,202.77
8971,Organic Search,2025-06-01,2025-06-12,False,True,3,6,13,6,887.81
8972,Social Media,2025-01-01,,True,False,0,0,0,8,0.0
8973,Social Media,2025-03-22,2025-03-23,True,False,2,3,3,8,93.89
8974,Paid Ads,2025-03-31,,True,False,0,0,0,12,0.0
8975,Paid Ads,2025-05-27,,False,True,0,0,0,12,0.0
8976,Social Media,2025-02-11,2025-02-25,True,False,1,2,2,8,79.03
8977,Social Media,2025-01-22,,False,True,0,0,0,8,0.0
8978,Paid Ads,2025-02-11,,True,False,0,0,0,12,0.0
8979,Paid Ads,2025-01-29,2025-02-02,True,False,1,2,2,12,67.12
8980,Paid Ads,2025-01-16,2025-01-26,False,True,2,6,7,12,160.66
8981,Referrals,2025-01-19,2025-01-24,True,False,1,1,1,4,106.45
8982,Referrals,2025-02-08,,False,True,0,0,0,4,0.0
8983,Paid Ads,2025-03-31,2025-04-12,True,False,3,4,4,12,170.51
8984,Organic Search,2025-04-21,2025-04-24,False,True,6,12,17,6,1207.51
8985,Referrals,2025-03-20,2025-04-03,False,True,6,8,15,4,1013.13
8986,Social Media,2025-06-26,,True,False,0,0,0,8,0.0
8987,Organic Search,2025-05-15,,True,False,0,0,0,6,0.0
8988,Referrals,2025-04-18,2025-04-25,False,True,7,8,15,4,1339.78
8989,Referrals,2025-03-06,2025-03-16,False,True,6,7,12,4,1453.16
8990,Social Media,2025-05-15,,True,False,0,0,0,8,0.0
8991,Paid Ads,2025-06-16,,True,False,0,0,0,12,0.0
8992,Paid Ads,2025-05-31,,False,True,0,0,0,12,0.0
8993,Organic Search,2025-06-23,2025-06-24,True,False,3,4,4,6,363.11
8994,Paid Ads,2025-03-29,,False,True,0,0,0,12,0.0
8995,Referrals,2025-02-26,2025-03-11,True,False,1,1,1,4,79.08
8996,Organic Search,2025-04-09,,False,True,0,0,0,6,0.0
8997,Referrals,2025-05-22,2025-05-26,True,False,3,4,4,4,417.18
8998,Paid Ads,2025-05-25,,False,True,0,0,0,12,0.0
8999,Referrals,2025-03-04,2025-03-17,True,False,1,2,2,4,157.2
9000,Organic Search,2025-03-26,,True,False,0,0,0,6,0.0
9001,Paid Ads,2025-01-07,2025-01-08,True,False,3,3,3,12,149.11
9002,Referrals,2025-05-01,2025-05-07,True,False,2,2,2,4,208.93
9003,Paid Ads,2025-06-15,,False,True,0,0,0,12,0.0
9004,Social Media,2025-02-28,,True,False,0,0,0,8,0.0
9005,Referrals,2025-04-01,,True,False,0,0,0,4,0.0
9006,Paid Ads,2025-04-02,,True,False,0,0,0,12,0.0
9007,Paid Ads,2025-01-19,,True,False,0,0,0,12,0.0
9008,Organic Search,2025-03-30,2025-04-10,True,False,2,3,3,6,160.94
9009,Organic Search,2025-02-13,2025-02-24,False,True,3,4,5,6,316.92
9010,Referrals,2025-06-23,2025-06-29,True,False,3,4,4,4,432.92
9011,Organic Search,2025-02-15,,False,True,0,0,0,6,0.0
9012,Social Media,2025-02-03,,False,True,0,0,0,8,0.0
9013,Paid Ads,2025-06-12,,False,True,0,0,0,12,0.0
9014,Social Media,2025-04-01,,True,False,0,0,0,8,0.0
9015,Social Media,2025-02-21,,True,False,0,0,0,8,0.0
9016,Social Media,2025-03-01,,True,False,0,0,0,8,0.0
9017,Referrals,2025-04-30,2025-05-09,False,True,7,8,10,4,900.07
9018,Social Media,2025-01-20,2025-01-31,True,False,3,4,4,8,153.12
9019,Paid Ads,2025-01-13,,False,True,0,0,0,12,0.0
9020,Paid Ads,2025-02-02,,True,False,0,0,0,12,0.0
9021,Paid Ads,2025-03-04,,True,False,0,0,0,12,0.0
9022,Paid Ads,2025-03-25,2025-03-29,True,False,1,2,2,12,78.08
9023,Paid Ads,2025-02-14,,True,False,0,0,0,12,0.0
9024,Paid Ads,2025-01-17,,True,False,0,0,0,12,0.0
9025,Referrals,2025-05-22,,False,True,0,0,0,4,0.0
9026,Social Media,2025-03-22,2025-03-26,True,False,3,3,3,8,121.67
9027,Paid Ads,2025-02-27,,True,False,0,0,0,12,0.0
9028,Paid Ads,2025-04-24,2025-05-08,True,False,3,4,4,12,196.6
9029,Organic Search,2025-02-11,,True,False,0,0,0,6,0.0
9030,Referrals,2025-04-20,,False,True,0,0,0,4,0.0
9031,Paid Ads,2025-04-20,,False,True,0,0,0,12,0.0
9032,Referrals,2025-04-10,,False,True,0,0,0,4,0.0
9033,Organic Search,2025-05-27,,True,False,0,0,0,6,0.0
9034,Social Media,2025-05-12,2025-05-24,False,True,1,6,13,8,436.27
9035,Referrals,2025-03-07,2025-03-20,True,False,1,2,2,4,237.31
9036,Referrals,2025-05-18,2025-05-27,False,True,5,12,16,4,1581.62
9037,Organic Search,2025-03-09,2025-03-20,True,False,1,1,1,6,79.05
9038,Referrals,2025-03-06,,False,True,0,0,0,4,0.0
9039,Organic Search,2025-03-26,,True,False,0,0,0,6,0.0
9040,Organic Search,2025-03-17,2025-03-31,True,False,3,3,3,6,188.77
9041,Paid Ads,2025-02-25,,False,True,0,0,0,12,0.0
9042,Referrals,2025-05-03,,False,True,0,0,0,4,0.0
9043,Social Media,2025-03-15,,True,False,0,0,0,8,0.0
9044,Organic Search,2025-01-31,2025-02-13,False,True,1,2,7,6,544.26
9045,Social Media,2025-06-23,2025-06-30,True,False,1,1,1,8,31.61
9046,Paid Ads,2025-04-11,2025-04-21,True,False,2,3,3,12,168.26
9047,Referrals,2025-04-30,2025-05-12,True,False,2,2,2,4,243.21
9048,Referrals,2025-06-22,2025-07-06,False,True,4,9,10,4,838.01
9049,Social Media,2025-06-14,,True,False,0,0,0,8,0.0
9050,Referrals,2025-06-10,2025-06-20,False,True,7,14,18,4,1477.65
9051,Paid Ads,2025-03-15,2025-03-27,False,True,5,7,12,12,502.95
9052,Paid Ads,2025-03-05,,True,False,0,0,0,12,0.0
9053,Organic Search,2025-06-23,,True,False,0,0,0,6,0.0
9054,Paid Ads,2025-04-21,2025-04-23,True,False,2,3,3,12,147.09
9055,Organic Search,2025-04-18,2025-04-30,False,True,6,7,9,6,629.61
9056,Paid Ads,2025-03-14,,True,False,0,0,0,12,0.0
9057,Referrals,2025-01-21,2025-01-22,False,True,4,7,14,4,1508.69
9058,Organic Search,2025-01-18,,True,False,0,0,0,6,0.0
9059,Organic Search,2025-01-30,,True,False,0,0,0,6,0.0
9060,Referrals,2025-03-19,2025-03-20,True,False,2,2,2,4,107.8
9061,Paid Ads,2025-05-22,2025-06-02,True,False,2,3,3,12,120.9
9062,Referrals,2025-05-04,2025-05-09,False,True,2,9,10,4,1310.82
9063,Referrals,2025-04-25,2025-05-04,False,True,4,8,14,4,1210.7
9064,Paid Ads,2025-05-14,2025-05-17,False,True,2,4,6,12,315.54
9065,Paid Ads,2025-06-28,,True,False,0,0,0,12,0.0
9066,Paid Ads,2025-03-25,2025-04-06,True,False,2,3,3,12,134.68
9067,Referrals,2025-03-17,2025-03-18,False,True,1,5,6,4,458.81
9068,Paid Ads,2025-04-04,2025-04-14,True,False,3,3,3,12,144.58
9069,Referrals,2025-06-05,2025-06-12,False,True,2,3,9,4,847.26
9070,Paid Ads,2025-05-14,,True,False,0,0,0,12,0.0
9071,Paid Ads,2025-05-26,2025-06-01,False,True,5,6,8,12,338.39
9072,Referrals,2025-05-17,2025-05-26,False,True,1,6,8,4,765.8
9073,Social Media,2025-01-30,2025-02-03,True,False,3,3,3,8,154.51
9074,Referrals,2025-06-02,2025-06-07,False,True,2,4,5,4,356.5
9075,Social Media,2025-02-15,,True,False,0,0,0,8,0.0
9076,Organic Search,2025-04-14,2025-04-28,True,False,2,2,2,6,197.86
9077,Social Media,2025-02-13,2025-02-27,False,True,6,12,15,8,550.2
9078,Paid Ads,2025-03-01,2025-03-02,True,False,1,1,1,12,32.15
9079,Organic Search,2025-03-26,2025-03-27,False,True,5,9,14,6,680.83
9080,Paid Ads,2025-03-12,2025-03-25,True,False,1,1,1,12,59.17
9081,Referrals,2025-05-18,2025-05-26,False,True,7,8,12,4,1109.69
9082,Social Media,2025-02-20,2025-03-04,False,True,3,10,14,8,722.46
9083,Referrals,2025-02-23,2025-03-09,False,True,6,10,14,4,1568.3
9084,Social Media,2025-06-29,2025-07-09,True,False,3,3,3,8,109.12
9085,Paid Ads,2025-04-17,,False,True,0,0,0,12,0.0
9086,Referrals,2025-06-03,,False,True,0,0,0,4,0.0
9087,Organic Search,2025-06-22,,False,True,0,0,0,6,0.0
9088,Referrals,2025-05-04,,False,True,0,0,0,4,0.0
9089,Referrals,2025-02-19,2025-02-23,True,False,1,1,1,4,93.71
9090,Referrals,2025-04-27,2025-05-05,True,False,2,2,2,4,179.5
9091,Paid Ads,2025-01-07,,True,False,0,0,0,12,0.0
9092,Organic Search,2025-02-13,2025-02-25,True,False,1,2,2,6,77.69
9093,Paid Ads,2025-05-03,,True,False,0,0,0,12,0.0
9094,Referrals,2025-03-26,2025-04-02,False,True,2,6,12,4,1600.89
9095,Social Media,2025-03-25,,True,False,0,0,0,8,0.0
9096,Referrals,2025-01-14,2025-01-27,False,True,7,11,14,4,1419.78
9097,Organic Search,2025-06-05,2025-06-18,True,False,1,2,2,6,98.55
9098,Organic Search,2025-02-26,,True,False,0,0,0,6,0.0
9099,Referrals,2025-06-09,2025-06-18,False,True,1,7,9,4,556.47
9100,Social Media,2025-01-16,,True,False,0,0,0,8,0.0
9101,Organic Search,2025-06-09,2025-06-10,False,True,4,9,16,6,1041.27
9102,Referrals,2025-01-23,,False,True,0,0,0,4,0.0
9103,Referrals,2025-04-07,2025-04-10,True,False,3,3,3,4,272.96
9104,Organic Search,2025-06-17,,False,True,0,0,0,6,0.0
9105,Paid Ads,2025-04-02,2025-04-10,False,True,6,7,12,12,705.72
9106,Organic Search,2025-04-07,2025-04-18,False,True,1,4,10,6,719.5
9107,Social Media,2025-04-15,,True,False,0,0,0,8,0.0
9108,Referrals,2025-05-05,2025-05-08,False,True,4,8,11,4,1385.59
9109,Social Media,2025-02-01,,True,False,0,0,0,8,0.0
9110,Organic Search,2025-06-28,2025-07-02,False,True,4,11,14,6,818.01
9111,Organic Search,2025-02-25,2025-03-07,False,True,6,11,14,6,1003.31
9112,Social Media,2025-05-24,,False,True,0,0,0,8,0.0
9113,Paid Ads,2025-03-12,,False,True,0,0,0,12,0.0
9114,Referrals,2025-01-25,2025-01-29,False,True,1,7,9,4,751.85
9115,Referrals,2025-01-16,2025-01-22,False,True,2,7,12,4,1055.16
9116,Social Media,2025-06-10,,False,True,0,0,0,8,0.0
9117,Organic Search,2025-01-16,2025-01-30,False,True,6,10,12,6,669.93
9118,Referrals,2025-05-03,,True,False,0,0,0,4,0.0
9119,Organic Search,2025-01-07,2025-01-15,True,False,1,2,2,6,136.37
9120,Organic Search,2025-01-25,2025-01-28,False,True,1,2,8,6,615.87
9121,Referrals,2025-06-11,2025-06-12,True,False,2,2,2,4,235.83
9122,Paid Ads,2025-02-25,,True,False,0,0,0,12,0.0
9123,Referrals,2025-01-10,,False,True,0,0,0,4,0.0
9124,Referrals,2025-02-01,,False,True,0,0,0,4,0.0
9125,Organic Search,2025-02-28,,True,False,0,0,0,6,0.0
9126,Paid Ads,2025-02-28,2025-03-01,False,True,5,8,9,12,273.13
9127,Referrals,2025-02-27,2025-03-04,True,False,1,2,2,4,215.11
9128,Social Media,2025-04-28,,True,False,0,0,0,8,0.0
9129,Paid Ads,2025-01-20,,True,False,0,0,0,12,0.0
9130,Referrals,2025-01-19,,True,False,0,0,0,4,0.0
9131,Referrals,2025-03-16,2025-03-26,False,True,4,7,14,4,1929.87
9132,Organic Search,2025-06-14,2025-06-25,False,True,7,13,14,6,1028.35
9133,Social Media,2025-06-06,,True,False,0,0,0,8,0.0
9134,Paid Ads,2025-06-18,,True,False,0,0,0,12,0.0
9135,Referrals,2025-01-09,2025-01-11,False,True,2,9,11,4,1027.05
9136,Organic Search,2025-02-18,2025-02-28,False,True,5,11,17,6,1497.74
9137,Referrals,2025-01-12,2025-01-13,False,True,7,9,16,4,1020.11
9138,Paid Ads,2025-02-07,2025-02-12,False,True,7,14,19,12,960.54
9139,Referrals,2025-05-22,,False,True,0,0,0,4,0.0
9140,Social Media,2025-04-12,,True,False,0,0,0,8,0.0
9141,Social Media,2025-05-20,2025-05-23,True,False,2,2,2,8,62.45
9142,Paid Ads,2025-04-27,,True,False,0,0,0,12,0.0
9143,Referrals,2025-05-12,2025-05-19,False,True,4,9,10,4,813.68
9144,Organic Search,2025-04-27,2025-04-30,True,False,2,3,3,6,204.79
9145,Referrals,2025-06-04,,True,False,0,0,0,4,0.0
9146,Organic Search,2025-02-20,2025-03-02,True,False,2,2,2,6,187.91
9147,Referrals,2025-04-17,2025-04-21,False,True,2,7,12,4,1457.9
9148,Organic Search,2025-06-09,2025-06-19,False,True,6,13,15,6,1150.57
9149,Referrals,2025-06-25,2025-06-28,False,True,5,11,16,4,1651.76
9150,Paid Ads,2025-03-22,,False,True,0,0,0,12,0.0
9151,Paid Ads,2025-06-23,,True,False,0,0,0,12,0.0
9152,Paid Ads,2025-06-18,2025-06-26,True,False,3,3,3,12,167.71
9153,Paid Ads,2025-06-23,2025-07-05,False,True,6,9,14,12,561.08
9154,Organic Search,2025-02-15,,True,False,0,0,0,6,0.0
9155,Paid Ads,2025-06-23,,True,False,0,0,0,12,0.0
9156,Referrals,2025-06-16,2025-06-26,False,True,6,11,13,4,1364.65
9157,Organic Search,2025-04-03,,False,True,0,0,0,6,0.0
9158,Paid Ads,2025-04-01,,True,False,0,0,0,12,0.0
9159,Organic Search,2025-01-10,2025-01-22,True,False,3,4,4,6,227.29
9160,Organic Search,2025-04-07,2025-04-10,True,False,1,2,2,6,192.64
9161,Paid Ads,2025-04-02,,True,False,0,0,0,12,0.0
9162,Organic Search,2025-01-04,2025-01-10,False,True,1,7,11,6,778.63
9163,Referrals,2025-02-27,,False,True,0,0,0,4,0.0
9164,Organic Search,2025-01-23,,True,False,0,0,0,6,0.0
9165,Paid Ads,2025-05-12,2025-05-15,True,False,1,1,1,12,42.42
9166,Organic Search,2025-06-17,2025-06-22,False,True,1,3,4,6,297.82
9167,Social Media,2025-04-11,2025-04-19,True,False,1,2,2,8,73.71
9168,Social Media,2025-04-08,2025-04-15,True,False,1,1,1,8,33.45
9169,Organic Search,2025-04-13,2025-04-26,False,True,6,8,14,6,826.03
9170,Paid Ads,2025-06-21,,True,False,0,0,0,12,0.0
9171,Paid Ads,2025-01-19,,True,False,0,0,0,12,0.0
9172,Paid Ads,2025-04-20,,True,False,0,0,0,12,0.0
9173,Paid Ads,2025-06-02,2025-06-13,False,True,2,8,14,12,650.01
9174,Organic Search,2025-04-09,2025-04-14,False,True,1,3,8,6,395.58
9175,Social Media,2025-03-13,2025-03-23,True,False,1,1,1,8,42.85
9176,Organic Search,2025-01-01,2025-01-14,True,False,3,4,4,6,253.9
9177,Referrals,2025-05-19,2025-05-23,False,True,4,11,17,4,1512.32
9178,Paid Ads,2025-06-27,,True,False,0,0,0,12,0.0
9179,Paid Ads,2025-04-04,2025-04-13,False,True,4,8,11,12,664.54
9180,Paid Ads,2025-05-07,2025-05-16,True,False,2,2,2,12,72.16
9181,Paid Ads,2025-01-09,,False,True,0,0,0,12,0.0
9182,Social Media,2025-03-18,,True,False,0,0,0,8,0.0
9183,Organic Search,2025-04-10,,False,True,0,0,0,6,0.0
9184,Organic Search,2025-03-12,,False,True,0,0,0,6,0.0
9185,Paid Ads,2025-04-22,2025-04-28,False,True,2,3,9,12,362.35
9186,Organic Search,2025-05-24,2025-06-03,False,True,7,10,12,6,1007.62
9187,Organic Search,2025-01-14,2025-01-21,False,True,4,9,15,6,791.92
9188,Paid Ads,2025-01-17,2025-01-25,True,False,3,3,3,12,136.39
9189,Paid Ads,2025-03-12,2025-03-21,True,False,2,3,3,12,153.93
9190,Social Media,2025-02-18,2025-02-23,True,False,3,3,3,8,133.99
9191,Organic Search,2025-05-01,2025-05-03,False,True,7,11,16,6,1260.57
9192,Social Media,2025-06-11,,True,False,0,0,0,8,0.0
9193,Paid Ads,2025-04-05,2025-04-11,True,False,3,4,4,12,205.77
9194,Referrals,2025-03-27,,True,False,0,0,0,4,0.0
9195,Paid Ads,2025-06-25,,True,False,0,0,0,12,0.0
9196,Referrals,2025-03-31,2025-04-01,False,True,3,6,13,4,1343.94
9197,Organic Search,2025-06-05,2025-06-08,True,False,2,3,3,6,269.41
9198,Paid Ads,2025-06-13,2025-06-27,True,False,1,2,2,12,92.05
9199,Paid Ads,2025-05-20,,True,False,0,0,0,12,0.0
9200,Organic Search,2025-06-04,,True,False,0,0,0,6,0.0
9201,Social Media,2025-02-14,,True,False,0,0,0,8,0.0
9202,Paid Ads,2025-05-23,2025-06-06,True,False,1,1,1,12,30.78
9203,Paid Ads,2025-04-01,,True,False,0,0,0,12,0.0
9204,Referrals,2025-04-21,,False,True,0,0,0,4,0.0
9205,Paid Ads,2025-05-29,,True,False,0,0,0,12,0.0
9206,Paid Ads,2025-03-25,2025-03-28,True,False,2,3,3,12,135.86
9207,Paid Ads,2025-05-01,2025-05-04,True,False,1,1,1,12,46.13
9208,Paid Ads,2025-04-28,,True,False,0,0,0,12,0.0
9209,Organic Search,2025-02-27,,False,True,0,0,0,6,0.0
9210,Paid Ads,2025-05-28,,True,False,0,0,0,12,0.0
9211,Paid Ads,2025-05-02,,False,True,0,0,0,12,0.0
9212,Organic Search,2025-02-15,,False,True,0,0,0,6,0.0
9213,Paid Ads,2025-04-06,2025-04-12,False,True,2,5,6,12,257.16
9214,Paid Ads,2025-03-22,,True,False,0,0,0,12,0.0
9215,Organic Search,2025-03-04,,False,True,0,0,0,6,0.0
9216,Paid Ads,2025-03-23,,False,True,0,0,0,12,0.0
9217,Organic Search,2025-04-07,,False,True,0,0,0,6,0.0
9218,Referrals,2025-05-20,2025-05-25,False,True,5,8,10,4,1083.29
9219,Paid Ads,2025-06-03,2025-06-16,False,True,3,10,12,12,737.63
9220,Organic Search,2025-03-26,,False,True,0,0,0,6,0.0
9221,Social Media,2025-03-06,2025-03-10,True,False,3,4,4,8,190.84
9222,Social Media,2025-05-14,,True,False,0,0,0,8,0.0
9223,Social Media,2025-02-09,,True,False,0,0,0,8,0.0
9224,Paid Ads,2025-01-29,2025-02-10,True,False,3,4,4,12,200.14
9225,Referrals,2025-04-14,2025-04-28,False,True,4,5,7,4,586.64
9226,Paid Ads,2025-06-27,,False,True,0,0,0,12,0.0
9227,Paid Ads,2025-05-21,2025-06-01,True,False,1,1,1,12,37.58
9228,Social Media,2025-01-09,,False,True,0,0,0,8,0.0
9229,Referrals,2025-01-14,2025-01-23,False,True,1,7,10,4,785.93
9230,Social Media,2025-04-28,2025-05-06,True,False,2,3,3,8,135.81
9231,Paid Ads,2025-06-11,,False,True,0,0,0,12,0.0
9232,Paid Ads,2025-04-04,,False,True,0,0,0,12,0.0
9233,Paid Ads,2025-05-12,,False,True,0,0,0,12,0.0
9234,Social Media,2025-01-30,,True,False,0,0,0,8,0.0
9235,Paid Ads,2025-06-16,2025-06-26,False,True,3,4,8,12,216.17
9236,Referrals,2025-05-22,2025-06-03,False,True,4,5,6,4,476.8
9237,Paid Ads,2025-03-10,2025-03-12,True,False,1,1,1,12,50.23
9238,Social Media,2025-01-12,,True,False,0,0,0,8,0.0
9239,Organic Search,2025-06-04,,True,False,0,0,0,6,0.0
9240,Organic Search,2025-06-01,,False,True,0,0,0,6,0.0
9241,Social Media,2025-02-27,,False,True,0,0,0,8,0.0
9242,Paid Ads,2025-02-07,2025-02-11,True,False,3,3,3,12,97.58
9243,Referrals,2025-03-25,2025-04-05,True,False,1,2,2,4,148.05
9244,Social Media,2025-04-13,2025-04-22,True,False,2,3,3,8,133.11
9245,Social Media,2025-06-07,,True,False,0,0,0,8,0.0
9246,Paid Ads,2025-06-29,,True,False,0,0,0,12,0.0
9247,Paid Ads,2025-01-08,2025-01-11,True,False,3,3,3,12,155.57
9248,Paid Ads,2025-01-13,,False,True,0,0,0,12,0.0
9249,Referrals,2025-01-16,2025-01-21,False,True,6,13,17,4,1544.99
9250,Paid Ads,2025-01-21,,False,True,0,0,0,12,0.0
9251,Referrals,2025-04-27,2025-05-08,True,False,3,4,4,4,293.44
9252,Social Media,2025-02-09,,True,False,0,0,0,8,0.0
9253,Referrals,2025-03-11,2025-03-24,True,False,1,1,1,4,109.69
9254,Referrals,2025-06-07,2025-06-16,False,True,5,11,12,4,1074.73
9255,Referrals,2025-03-14,2025-03-25,False,True,4,7,8,4,811.98
9256,Organic Search,2025-04-19,2025-04-28,True,False,2,3,3,6,209.14
9257,Organic Search,2025-03-29,2025-04-08,False,True,1,6,10,6,757.1
9258,Referrals,2025-05-27,,False,True,0,0,0,4,0.0
9259,Referrals,2025-05-06,,False,True,0,0,0,4,0.0
9260,Social Media,2025-06-01,2025-06-12,True,False,2,2,2,8,70.84
9261,Referrals,2025-05-20,2025-05-26,False,True,7,13,18,4,1073.92
9262,Referrals,2025-01-14,,True,False,0,0,0,4,0.0
9263,Social Media,2025-03-26,2025-04-04,True,False,3,4,4,8,138.85
9264,Social Media,2025-01-22,2025-02-03,True,False,3,3,3,8,72.14
9265,Referrals,2025-03-22,2025-03-29,False,True,7,11,16,4,1420.11
9266,Referrals,2025-01-20,2025-01-27,False,True,2,3,9,4,1081.04
9267,Organic Search,2025-01-07,2025-01-11,False,True,1,4,10,6,902.54
9268,Paid Ads,2025-05-29,,True,False,0,0,0,12,0.0
9269,Organic Search,2025-01-23,,False,True,0,0,0,6,0.0
9270,Social Media,2025-05-22,,True,False,0,0,0,8,0.0
9271,Organic Search,2025-04-22,2025-04-27,False,True,3,8,14,6,984.22
9272,Paid Ads,2025-06-27,,False,True,0,0,0,12,0.0
9273,Social Media,2025-05-10,,True,False,0,0,0,8,0.0
9274,Paid Ads,2025-04-28,,True,False,0,0,0,12,0.0
9275,Social Media,2025-01-03,,True,False,0,0,0,8,0.0
9276,Referrals,2025-06-03,,True,False,0,0,0,4,0.0
9277,Referrals,2025-01-16,2025-01-23,False,True,4,5,7,4,713.4
9278,Social Media,2025-01-31,,True,False,0,0,0,8,0.0
9279,Social Media,2025-02-04,,True,False,0,0,0,8,0.0
9280,Paid Ads,2025-02-21,2025-02-25,False,True,3,5,12,12,615.19
9281,Referrals,2025-06-27,2025-07-02,False,True,1,3,6,4,526.73
9282,Organic Search,2025-06-12,,True,False,0,0,0,6,0.0
9283,Social Media,2025-01-19,,False,True,0,0,0,8,0.0
9284,Social Media,2025-03-18,,True,False,0,0,0,8,0.0
9285,Referrals,2025-05-14,,False,True,0,0,0,4,0.0
9286,Social Media,2025-05-30,,False,True,0,0,0,8,0.0
9287,Social Media,2025-01-25,,False,True,0,0,0,8,0.0
9288,Referrals,2025-06-18,,False,True,0,0,0,4,0.0
9289,Paid Ads,2025-05-16,2025-05-20,True,False,3,3,3,12,179.54
9290,Social Media,2025-06-14,,True,False,0,0,0,8,0.0
9291,Paid Ads,2025-01-28,,False,True,0,0,0,12,0.0
9292,Organic Search,2025-01-08,2025-01-18,False,True,6,10,14,6,650.46
9293,Paid Ads,2025-06-01,2025-06-03,True,False,2,3,3,12,118.97
9294,Paid Ads,2025-05-17,,False,True,0,0,0,12,0.0
9295,Referrals,2025-01-30,2025-02-06,False,True,4,11,14,4,984.38
9296,Organic Search,2025-02-01,2025-02-03,False,True,6,11,13,6,767.9
9297,Paid Ads,2025-01-24,,False,True,0,0,0,12,0.0
9298,Paid Ads,2025-06-10,2025-06-22,True,False,2,2,2,12,103.53
9299,Social Media,2025-04-19,,True,False,0,0,0,8,0.0
9300,Referrals,2025-01-25,,False,True,0,0,0,4,0.0
9301,Referrals,2025-05-14,,False,True,0,0,0,4,0.0
9302,Organic Search,2025-06-14,,False,True,0,0,0,6,0.0
9303,Paid Ads,2025-05-26,2025-06-01,False,True,5,7,14,12,515.08
9304,Paid Ads,2025-01-25,2025-02-03,True,False,2,3,3,12,111.51
9305,Referrals,2025-06-02,,False,True,0,0,0,4,0.0
9306,Organic Search,2025-01-08,,True,False,0,0,0,6,0.0
9307,Social Media,2025-01-15,,False,True,0,0,0,8,0.0
9308,Referrals,2025-02-05,2025-02-17,False,True,1,4,11,4,809.29
9309,Paid Ads,2025-03-20,2025-03-22,True,False,2,2,2,12,102.46
9310,Social Media,2025-05-29,,False,True,0,0,0,8,0.0
9311,Referrals,2025-05-06,2025-05-12,True,False,2,3,3,4,178.0
9312,Referrals,2025-03-22,2025-03-29,False,True,6,10,11,4,985.99
9313,Social Media,2025-01-19,,True,False,0,0,0,8,0.0
9314,Referrals,2025-04-11,2025-04-15,False,True,6,7,9,4,938.68
9315,Social Media,2025-06-01,,False,True,0,0,0,8,0.0
9316,Organic Search,2025-06-12,2025-06-25,True,False,1,1,1,6,54.45
9317,Referrals,2025-03-31,2025-04-07,False,True,6,12,19,4,1049.84
9318,Referrals,2025-06-18,2025-07-01,True,False,2,2,2,4,115.69
9319,Organic Search,2025-05-26,2025-06-04,True,False,2,2,2,6,119.7
9320,Paid Ads,2025-06-25,,True,False,0,0,0,12,0.0
9321,Paid Ads,2025-05-11,2025-05-18,False,True,4,8,10,12,416.95
9322,Referrals,2025-06-15,,False,True,0,0,0,4,0.0
9323,Paid Ads,2025-05-09,,True,False,0,0,0,12,0.0
9324,Paid Ads,2025-04-17,,True,False,0,0,0,12,0.0
9325,Referrals,2025-02-27,,False,True,0,0,0,4,0.0
9326,Organic Search,2025-06-18,,False,True,0,0,0,6,0.0
9327,Social Media,2025-02-02,,True,False,0,0,0,8,0.0
9328,Paid Ads,2025-03-23,,False,True,0,0,0,12,0.0
9329,Paid Ads,2025-03-28,2025-04-07,True,False,3,3,3,12,146.52
9330,Referrals,2025-03-12,2025-03-21,False,True,2,5,6,4,765.71
9331,Paid Ads,2025-04-24,,True,False,0,0,0,12,0.0
9332,Social Media,2025-05-02,,True,False,0,0,0,8,0.0
9333,Paid Ads,2025-04-03,,False,True,0,0,0,12,0.0
9334,Paid Ads,2025-06-17,2025-06-22,True,False,1,2,2,12,112.79
9335,Social Media,2025-04-07,,True,False,0,0,0,8,0.0
9336,Paid Ads,2025-01-13,,False,True,0,0,0,12,0.0
9337,Social Media,2025-04-01,2025-04-09,True,False,3,4,4,8,50.97
9338,Social Media,2025-04-17,2025-05-01,True,False,1,2,2,8,80.26
9339,Paid Ads,2025-06-28,,False,True,0,0,0,12,0.0
9340,Paid Ads,2025-01-04,,True,False,0,0,0,12,0.0
9341,Paid Ads,2025-02-20,2025-02-28,True,False,3,4,4,12,138.67
9342,Paid Ads,2025-01-25,,True,False,0,0,0,12,0.0
9343,Referrals,2025-06-26,2025-07-05,True,False,1,2,2,4,188.73
9344,Paid Ads,2025-02-27,,True,False,0,0,0,12,0.0
9345,Organic Search,2025-03-12,2025-03-21,False,True,4,6,9,6,633.06
9346,Referrals,2025-06-24,,False,True,0,0,0,4,0.0
9347,Paid Ads,2025-01-04,,True,False,0,0,0,12,0.0
9348,Organic Search,2025-02-28,,False,True,0,0,0,6,0.0
9349,Social Media,2025-05-12,,False,True,0,0,0,8,0.0
9350,Organic Search,2025-04-22,,False,True,0,0,0,6,0.0
9351,Social Media,2025-03-31,,True,False,0,0,0,8,0.0
9352,Referrals,2025-03-08,2025-03-16,False,True,6,13,17,4,1870.94
9353,Paid Ads,2025-05-20,,False,True,0,0,0,12,0.0
9354,Referrals,2025-04-21,2025-05-03,False,True,7,8,15,4,1446.05
9355,Social Media,2025-01-10,,True,False,0,0,0,8,0.0
9356,Paid Ads,2025-06-09,,False,True,0,0,0,12,0.0
9357,Social Media,2025-01-23,,True,False,0,0,0,8,0.0
9358,Social Media,2025-01-19,,True,False,0,0,0,8,0.0
9359,Referrals,2025-01-13,2025-01-16,False,True,7,12,19,4,2264.75
9360,Referrals,2025-05-18,2025-05-22,False,True,2,9,11,4,933.33
9361,Paid Ads,2025-04-24,2025-05-07,True,False,3,3,3,12,112.72
9362,Paid Ads,2025-06-06,,True,False,0,0,0,12,0.0
9363,Organic Search,2025-06-14,2025-06-22,False,True,5,10,14,6,1214.8
9364,Social Media,2025-03-30,,False,True,0,0,0,8,0.0
9365,Paid Ads,2025-03-26,,False,True,0,0,0,12,0.0
9366,Organic Search,2025-02-27,2025-03-13,False,True,5,11,13,6,761.28
9367,Organic Search,2025-02-27,2025-03-07,True,False,2,2,2,6,127.01
9368,Referrals,2025-02-18,,False,True,0,0,0,4,0.0
9369,Social Media,2025-02-20,,True,False,0,0,0,8,0.0
9370,Paid Ads,2025-01-03,,True,False,0,0,0,12,0.0
9371,Paid Ads,2025-02-20,2025-02-26,True,False,1,2,2,12,71.68
9372,Paid Ads,2025-01-21,,True,False,0,0,0,12,0.0
9373,Paid Ads,2025-05-03,,False,True,0,0,0,12,0.0
9374,Paid Ads,2025-04-17,,True,False,0,0,0,12,0.0
9375,Referrals,2025-02-26,2025-03-05,True,False,1,2,2,4,153.22
9376,Organic Search,2025-06-21,2025-07-01,False,True,3,5,7,6,549.91
9377,Social Media,2025-03-13,,True,False,0,0,0,8,0.0
9378,Referrals,2025-04-22,2025-05-03,False,True,4,7,14,4,1019.59
9379,Referrals,2025-02-19,2025-02-27,False,True,5,7,14,4,1642.71
9380,Referrals,2025-06-10,2025-06-21,True,False,3,4,4,4,347.98
9381,Social Media,2025-03-03,2025-03-07,True,False,1,1,1,8,48.07
9382,Paid Ads,2025-03-25,,True,False,0,0,0,12,0.0
9383,Referrals,2025-04-22,2025-04-28,False,True,1,8,9,4,1114.09
9384,Paid Ads,2025-04-13,2025-04-20,False,True,3,6,8,12,292.53
9385,Referrals,2025-06-03,2025-06-17,False,True,4,9,10,4,789.01
9386,Paid Ads,2025-06-07,,True,False,0,0,0,12,0.0
9387,Paid Ads,2025-01-02,2025-01-14,False,True,4,11,18,12,799.52
9388,Social Media,2025-05-19,2025-05-25,True,False,1,1,1,8,37.33
9389,Organic Search,2025-02-26,2025-02-28,False,True,5,11,14,6,1073.08
9390,Social Media,2025-02-08,2025-02-14,True,False,1,2,2,8,76.82
9391,Social Media,2025-02-22,2025-02-28,True,False,3,4,4,8,134.05
9392,Organic Search,2025-05-29,2025-06-07,False,True,4,9,11,6,730.19
9393,Paid Ads,2025-04-05,,True,False,0,0,0,12,0.0
9394,Referrals,2025-01-16,2025-01-25,False,True,6,8,10,4,913.76
9395,Referrals,2025-06-02,2025-06-10,False,True,5,9,10,4,1017.22
9396,Social Media,2025-06-26,,False,True,0,0,0,8,0.0
9397,Paid Ads,2025-02-21,,True,False,0,0,0,12,0.0
9398,Paid Ads,2025-03-07,2025-03-11,True,False,3,4,4,12,213.67
9399,Paid Ads,2025-03-03,2025-03-07,True,False,2,3,3,12,120.41
9400,Referrals,2025-03-22,2025-04-02,False,True,5,7,12,4,1190.46
9401,Organic Search,2025-02-22,,True,False,0,0,0,6,0.0
9402,Organic Search,2025-01-01,2025-01-02,False,True,1,3,4,6,241.28
9403,Organic Search,2025-02-16,2025-02-17,True,False,1,1,1,6,72.01
9404,Paid Ads,2025-05-07,,False,True,0,0,0,12,0.0
9405,Referrals,2025-01-21,2025-01-25,False,True,7,9,11,4,1147.9
9406,Social Media,2025-06-20,2025-06-24,True,False,2,3,3,8,113.2
9407,Paid Ads,2025-02-20,,True,False,0,0,0,12,0.0
9408,Paid Ads,2025-03-12,2025-03-16,True,False,2,2,2,12,96.5
9409,Paid Ads,2025-05-11,,False,True,0,0,0,12,0.0
9410,Organic Search,2025-04-19,2025-05-02,True,False,1,2,2,6,77.43
9411,Organic Search,2025-05-21,2025-05-27,False,True,7,9,13,6,910.49
9412,Organic Search,2025-05-25,2025-06-03,True,False,1,1,1,6,77.46
9413,Referrals,2025-03-22,,True,False,0,0,0,4,0.0
9414,Paid Ads,2025-05-31,,False,True,0,0,0,12,0.0
9415,Organic Search,2025-05-05,2025-05-08,False,True,4,7,8,6,633.14
9416,Social Media,2025-04-29,,True,False,0,0,0,8,0.0
9417,Paid Ads,2025-02-24,,True,False,0,0,0,12,0.0
9418,Referrals,2025-03-18,2025-03-20,True,False,3,4,4,4,525.99
9419,Organic Search,2025-02-24,2025-03-05,True,False,2,3,3,6,157.06
9420,Paid Ads,2025-05-13,2025-05-25,True,False,3,4,4,12,195.03
9421,Social Media,2025-05-28,2025-06-03,False,True,6,12,17,8,675.44
9422,Organic Search,2025-02-25,,False,True,0,0,0,6,0.0
9423,Organic Search,2025-04-23,,False,True,0,0,0,6,0.0
9424,Paid Ads,2025-02-06,,True,False,0,0,0,12,0.0
9425,Paid Ads,2025-03-01,,False,True,0,0,0,12,0.0
9426,Paid Ads,2025-02-15,2025-02-24,True,False,3,3,3,12,134.03
9427,Social Media,2025-05-30,,True,False,0,0,0,8,0.0
9428,Organic Search,2025-03-20,,True,False,0,0,0,6,0.0
9429,Social Media,2025-03-22,,True,False,0,0,0,8,0.0
9430,Referrals,2025-01-13,2025-01-27,True,False,2,2,2,4,217.25
9431,Organic Search,2025-04-11,2025-04-24,False,True,6,7,9,6,909.17
9432,Social Media,2025-05-13,2025-05-24,True,False,1,1,1,8,29.04
9433,Organic Search,2025-02-25,2025-03-11,False,True,4,7,14,6,755.45
9434,Social Media,2025-01-10,2025-01-12,True,False,1,1,1,8,25.7
9435,Paid Ads,2025-05-02,,True,False,0,0,0,12,0.0
9436,Paid Ads,2025-05-10,,True,False,0,0,0,12,0.0
9437,Paid Ads,2025-03-27,2025-03-28,False,True,2,5,10,12,401.96
9438,Organic Search,2025-04-25,,False,True,0,0,0,6,0.0
9439,Paid Ads,2025-03-21,2025-03-25,True,False,3,4,4,12,130.31
9440,Organic Search,2025-04-25,2025-05-09,False,True,3,5,7,6,538.32
9441,Social Media,2025-01-06,,True,False,0,0,0,8,0.0
9442,Referrals,2025-03-29,2025-04-06,False,True,5,6,9,4,1137.28
9443,Organic Search,2025-03-27,2025-04-06,False,True,3,5,10,6,588.62
9444,Social Media,2025-01-02,,True,False,0,0,0,8,0.0
9445,Social Media,2025-04-16,,True,False,0,0,0,8,0.0
9446,Paid Ads,2025-03-28,2025-04-01,True,False,2,3,3,12,162.75
9447,Paid Ads,2025-03-09,,True,False,0,0,0,12,0.0
9448,Organic Search,2025-05-14,2025-05-20,False,True,7,10,14,6,904.9
9449,Social Media,2025-04-12,,True,False,0,0,0,8,0.0
9450,Social Media,2025-06-07,,True,False,0,0,0,8,0.0
9451,Social Media,2025-03-29,2025-04-08,True,False,3,3,3,8,104.64
9452,Paid Ads,2025-04-08,,False,True,0,0,0,12,0.0
9453,Paid Ads,2025-03-07,,False,True,0,0,0,12,0.0
9454,Paid Ads,2025-02-17,2025-02-26,False,True,1,4,10,12,340.58
9455,Referrals,2025-01-15,,False,True,0,0,0,4,0.0
9456,Social Media,2025-02-03,,True,False,0,0,0,8,0.0
9457,Social Media,2025-03-06,2025-03-16,True,False,2,3,3,8,110.57
9458,Paid Ads,2025-04-10,2025-04-14,False,True,3,6,13,12,486.15
9459,Referrals,2025-02-20,2025-02-28,False,True,2,5,10,4,1115.01
9460,Social Media,2025-01-29,,True,False,0,0,0,8,0.0
9461,Referrals,2025-03-20,2025-03-31,True,False,2,2,2,4,218.24
9462,Organic Search,2025-03-20,2025-03-30,True,False,2,2,2,6,167.65
9463,Paid Ads,2025-06-01,,True,False,0,0,0,12,0.0
9464,Paid Ads,2025-03-03,,False,True,0,0,0,12,0.0
9465,Referrals,2025-04-11,,False,True,0,0,0,4,0.0
9466,Paid Ads,2025-03-13,,True,False,0,0,0,12,0.0
9467,Referrals,2025-02-08,2025-02-21,False,True,4,10,15,4,1669.0
9468,Referrals,2025-01-21,2025-01-25,False,True,2,8,9,4,723.79
9469,Paid Ads,2025-04-10,2025-04-16,True,False,3,4,4,12,201.53
9470,Paid Ads,2025-01-08,,True,False,0,0,0,12,0.0
9471,Paid Ads,2025-05-24,,True,False,0,0,0,12,0.0
9472,Social Media,2025-06-21,,True,False,0,0,0,8,0.0
9473,Referrals,2025-01-14,2025-01-22,False,True,2,7,11,4,1171.05
9474,Paid Ads,2025-03-23,,True,False,0,0,0,12,0.0
9475,Social Media,2025-05-15,,False,True,0,0,0,8,0.0
9476,Organic Search,2025-01-12,,True,False,0,0,0,6,0.0
9477,Paid Ads,2025-06-04,2025-06-08,True,False,2,2,2,12,97.19
9478,Paid Ads,2025-03-06,,True,False,0,0,0,12,0.0
9479,Paid Ads,2025-04-09,,False,True,0,0,0,12,0.0
9480,Organic Search,2025-03-02,,True,False,0,0,0,6,0.0
9481,Paid Ads,2025-05-07,,True,False,0,0,0,12,0.0
9482,Referrals,2025-03-25,2025-04-08,False,True,4,5,6,4,805.33
9483,Referrals,2025-06-01,2025-06-14,True,False,3,3,3,4,371.05
9484,Social Media,2025-01-26,,False,True,0,0,0,8,0.0
9485,Organic Search,2025-05-02,,False,True,0,0,0,6,0.0
9486,Paid Ads,2025-01-25,,True,False,0,0,0,12,0.0
9487,Paid Ads,2025-05-23,,False,True,0,0,0,12,0.0
9488,Referrals,2025-04-12,2025-04-13,False,True,2,4,10,4,829.95
9489,Referrals,2025-06-16,,True,False,0,0,0,4,0.0
9490,Social Media,2025-06-22,,True,False,0,0,0,8,0.0
9491,Organic Search,2025-01-18,2025-01-30,True,False,1,1,1,6,74.73
9492,Referrals,2025-06-19,2025-06-29,False,True,5,7,11,4,1108.93
9493,Paid Ads,2025-04-26,,True,False,0,0,0,12,0.0
9494,Social Media,2025-04-29,,False,True,0,0,0,8,0.0
9495,Organic Search,2025-06-08,2025-06-16,True,False,3,4,4,6,241.2
9496,Organic Search,2025-05-17,,False,True,0,0,0,6,0.0
9497,Paid Ads,2025-01-16,,True,False,0,0,0,12,0.0
9498,Paid Ads,2025-03-21,,False,True,0,0,0,12,0.0
9499,Referrals,2025-04-22,,False,True,0,0,0,4,0.0
9500,Social Media,2025-05-22,,False,True,0,0,0,8,0.0
9501,Referrals,2025-03-20,2025-03-28,True,False,3,4,4,4,377.21
9502,Paid Ads,2025-06-28,2025-07-09,True,False,2,2,2,12,48.45
9503,Referrals,2025-02-08,2025-02-21,False,True,2,8,13,4,1510.47
9504,Paid Ads,2025-05-11,,True,False,0,0,0,12,0.0
9505,Referrals,2025-01-29,2025-02-03,False,True,1,4,8,4,682.74
9506,Paid Ads,2025-03-16,,False,True,0,0,0,12,0.0
9507,Social Media,2025-04-12,,False,True,0,0,0,8,0.0
9508,Social Media,2025-06-01,,True,False,0,0,0,8,0.0
9509,Social Media,2025-02-13,,False,True,0,0,0,8,0.0
9510,Referrals,2025-03-14,,False,True,0,0,0,4,0.0
9511,Referrals,2025-05-12,2025-05-16,False,True,6,12,17,4,1467.84
9512,Referrals,2025-06-02,2025-06-05,False,True,5,6,11,4,1154.93
9513,Referrals,2025-04-29,2025-05-04,True,False,2,2,2,4,181.41
9514,Referrals,2025-02-09,2025-02-10,False,True,4,10,12,4,1138.81
9515,Paid Ads,2025-06-18,,False,True,0,0,0,12,0.0
9516,Referrals,2025-04-29,2025-05-07,False,True,6,7,13,4,1200.91
9517,Organic Search,2025-06-24,2025-07-05,True,False,2,2,2,6,125.84
9518,Social Media,2025-03-05,,True,False,0,0,0,8,0.0
9519,Paid Ads,2025-04-04,,True,False,0,0,0,12,0.0
9520,Organic Search,2025-05-07,,False,True,0,0,0,6,0.0
9521,Paid Ads,2025-06-02,,True,False,0,0,0,12,0.0
9522,Organic Search,2025-03-22,2025-03-29,False,True,6,12,16,6,898.84
9523,Referrals,2025-04-16,2025-04-30,True,False,1,1,1,4,95.7
9524,Referrals,2025-03-28,2025-04-03,False,True,4,6,7,4,601.16
9525,Paid Ads,2025-03-29,2025-04-07,True,False,1,1,1,12,44.89
9526,Organic Search,2025-04-15,2025-04-28,False,True,4,11,16,6,1326.85
9527,Paid Ads,2025-02-19,,True,False,0,0,0,12,0.0
9528,Social Media,2025-03-31,,True,False,0,0,0,8,0.0
9529,Referrals,2025-02-10,2025-02-15,False,True,5,12,19,4,2375.85
9530,Organic Search,2025-01-05,2025-01-07,True,False,1,1,1,6,64.78
9531,Social Media,2025-02-28,,False,True,0,0,0,8,0.0
9532,Organic Search,2025-06-01,2025-06-06,True,False,2,3,3,6,154.97
9533,Referrals,2025-03-29,2025-04-06,False,True,1,3,8,4,698.5
9534,Organic Search,2025-01-11,2025-01-12,False,True,1,2,5,6,300.12
9535,Paid Ads,2025-04-02,,True,False,0,0,0,12,0.0
9536,Paid Ads,2025-04-11,,True,False,0,0,0,12,0.0
9537,Paid Ads,2025-01-03,,True,False,0,0,0,12,0.0
9538,Organic Search,2025-04-11,2025-04-23,False,True,1,7,12,6,922.84
9539,Organic Search,2025-02-19,,False,True,0,0,0,6,0.0
9540,Referrals,2025-02-15,,False,True,0,0,0,4,0.0
9541,Social Media,2025-03-23,,True,False,0,0,0,8,0.0
9542,Referrals,2025-01-27,2025-01-29,False,True,5,11,17,4,1719.43
9543,Paid Ads,2025-05-01,,True,False,0,0,0,12,0.0
9544,Organic Search,2025-04-15,,False,True,0,0,0,6,0.0
9545,Paid Ads,2025-01-15,,True,False,0,0,0,12,0.0
9546,Paid Ads,2025-06-20,,True,False,0,0,0,12,0.0
9547,Referrals,2025-04-27,2025-05-11,False,True,7,10,13,4,1468.8
9548,Paid Ads,2025-03-10,2025-03-15,True,False,2,3,3,12,141.5
9549,Social Media,2025-05-06,,False,True,0,0,0,8,0.0
9550,Paid Ads,2025-03-27,,True,False,0,0,0,12,0.0
9551,Organic Search,2025-01-15,,False,True,0,0,0,6,0.0
9552,Social Media,2025-01-10,2025-01-22,False,True,6,13,16,8,513.65
9553,Referrals,2025-05-17,2025-05-26,False,True,4,5,7,4,894.67
9554,Paid Ads,2025-01-07,,True,False,0,0,0,12,0.0
9555,Paid Ads,2025-04-29,2025-05-08,True,False,3,3,3,12,108.64
9556,Organic Search,2025-06-09,,False,True,0,0,0,6,0.0
9557,Referrals,2025-05-16,,False,True,0,0,0,4,0.0
9558,Paid Ads,2025-01-12,,True,False,0,0,0,12,0.0
9559,Paid Ads,2025-03-05,2025-03-16,True,False,1,2,2,12,83.36
9560,Referrals,2025-06-22,2025-07-02,True,False,3,3,3,4,282.13
9561,Paid Ads,2025-03-29,,False,True,0,0,0,12,0.0
9562,Referrals,2025-03-04,2025-03-13,True,False,2,3,3,4,294.5
9563,Referrals,2025-05-28,2025-06-08,True,False,2,2,2,4,204.42
9564,Paid Ads,2025-06-08,2025-06-17,True,False,2,2,2,12,102.6
9565,Referrals,2025-02-05,2025-02-14,False,True,5,7,9,4,863.71
9566,Social Media,2025-04-05,,True,False,0,0,0,8,0.0
9567,Social Media,2025-01-06,2025-01-16,False,True,4,8,12,8,557.41
9568,Organic Search,2025-04-22,,True,False,0,0,0,6,0.0
9569,Social Media,2025-03-22,2025-03-31,True,False,2,2,2,8,88.75
9570,Organic Search,2025-05-03,2025-05-09,True,False,2,3,3,6,297.37
9571,Referrals,2025-05-22,2025-06-05,False,True,1,6,9,4,706.44
9572,Paid Ads,2025-02-12,,False,True,0,0,0,12,0.0
9573,Referrals,2025-03-27,2025-03-30,False,True,5,8,10,4,979.39
9574,Social Media,2025-01-24,,False,True,0,0,0,8,0.0
9575,Paid Ads,2025-06-20,,True,False,0,0,0,12,0.0
9576,Paid Ads,2025-06-02,2025-06-16,False,True,7,11,12,12,527.45
9577,Referrals,2025-04-13,2025-04-22,False,True,2,6,7,4,817.49
9578,Paid Ads,2025-03-26,,True,False,0,0,0,12,0.0
9579,Social Media,2025-01-11,2025-01-21,True,False,3,3,3,8,101.73
9580,Referrals,2025-03-14,2025-03-26,True,False,3,4,4,4,274.88
9581,Paid Ads,2025-04-24,,True,False,0,0,0,12,0.0
9582,Social Media,2025-06-07,,False,True,0,0,0,8,0.0
9583,Paid Ads,2025-03-29,2025-04-05,False,True,3,6,9,12,290.09
9584,Paid Ads,2025-02-15,2025-02-24,True,False,1,2,2,12,100.87
9585,Organic Search,2025-04-19,2025-04-21,False,True,4,7,14,6,1119.42
9586,Social Media,2025-06-01,2025-06-11,True,False,3,4,4,8,234.76
9587,Referrals,2025-01-02,2025-01-15,True,False,3,3,3,4,154.36
9588,Organic Search,2025-06-03,2025-06-10,False,True,2,5,7,6,466.78
9589,Organic Search,2025-05-18,2025-05-24,False,True,6,11,17,6,1249.06
9590,Paid Ads,2025-05-06,,True,False,0,0,0,12,0.0
9591,Organic Search,2025-05-20,,False,True,0,0,0,6,0.0
9592,Organic Search,2025-06-01,,False,True,0,0,0,6,0.0
9593,Paid Ads,2025-01-19,,True,False,0,0,0,12,0.0
9594,Paid Ads,2025-03-05,,False,True,0,0,0,12,0.0
9595,Social Media,2025-04-06,,True,False,0,0,0,8,0.0
9596,Paid Ads,2025-06-16,2025-06-17,True,False,1,2,2,12,82.59
9597,Social Media,2025-06-06,,True,False,0,0,0,8,0.0
9598,Referrals,2025-05-18,,False,True,0,0,0,4,0.0
9599,Paid Ads,2025-05-04,2025-05-16,True,False,3,3,3,12,94.55
9600,Organic Search,2025-04-06,2025-04-09,False,True,3,9,16,6,1338.35
9601,Paid Ads,2025-02-01,2025-02-04,False,True,3,4,5,12,205.9
9602,Referrals,2025-06-20,2025-06-28,False,True,4,7,13,4,1319.59
9603,Paid Ads,2025-02-21,,False,True,0,0,0,12,0.0
9604,Referrals,2025-03-25,2025-04-06,False,True,5,10,13,4,1004.96
9605,Organic Search,2025-06-09,2025-06-13,False,True,7,12,14,6,1161.63
9606,Paid Ads,2025-04-28,2025-05-03,False,True,1,2,7,12,414.43
9607,Referrals,2025-05-31,2025-06-09,True,False,1,2,2,4,261.25
9608,Social Media,2025-03-10,,True,False,0,0,0,8,0.0
9609,Social Media,2025-01-07,,True,False,0,0,0,8,0.0
9610,Organic Search,2025-06-03,2025-06-04,True,False,3,3,3,6,196.99
9611,Social Media,2025-04-07,,False,True,0,0,0,8,0.0
9612,Referrals,2025-01-15,2025-01-24,True,False,1,2,2,4,260.44
9613,Paid Ads,2025-05-21,2025-05-29,True,False,3,4,4,12,172.55
9614,Paid Ads,2025-03-31,,True,False,0,0,0,12,0.0
9615,Paid Ads,2025-06-24,2025-06-29,True,False,2,2,2,12,102.87
9616,Referrals,2025-02-28,,False,True,0,0,0,4,0.0
9617,Paid Ads,2025-01-28,,False,True,0,0,0,12,0.0
9618,Referrals,2025-05-20,2025-05-28,False,True,4,11,18,4,1737.87
9619,Referrals,2025-04-12,,False,True,0,0,0,4,0.0
9620,Organic Search,2025-03-19,2025-04-01,True,False,1,1,1,6,69.7
9621,Social Media,2025-02-08,2025-02-09,True,False,3,4,4,8,194.94
9622,Paid Ads,2025-04-12,,False,True,0,0,0,12,0.0
9623,Social Media,2025-03-08,,False,True,0,0,0,8,0.0
9624,Paid Ads,2025-02-17,2025-02-21,True,False,3,3,3,12,152.01
9625,Paid Ads,2025-01-22,,True,False,0,0,0,12,0.0
9626,Referrals,2025-03-09,,True,False,0,0,0,4,0.0
9627,Referrals,2025-06-27,,True,False,0,0,0,4,0.0
9628,Paid Ads,2025-01-13,2025-01-19,True,False,1,2,2,12,76.31
9629,Referrals,2025-03-13,2025-03-26,False,True,6,11,16,4,1412.59
9630,Organic Search,2025-01-03,2025-01-15,False,True,7,14,15,6,591.71
9631,Organic Search,2025-04-21,2025-05-03,False,True,3,6,11,6,613.5
9632,Social Media,2025-01-31,,True,False,0,0,0,8,0.0
9633,Paid Ads,2025-06-05,,True,False,0,0,0,12,0.0
9634,Paid Ads,2025-03-31,2025-04-09,True,False,2,2,2,12,121.17
9635,Social Media,2025-02-20,,True,False,0,0,0,8,0.0
9636,Organic Search,2025-02-06,2025-02-16,True,False,1,1,1,6,64.39
9637,Organic Search,2025-05-30,,False,True,0,0,0,6,0.0
9638,Organic Search,2025-04-04,2025-04-06,False,True,7,10,15,6,969.77
9639,Paid Ads,2025-01-07,,True,False,0,0,0,12,0.0
9640,Organic Search,2025-03-04,,True,False,0,0,0,6,0.0
9641,Organic Search,2025-05-04,,True,False,0,0,0,6,0.0
9642,Social Media,2025-04-26,,True,False,0,0,0,8,0.0
9643,Social Media,2025-04-09,,True,False,0,0,0,8,0.0
9644,Social Media,2025-03-27,2025-04-10,True,False,3,3,3,8,116.72
9645,Paid Ads,2025-06-24,,True,False,0,0,0,12,0.0
9646,Referrals,2025-05-02,2025-05-12,False,True,3,9,11,4,1128.77
9647,Referrals,2025-05-18,2025-05-23,False,True,1,3,5,4,484.44
9648,Referrals,2025-06-15,,False,True,0,0,0,4,0.0
9649,Paid Ads,2025-02-01,,False,True,0,0,0,12,0.0
9650,Social Media,2025-03-20,2025-04-01,True,False,1,1,1,8,53.46
9651,Paid Ads,2025-02-14,,False,True,0,0,0,12,0.0
9652,Organic Search,2025-04-15,2025-04-18,False,True,4,6,13,6,1009.13
9653,Social Media,2025-02-18,,True,False,0,0,0,8,0.0
9654,Paid Ads,2025-03-24,,True,False,0,0,0,12,0.0
9655,Organic Search,2025-01-17,2025-01-30,False,True,7,8,12,6,747.26
9656,Paid Ads,2025-03-03,2025-03-14,True,False,2,2,2,12,87.37
9657,Organic Search,2025-01-13,,True,False,0,0,0,6,0.0
9658,Social Media,2025-04-14,,True,False,0,0,0,8,0.0
9659,Referrals,2025-04-15,2025-04-24,True,False,1,1,1,4,87.47
9660,Referrals,2025-01-28,2025-02-02,False,True,4,5,8,4,694.1
9661,Organic Search,2025-03-18,2025-03-23,False,True,5,9,10,6,620.49
9662,Organic Search,2025-05-06,2025-05-19,False,True,2,7,9,6,657.56
9663,Social Media,2025-01-02,,True,False,0,0,0,8,0.0
9664,Paid Ads,2025-04-14,,False,True,0,0,0,12,0.0
9665,Paid Ads,2025-06-29,,True,False,0,0,0,12,0.0
9666,Social Media,2025-05-27,,False,True,0,0,0,8,0.0
9667,Referrals,2025-06-27,,False,True,0,0,0,4,0.0
9668,Organic Search,2025-03-10,,False,True,0,0,0,6,0.0
9669,Paid Ads,2025-02-28,2025-03-04,True,False,2,3,3,12,209.73
9670,Referrals,2025-01-04,2025-01-05,False,True,3,8,13,4,1130.76
9671,Paid Ads,2025-01-23,2025-02-02,False,True,1,7,11,12,495.32
9672,Referrals,2025-04-17,2025-05-01,False,True,2,7,12,4,1389.36
9673,Paid Ads,2025-04-16,,False,True,0,0,0,12,0.0
9674,Referrals,2025-01-06,2025-01-14,False,True,3,8,10,4,1065.61
9675,Paid Ads,2025-04-06,,False,True,0,0,0,12,0.0
9676,Paid Ads,2025-01-21,2025-01-24,True,False,2,2,2,12,108.13
9677,Paid Ads,2025-01-11,2025-01-21,True,False,3,4,4,12,229.88
9678,Paid Ads,2025-06-22,2025-07-01,True,False,1,1,1,12,53.91
9679,Paid Ads,2025-03-08,,False,True,0,0,0,12,0.0
9680,Organic Search,2025-02-02,2025-02-03,False,True,2,7,11,6,667.38
9681,Referrals,2025-05-14,2025-05-16,True,False,1,1,1,4,72.19
9682,Social Media,2025-06-06,2025-06-18,False,True,7,14,20,8,808.25
9683,Organic Search,2025-02-09,2025-02-20,True,False,2,3,3,6,246.26
9684,Organic Search,2025-05-01,,False,True,0,0,0,6,0.0
9685,Referrals,2025-06-09,2025-06-18,False,True,4,5,11,4,1093.7
9686,Organic Search,2025-05-08,2025-05-17,True,False,1,1,1,6,86.45
9687,Social Media,2025-03-14,,True,False,0,0,0,8,0.0
9688,Paid Ads,2025-03-26,,True,False,0,0,0,12,0.0
9689,Paid Ads,2025-05-09,,False,True,0,0,0,12,0.0
9690,Referrals,2025-05-13,2025-05-15,False,True,1,8,11,4,1096.77
9691,Referrals,2025-06-11,2025-06-19,False,True,5,6,10,4,1086.98
9692,Organic Search,2025-05-18,,False,True,0,0,0,6,0.0
9693,Referrals,2025-02-21,2025-03-07,False,True,7,10,17,4,1247.74
9694,Paid Ads,2025-02-04,,False,True,0,0,0,12,0.0
9695,Referrals,2025-05-09,2025-05-14,False,True,1,7,14,4,1688.64
9696,Referrals,2025-01-26,2025-02-08,True,False,2,2,2,4,176.04
9697,Organic Search,2025-04-15,,False,True,0,0,0,6,0.0
9698,Referrals,2025-02-12,2025-02-13,False,True,6,11,17,4,2109.43
9699,Referrals,2025-02-28,2025-03-12,True,False,3,3,3,4,128.68
9700,Social Media,2025-06-03,2025-06-16,True,False,1,2,2,8,78.0
9701,Paid Ads,2025-03-15,2025-03-18,False,True,3,6,7,12,326.57
9702,Referrals,2025-01-11,,False,True,0,0,0,4,0.0
9703,Social Media,2025-01-22,,True,False,0,0,0,8,0.0
9704,Social Media,2025-06-18,,True,False,0,0,0,8,0.0
9705,Paid Ads,2025-06-10,,True,False,0,0,0,12,0.0
9706,Paid Ads,2025-05-24,,True,False,0,0,0,12,0.0
9707,Paid Ads,2025-01-29,,True,False,0,0,0,12,0.0
9708,Social Media,2025-04-24,2025-05-03,True,False,2,2,2,8,89.21
9709,Referrals,2025-05-23,2025-05-28,True,False,3,4,4,4,257.37
9710,Organic Search,2025-06-22,2025-07-06,False,True,4,5,11,6,903.12
9711,Paid Ads,2025-04-14,2025-04-15,True,False,3,3,3,12,110.59
9712,Paid Ads,2025-06-07,2025-06-08,False,True,4,5,9,12,519.14
9713,Organic Search,2025-06-16,2025-06-24,True,False,2,3,3,6,211.73
9714,Referrals,2025-02-28,2025-03-10,False,True,6,8,10,4,884.76
9715,Organic Search,2025-02-14,,True,False,0,0,0,6,0.0
9716,Social Media,2025-05-17,,False,True,0,0,0,8,0.0
9717,Paid Ads,2025-01-26,,False,True,0,0,0,12,0.0
9718,Organic Search,2025-04-17,2025-04-30,True,False,1,2,2,6,121.65
9719,Referrals,2025-04-17,2025-05-01,False,True,6,11,12,4,894.94
9720,Social Media,2025-06-07,2025-06-21,True,False,2,2,2,8,58.17
9721,Social Media,2025-05-06,,True,False,0,0,0,8,0.0
9722,Organic Search,2025-03-06,2025-03-20,False,True,4,7,12,6,759.35
9723,Paid Ads,2025-04-13,,False,True,0,0,0,12,0.0
9724,Paid Ads,2025-05-09,,False,True,0,0,0,12,0.0
9725,Paid Ads,2025-02-14,2025-02-23,True,False,1,1,1,12,34.43
9726,Organic Search,2025-02-12,,False,True,0,0,0,6,0.0
9727,Paid Ads,2025-03-08,2025-03-15,True,False,1,2,2,12,86.03
9728,Paid Ads,2025-04-06,2025-04-16,True,False,1,1,1,12,45.67
9729,Referrals,2025-05-28,2025-05-31,False,True,1,7,13,4,1088.6
9730,Social Media,2025-05-16,2025-05-29,True,False,1,2,2,8,69.87
9731,Paid Ads,2025-06-04,2025-06-15,False,True,2,3,10,12,489.7
9732,Referrals,2025-03-09,2025-03-13,False,True,6,9,12,4,1272.91
9733,Referrals,2025-03-11,2025-03-22,False,True,4,8,12,4,926.69
9734,Social Media,2025-05-30,,False,True,0,0,0,8,0.0
9735,Social Media,2025-02-12,2025-02-22,True,False,3,4,4,8,196.84
9736,Social Media,2025-05-09,,True,False,0,0,0,8,0.0
9737,Paid Ads,2025-02-20,,True,False,0,0,0,12,0.0
9738,Referrals,2025-01-14,2025-01-15,False,True,6,13,17,4,2156.19
9739,Referrals,2025-04-30,2025-05-02,False,True,7,8,15,4,1581.51
9740,Paid Ads,2025-02-18,,False,True,0,0,0,12,0.0
9741,Referrals,2025-02-24,,False,True,0,0,0,4,0.0
9742,Paid Ads,2025-01-16,,False,True,0,0,0,12,0.0
9743,Referrals,2025-04-27,,True,False,0,0,0,4,0.0
9744,Organic Search,2025-06-07,2025-06-13,False,True,1,6,7,6,370.72
9745,Referrals,2025-02-17,2025-02-23,False,True,1,5,7,4,772.85
9746,Social Media,2025-02-11,,True,False,0,0,0,8,0.0
9747,Paid Ads,2025-06-01,2025-06-14,True,False,2,3,3,12,151.21
9748,Social Media,2025-06-01,2025-06-04,False,True,4,8,11,8,580.02
9749,Referrals,2025-03-09,2025-03-17,True,False,3,4,4,4,274.38
9750,Social Media,2025-02-22,,False,True,0,0,0,8,0.0
9751,Paid Ads,2025-03-15,2025-03-26,True,False,3,4,4,12,162.69
9752,Paid Ads,2025-01-23,,True,False,0,0,0,12,0.0
9753,Paid Ads,2025-02-10,2025-02-18,False,True,1,6,12,12,423.24
9754,Paid Ads,2025-05-17,2025-05-26,True,False,3,4,4,12,125.04
9755,Paid Ads,2025-06-27,,True,False,0,0,0,12,0.0
9756,Paid Ads,2025-01-26,2025-01-28,False,True,5,11,18,12,762.95
9757,Paid Ads,2025-03-16,2025-03-25,True,False,1,2,2,12,78.04
9758,Referrals,2025-01-27,2025-01-29,False,True,6,10,14,4,1086.31
9759,Social Media,2025-03-24,,True,False,0,0,0,8,0.0
9760,Paid Ads,2025-03-06,2025-03-09,True,False,1,2,2,12,89.67
9761,Paid Ads,2025-03-23,,False,True,0,0,0,12,0.0
9762,Referrals,2025-03-09,,True,False,0,0,0,4,0.0
9763,Referrals,2025-03-11,2025-03-20,False,True,4,11,15,4,1335.8
9764,Referrals,2025-06-04,2025-06-10,True,False,3,4,4,4,365.92
9765,Referrals,2025-03-15,2025-03-25,True,False,1,1,1,4,138.95
9766,Paid Ads,2025-01-19,,True,False,0,0,0,12,0.0
9767,Paid Ads,2025-06-17,2025-06-21,True,False,1,2,2,12,73.3
9768,Organic Search,2025-03-17,2025-03-18,False,True,2,4,7,6,381.8
9769,Paid Ads,2025-05-29,,False,True,0,0,0,12,0.0
9770,Referrals,2025-03-02,2025-03-06,False,True,5,9,10,4,1027.69
9771,Referrals,2025-02-28,2025-03-14,False,True,3,4,11,4,842.98
9772,Organic Search,2025-02-02,,True,False,0,0,0,6,0.0
9773,Referrals,2025-03-29,,False,True,0,0,0,4,0.0
9774,Social Media,2025-04-14,,True,False,0,0,0,8,0.0
9775,Social Media,2025-01-21,,True,False,0,0,0,8,0.0
9776,Organic Search,2025-05-16,,False,True,0,0,0,6,0.0
9777,Organic Search,2025-03-10,2025-03-18,False,True,2,9,11,6,778.44
9778,Referrals,2025-06-06,,False,True,0,0,0,4,0.0
9779,Organic Search,2025-03-12,,False,True,0,0,0,6,0.0
9780,Social Media,2025-01-14,,True,False,0,0,0,8,0.0
9781,Paid Ads,2025-02-13,,False,True,0,0,0,12,0.0
9782,Paid Ads,2025-02-02,,True,False,0,0,0,12,0.0
9783,Organic Search,2025-05-12,2025-05-19,True,False,2,3,3,6,267.76
9784,Organic Search,2025-01-10,2025-01-11,False,True,4,10,15,6,1164.91
9785,Paid Ads,2025-06-23,,False,True,0,0,0,12,0.0
9786,Organic Search,2025-03-09,2025-03-20,False,True,4,9,14,6,651.47
9787,Paid Ads,2025-04-14,,False,True,0,0,0,12,0.0
9788,Paid Ads,2025-03-22,,False,True,0,0,0,12,0.0
9789,Social Media,2025-04-10,,False,True,0,0,0,8,0.0
9790,Organic Search,2025-03-28,2025-03-31,False,True,7,10,14,6,1233.29
9791,Paid Ads,2025-02-12,,True,False,0,0,0,12,0.0
9792,Referrals,2025-04-26,2025-05-08,False,True,5,7,11,4,761.15
9793,Referrals,2025-05-25,2025-06-04,False,True,5,9,10,4,779.81
9794,Organic Search,2025-02-02,,True,False,0,0,0,6,0.0
9795,Organic Search,2025-03-25,2025-04-02,True,False,1,1,1,6,73.35
9796,Referrals,2025-04-06,2025-04-16,False,True,6,7,12,4,940.25
9797,Social Media,2025-01-22,2025-01-30,True,False,1,2,2,8,86.94
9798,Referrals,2025-01-31,2025-02-03,False,True,2,4,7,4,552.54
9799,Organic Search,2025-01-15,,True,False,0,0,0,6,0.0
9800,Paid Ads,2025-04-23,,True,False,0,0,0,12,0.0
9801,Referrals,2025-03-24,,True,False,0,0,0,4,0.0
9802,Organic Search,2025-04-02,2025-04-15,True,False,3,4,4,6,345.44
9803,Paid Ads,2025-05-05,,False,True,0,0,0,12,0.0
9804,Social Media,2025-02-09,,False,True,0,0,0,8,0.0
9805,Referrals,2025-05-15,2025-05-26,False,True,6,7,12,4,1455.73
9806,Organic Search,2025-03-01,2025-03-13,False,True,1,5,11,6,797.78
9807,Paid Ads,2025-04-15,2025-04-24,True,False,1,1,1,12,52.47
9808,Paid Ads,2025-06-10,2025-06-12,True,False,3,4,4,12,275.7
9809,Social Media,2025-04-24,2025-04-29,True,False,3,3,3,8,113.8
9810,Organic Search,2025-01-08,2025-01-13,False,True,7,13,14,6,975.11
9811,Organic Search,2025-02-24,2025-03-03,True,False,2,3,3,6,180.56
9812,Organic Search,2025-06-17,2025-06-26,False,True,4,5,6,6,494.74
9813,Referrals,2025-03-26,,True,False,0,0,0,4,0.0
9814,Referrals,2025-02-12,2025-02-17,False,True,2,4,8,4,866.94
9815,Social Media,2025-02-13,,True,False,0,0,0,8,0.0
9816,Paid Ads,2025-03-15,,False,True,0,0,0,12,0.0
9817,Organic Search,2025-02-08,2025-02-19,False,True,1,7,12,6,872.76
9818,Organic Search,2025-01-18,2025-01-28,False,True,2,8,14,6,1288.36
9819,Paid Ads,2025-04-20,,False,True,0,0,0,12,0.0
9820,Paid Ads,2025-02-15,,True,False,0,0,0,12,0.0
9821,Paid Ads,2025-02-05,2025-02-08,True,False,2,2,2,12,84.58
9822,Paid Ads,2025-01-08,,False,True,0,0,0,12,0.0
9823,Organic Search,2025-02-14,2025-02-20,True,False,3,4,4,6,284.47
9824,Paid Ads,2025-05-04,,False,True,0,0,0,12,0.0
9825,Social Media,2025-06-08,,True,False,0,0,0,8,0.0
9826,Paid Ads,2025-04-05,2025-04-13,True,False,3,3,3,12,131.82
9827,Paid Ads,2025-01-04,2025-01-08,True,False,2,2,2,12,86.16
9828,Social Media,2025-06-08,2025-06-10,True,False,1,2,2,8,72.46
9829,Organic Search,2025-06-13,,False,True,0,0,0,6,0.0
9830,Paid Ads,2025-02-13,2025-02-16,False,True,6,11,17,12,838.97
9831,Paid Ads,2025-03-16,2025-03-27,True,False,1,1,1,12,36.09
9832,Organic Search,2025-06-04,2025-06-09,True,False,1,2,2,6,169.55
9833,Referrals,2025-03-14,2025-03-22,False,True,7,14,19,4,1852.0
9834,Organic Search,2025-05-23,2025-06-06,False,True,2,7,9,6,544.0
9835,Referrals,2025-01-11,2025-01-24,False,True,3,10,16,4,1734.55
9836,Organic Search,2025-06-22,2025-06-30,True,False,3,3,3,6,280.27
9837,Paid Ads,2025-03-18,2025-03-20,True,False,1,2,2,12,81.02
9838,Referrals,2025-06-10,2025-06-22,False,True,6,9,15,4,1572.96
9839,Organic Search,2025-01-20,2025-02-01,False,True,7,14,16,6,1070.37
9840,Social Media,2025-06-27,,False,True,0,0,0,8,0.0
9841,Social Media,2025-01-08,2025-01-13,False,True,5,12,16,8,527.0
9842,Referrals,2025-04-01,,False,True,0,0,0,4,0.0
9843,Paid Ads,2025-02-05,,True,False,0,0,0,12,0.0
9844,Paid Ads,2025-05-10,,True,False,0,0,0,12,0.0
9845,Referrals,2025-03-12,,False,True,0,0,0,4,0.0
9846,Social Media,2025-04-15,2025-04-18,True,False,1,1,1,8,43.92
9847,Referrals,2025-04-28,2025-05-03,True,False,2,2,2,4,195.42
9848,Referrals,2025-05-14,,False,True,0,0,0,4,0.0
9849,Organic Search,2025-03-25,2025-03-28,False,True,1,5,10,6,688.63
9850,Paid Ads,2025-06-02,,False,True,0,0,0,12,0.0
9851,Paid Ads,2025-06-22,2025-06-29,True,False,1,1,1,12,52.8
9852,Paid Ads,2025-02-05,,True,False,0,0,0,12,0.0
9853,Organic Search,2025-01-07,2025-01-16,True,False,2,2,2,6,174.97
9854,Referrals,2025-01-06,,False,True,0,0,0,4,0.0
9855,Social Media,2025-04-19,2025-04-22,True,False,3,3,3,8,138.83
9856,Paid Ads,2025-02-08,2025-02-12,True,False,1,1,1,12,62.83
9857,Paid Ads,2025-04-26,,False,True,0,0,0,12,0.0
9858,Paid Ads,2025-05-16,,False,True,0,0,0,12,0.0
9859,Social Media,2025-06-09,,True,False,0,0,0,8,0.0
9860,Paid Ads,2025-01-15,2025-01-17,True,False,1,1,1,12,42.34
9861,Social Media,2025-05-01,,True,False,0,0,0,8,0.0
9862,Paid Ads,2025-04-22,2025-05-05,True,False,2,2,2,12,93.18
9863,Paid Ads,2025-03-03,,True,False,0,0,0,12,0.0
9864,Paid Ads,2025-06-21,,False,True,0,0,0,12,0.0
9865,Social Media,2025-01-05,2025-01-12,True,False,1,2,2,8,111.43
9866,Paid Ads,2025-06-01,,False,True,0,0,0,12,0.0
9867,Paid Ads,2025-06-16,,True,False,0,0,0,12,0.0
9868,Paid Ads,2025-05-16,,True,False,0,0,0,12,0.0
9869,Paid Ads,2025-05-26,,False,True,0,0,0,12,0.0
9870,Social Media,2025-01-22,2025-01-26,True,False,1,1,1,8,32.64
9871,Organic Search,2025-06-18,,False,True,0,0,0,6,0.0
9872,Referrals,2025-06-12,2025-06-16,True,False,1,1,1,4,109.38
9873,Paid Ads,2025-05-20,,True,False,0,0,0,12,0.0
9874,Paid Ads,2025-05-12,,False,True,0,0,0,12,0.0
9875,Social Media,2025-06-01,2025-06-15,True,False,1,2,2,8,77.13
9876,Paid Ads,2025-03-17,,True,False,0,0,0,12,0.0
9877,Referrals,2025-06-06,2025-06-13,False,True,5,8,9,4,661.98
9878,Paid Ads,2025-01-27,2025-02-03,False,True,2,4,5,12,191.83
9879,Social Media,2025-05-09,,True,False,0,0,0,8,0.0
9880,Referrals,2025-03-21,2025-03-27,False,True,6,11,18,4,1912.42
9881,Organic Search,2025-05-10,,False,True,0,0,0,6,0.0
9882,Paid Ads,2025-02-02,2025-02-09,False,True,6,10,14,12,881.91
9883,Organic Search,2025-01-02,,False,True,0,0,0,6,0.0
9884,Paid Ads,2025-05-28,,False,True,0,0,0,12,0.0
9885,Paid Ads,2025-05-23,2025-06-05,False,True,6,8,9,12,322.67
9886,Paid Ads,2025-02-03,2025-02-04,True,False,3,3,3,12,132.39
9887,Social Media,2025-01-31,2025-02-03,True,False,2,2,2,8,86.83
9888,Paid Ads,2025-05-01,,True,False,0,0,0,12,0.0
9889,Referrals,2025-01-29,2025-02-12,False,True,3,10,15,4,1641.64
9890,Organic Search,2025-06-29,,False,True,0,0,0,6,0.0
9891,Organic Search,2025-06-24,2025-07-08,False,True,2,6,11,6,906.98
9892,Organic Search,2025-02-28,,False,True,0,0,0,6,0.0
9893,Social Media,2025-06-08,,False,True,0,0,0,8,0.0
9894,Paid Ads,2025-06-07,2025-06-21,True,False,2,3,3,12,116.91
9895,Referrals,2025-01-17,2025-01-29,True,False,2,3,3,4,260.15
9896,Referrals,2025-03-28,2025-04-10,False,True,3,9,11,4,1183.65
9897,Paid Ads,2025-06-01,2025-06-04,False,True,3,7,8,12,241.12
9898,Organic Search,2025-06-10,2025-06-21,False,True,6,9,14,6,364.33
9899,Organic Search,2025-03-13,,False,True,0,0,0,6,0.0
9900,Organic Search,2025-05-16,2025-05-21,True,False,3,3,3,6,236.32
9901,Organic Search,2025-03-21,,False,True,0,0,0,6,0.0
9902,Paid Ads,2025-03-29,,True,False,0,0,0,12,0.0
9903,Paid Ads,2025-04-13,,True,False,0,0,0,12,0.0
9904,Social Media,2025-05-04,2025-05-11,False,True,6,12,18,8,585.77
9905,Social Media,2025-03-16,2025-03-25,False,True,7,12,14,8,412.84
9906,Social Media,2025-01-23,2025-01-31,True,False,3,4,4,8,117.96
9907,Paid Ads,2025-04-14,2025-04-19,True,False,3,3,3,12,166.69
9908,Organic Search,2025-03-06,2025-03-19,False,True,5,8,9,6,521.31
9909,Social Media,2025-04-17,,False,True,0,0,0,8,0.0
9910,Social Media,2025-02-04,2025-02-16,True,False,1,2,2,8,94.85
9911,Organic Search,2025-02-20,2025-02-25,False,True,1,2,8,6,685.61
9912,Paid Ads,2025-02-17,,True,False,0,0,0,12,0.0
9913,Referrals,2025-03-12,2025-03-13,False,True,5,7,9,4,850.49
9914,Referrals,2025-03-12,,False,True,0,0,0,4,0.0
9915,Organic Search,2025-06-08,2025-06-22,True,False,2,3,3,6,242.25
9916,Organic Search,2025-03-01,,False,True,0,0,0,6,0.0
9917,Paid Ads,2025-05-06,2025-05-14,True,False,3,4,4,12,194.34
9918,Social Media,2025-03-16,,True,False,0,0,0,8,0.0
9919,Paid Ads,2025-02-17,,True,False,0,0,0,12,0.0
9920,Paid Ads,2025-03-20,2025-04-03,True,False,3,3,3,12,164.04
9921,Social Media,2025-06-16,,True,False,0,0,0,8,0.0
9922,Social Media,2025-03-12,2025-03-23,True,False,2,3,3,8,143.22
9923,Paid Ads,2025-02-09,,True,False,0,0,0,12,0.0
9924,Paid Ads,2025-03-08,,True,False,0,0,0,12,0.0
9925,Paid Ads,2025-05-07,,True,False,0,0,0,12,0.0
9926,Social Media,2025-02-11,,True,False,0,0,0,8,0.0
9927,Paid Ads,2025-01-06,,True,False,0,0,0,12,0.0
9928,Referrals,2025-04-24,,False,True,0,0,0,4,0.0
9929,Paid Ads,2025-02-09,,False,True,0,0,0,12,0.0
9930,Referrals,2025-05-23,,False,True,0,0,0,4,0.0
9931,Paid Ads,2025-02-18,,False,True,0,0,0,12,0.0
9932,Organic Search,2025-01-28,2025-02-06,False,True,5,8,15,6,988.3
9933,Referrals,2025-05-26,2025-05-31,False,True,3,8,12,4,902.5
9934,Social Media,2025-01-08,2025-01-17,True,False,1,2,2,8,87.98
9935,Referrals,2025-06-23,2025-07-02,True,False,3,4,4,4,265.71
9936,Social Media,2025-02-21,,True,False,0,0,0,8,0.0
9937,Paid Ads,2025-01-19,,False,True,0,0,0,12,0.0
9938,Social Media,2025-04-18,2025-05-01,False,True,7,9,13,8,456.92
9939,Referrals,2025-05-10,2025-05-20,True,False,1,2,2,4,169.36
9940,Social Media,2025-01-19,,True,False,0,0,0,8,0.0
9941,Paid Ads,2025-03-16,,True,False,0,0,0,12,0.0
9942,Referrals,2025-04-01,2025-04-10,False,True,2,9,10,4,962.59
9943,Organic Search,2025-04-24,,False,True,0,0,0,6,0.0
9944,Social Media,2025-02-01,2025-02-06,True,False,3,4,4,8,150.33
9945,Paid Ads,2025-04-05,2025-04-15,False,True,2,7,13,12,392.42
9946,Social Media,2025-01-28,2025-02-01,False,True,6,7,13,8,583.63
9947,Referrals,2025-05-11,2025-05-17,False,True,3,5,7,4,847.05
9948,Social Media,2025-01-26,,False,True,0,0,0,8,0.0
9949,Organic Search,2025-05-31,2025-06-04,True,False,1,1,1,6,52.42
9950,Organic Search,2025-04-25,,False,True,0,0,0,6,0.0
9951,Paid Ads,2025-05-11,,True,False,0,0,0,12,0.0
9952,Organic Search,2025-01-16,2025-01-26,True,False,3,3,3,6,189.15
9953,Organic Search,2025-02-18,,True,False,0,0,0,6,0.0
9954,Paid Ads,2025-06-24,2025-06-27,False,True,5,12,17,12,769.98
9955,Paid Ads,2025-05-03,2025-05-08,True,False,2,3,3,12,131.98
9956,Paid Ads,2025-02-28,2025-03-12,False,True,4,8,14,12,716.48
9957,Referrals,2025-04-09,2025-04-23,False,True,3,10,16,4,1483.38
9958,Referrals,2025-05-21,2025-06-04,True,False,2,2,2,4,100.54
9959,Paid Ads,2025-04-17,,True,False,0,0,0,12,0.0
9960,Paid Ads,2025-03-20,,False,True,0,0,0,12,0.0
9961,Paid Ads,2025-04-25,,True,False,0,0,0,12,0.0
9962,Organic Search,2025-03-16,2025-03-25,True,False,2,3,3,6,179.82
9963,Paid Ads,2025-02-18,2025-02-20,False,True,4,11,15,12,772.53
9964,Social Media,2025-03-16,2025-03-19,False,True,3,4,5,8,192.81
9965,Paid Ads,2025-04-30,2025-05-14,False,True,5,6,10,12,560.61
9966,Referrals,2025-01-12,2025-01-21,True,False,1,1,1,4,105.33
9967,Paid Ads,2025-02-07,,False,True,0,0,0,12,0.0
9968,Paid Ads,2025-04-17,2025-04-29,False,True,1,6,8,12,330.8
9969,Referrals,2025-04-29,2025-05-10,False,True,5,7,14,4,1265.56
9970,Social Media,2025-04-23,2025-05-05,True,False,1,2,2,8,73.8
9971,Referrals,2025-03-27,2025-04-09,False,True,7,10,16,4,1551.99
9972,Referrals,2025-03-22,2025-03-24,False,True,2,4,10,4,970.98
9973,Paid Ads,2025-06-29,2025-07-07,False,True,1,3,7,12,367.98
9974,Organic Search,2025-04-15,2025-04-21,False,True,6,9,16,6,1376.24
9975,Referrals,2025-04-02,2025-04-04,False,True,5,11,15,4,946.0
9976,Referrals,2025-03-26,2025-04-06,False,True,7,14,20,4,1618.62
9977,Social Media,2025-06-13,,True,False,0,0,0,8,0.0
9978,Paid Ads,2025-04-01,2025-04-03,True,False,2,2,2,12,73.63
9979,Social Media,2025-02-04,2025-02-15,False,True,2,3,6,8,169.35
9980,Referrals,2025-01-23,2025-01-29,False,True,5,9,12,4,1125.0
9981,Social Media,2025-01-23,,True,False,0,0,0,8,0.0
9982,Paid Ads,2025-01-06,2025-01-14,True,False,3,4,4,12,137.42
9983,Referrals,2025-03-10,2025-03-19,False,True,4,11,13,4,991.13
9984,Paid Ads,2025-06-06,,True,False,0,0,0,12,0.0
9985,Paid Ads,2025-01-21,,False,True,0,0,0,12,0.0
9986,Paid Ads,2025-04-22,,True,False,0,0,0,12,0.0
9987,Paid Ads,2025-06-27,2025-07-08,True,False,2,2,2,12,58.29
9988,Organic Search,2025-05-13,2025-05-14,True,False,3,4,4,6,339.53
9989,Social Media,2025-03-09,2025-03-17,True,False,3,3,3,8,96.98
9990,Referrals,2025-04-16,2025-04-23,False,True,5,11,15,4,1204.95
9991,Paid Ads,2025-03-30,,False,True,0,0,0,12,0.0
9992,Paid Ads,2025-01-21,,False,True,0,0,0,12,0.0
9993,Organic Search,2025-02-11,2025-02-21,False,True,4,6,11,6,689.24
9994,Paid Ads,2025-05-24,,True,False,0,0,0,12,0.0
9995,Organic Search,2025-03-06,2025-03-13,False,True,5,7,11,6,858.35
9996,Organic Search,2025-03-20,2025-04-01,True,False,1,1,1,6,60.76
9997,Paid Ads,2025-02-11,,True,False,0,0,0,12,0.0
9998,Social Media,2025-05-31,,True,False,0,0,0,8,0.0
9999,Social Media,2025-04-03,,True,False,0,0,0,8,0.0
10000,Paid Ads,2025-04-06,,True,False,0,0,0,12,0.0
